-- --------------------------------------------------------
-- Host:                         127.0.0.1
-- Versión del servidor:         10.4.6-MariaDB - mariadb.org binary distribution
-- SO del servidor:              Win64
-- HeidiSQL Versión:             11.0.0.5919
-- --------------------------------------------------------

/*!40101 SET @OLD_CHARACTER_SET_CLIENT=@@CHARACTER_SET_CLIENT */;
/*!40101 SET NAMES utf8 */;
/*!50503 SET NAMES utf8mb4 */;
/*!40014 SET @OLD_FOREIGN_KEY_CHECKS=@@FOREIGN_KEY_CHECKS, FOREIGN_KEY_CHECKS=0 */;
/*!40101 SET @OLD_SQL_MODE=@@SQL_MODE, SQL_MODE='NO_AUTO_VALUE_ON_ZERO' */;


-- Volcando estructura de base de datos para cervecero
DROP DATABASE IF EXISTS `cervecero`;
CREATE DATABASE IF NOT EXISTS `cervecero` /*!40100 DEFAULT CHARACTER SET utf8mb4 COLLATE utf8mb4_unicode_ci */;
USE `cervecero`;

-- Volcando estructura para tabla cervecero.estados
DROP TABLE IF EXISTS `estados`;
CREATE TABLE IF NOT EXISTS `estados` (
  `id` int(11) NOT NULL AUTO_INCREMENT,
  `estado` varchar(50) CHARACTER SET utf8mb4 DEFAULT NULL,
  PRIMARY KEY (`id`)
) ENGINE=InnoDB AUTO_INCREMENT=4 DEFAULT CHARSET=utf8mb4 COLLATE=utf8mb4_unicode_ci;

-- Volcando datos para la tabla cervecero.estados: ~3 rows (aproximadamente)
/*!40000 ALTER TABLE `estados` DISABLE KEYS */;
REPLACE INTO `estados` (`id`, `estado`) VALUES
	(1, 'Iniciado'),
	(2, 'Finalizado'),
	(3, 'Fallo');
/*!40000 ALTER TABLE `estados` ENABLE KEYS */;

-- Volcando estructura para tabla cervecero.firmwares
DROP TABLE IF EXISTS `firmwares`;
CREATE TABLE IF NOT EXISTS `firmwares` (
  `version` varchar(10) NOT NULL,
  `fechaSalida` timestamp NOT NULL DEFAULT current_timestamp() ON UPDATE current_timestamp(),
  PRIMARY KEY (`version`)
) ENGINE=InnoDB DEFAULT CHARSET=utf8mb4;

-- Volcando datos para la tabla cervecero.firmwares: ~8 rows (aproximadamente)
/*!40000 ALTER TABLE `firmwares` DISABLE KEYS */;
REPLACE INTO `firmwares` (`version`, `fechaSalida`) VALUES
	('1.0.0', '2020-03-28 17:44:39'),
	('1.0.1', '2020-03-28 17:44:44'),
	('1.0.2', '2020-03-28 23:51:53'),
	('1.0.3', '2020-03-29 14:50:19'),
	('1.0.4', '2020-03-29 15:26:33'),
	('1.0.5', '2020-04-01 12:10:22'),
	('1.0.6', '2020-04-06 17:01:33'),
	('1.0.7', '2020-07-11 15:32:33');
/*!40000 ALTER TABLE `firmwares` ENABLE KEYS */;

-- Volcando estructura para tabla cervecero.info
DROP TABLE IF EXISTS `info`;
CREATE TABLE IF NOT EXISTS `info` (
  `IDplaca` int(11) NOT NULL AUTO_INCREMENT,
  `receta` int(11) DEFAULT NULL,
  `proceso` int(11) DEFAULT NULL,
  `pasoProceso` int(11) DEFAULT NULL,
  `estado` int(11) DEFAULT NULL,
  `tiempoRestante` int(11) DEFAULT NULL,
  `porcentaje` tinyint(4) DEFAULT NULL,
  PRIMARY KEY (`IDplaca`),
  KEY `FK_info_recetas` (`receta`),
  KEY `FK_info_procesos` (`proceso`),
  KEY `FK_info_estados` (`estado`),
  CONSTRAINT `FK_info_estados` FOREIGN KEY (`estado`) REFERENCES `estados` (`id`) ON DELETE NO ACTION ON UPDATE CASCADE,
  CONSTRAINT `FK_info_placas` FOREIGN KEY (`IDplaca`) REFERENCES `placas` (`IDplaca`) ON DELETE CASCADE ON UPDATE CASCADE,
  CONSTRAINT `FK_info_procesos` FOREIGN KEY (`proceso`) REFERENCES `procesos` (`id`) ON DELETE NO ACTION ON UPDATE CASCADE,
  CONSTRAINT `FK_info_recetas` FOREIGN KEY (`receta`) REFERENCES `recetas` (`ID`) ON DELETE NO ACTION ON UPDATE CASCADE
) ENGINE=InnoDB AUTO_INCREMENT=19 DEFAULT CHARSET=utf8mb4;

-- Volcando datos para la tabla cervecero.info: ~1 rows (aproximadamente)
/*!40000 ALTER TABLE `info` DISABLE KEYS */;
REPLACE INTO `info` (`IDplaca`, `receta`, `proceso`, `pasoProceso`, `estado`, `tiempoRestante`, `porcentaje`) VALUES
	(1, 1, 1, 1, 2, 0, 100);
/*!40000 ALTER TABLE `info` ENABLE KEYS */;

-- Volcando estructura para tabla cervecero.log
DROP TABLE IF EXISTS `log`;
CREATE TABLE IF NOT EXISTS `log` (
  `ID` int(11) NOT NULL AUTO_INCREMENT,
  `IDplaca` int(11) DEFAULT NULL,
  `receta` int(11) DEFAULT NULL,
  `time` timestamp NOT NULL DEFAULT current_timestamp() ON UPDATE current_timestamp(),
  `proceso` int(11) DEFAULT NULL,
  `pasoProceso` int(11) DEFAULT NULL,
  `estado` int(11) DEFAULT NULL,
  `tiempoRestante` int(11) DEFAULT NULL,
  `porcentaje` tinyint(4) DEFAULT NULL,
  PRIMARY KEY (`ID`),
  KEY `estado` (`estado`),
  KEY `proceso` (`proceso`),
  KEY `placaID` (`IDplaca`) USING BTREE,
  KEY `FK_log_recetas` (`receta`),
  CONSTRAINT `FK_log_estados` FOREIGN KEY (`estado`) REFERENCES `estados` (`id`) ON DELETE NO ACTION ON UPDATE CASCADE,
  CONSTRAINT `FK_log_placas` FOREIGN KEY (`IDplaca`) REFERENCES `placas` (`IDplaca`) ON DELETE NO ACTION ON UPDATE CASCADE,
  CONSTRAINT `FK_log_procesos` FOREIGN KEY (`proceso`) REFERENCES `procesos` (`id`) ON DELETE NO ACTION ON UPDATE CASCADE,
  CONSTRAINT `FK_log_recetas` FOREIGN KEY (`receta`) REFERENCES `recetas` (`ID`) ON DELETE NO ACTION ON UPDATE CASCADE
) ENGINE=InnoDB AUTO_INCREMENT=726 DEFAULT CHARSET=utf8mb4;

-- Volcando datos para la tabla cervecero.log: ~652 rows (aproximadamente)
/*!40000 ALTER TABLE `log` DISABLE KEYS */;
REPLACE INTO `log` (`ID`, `IDplaca`, `receta`, `time`, `proceso`, `pasoProceso`, `estado`, `tiempoRestante`, `porcentaje`) VALUES
	(70, 1, 1, '2020-03-23 02:27:46', 1, 1, 1, 120, 0),
	(71, 1, 1, '2020-03-23 13:31:05', 1, 1, 2, 120, 96),
	(72, 1, 1, '2020-03-23 13:38:32', 1, 1, 1, 120, 96),
	(73, 1, 1, '2020-03-23 19:32:02', 1, 1, 1, 30, 96),
	(74, 1, 1, '2020-03-24 20:25:44', 1, 1, 1, 30, 50),
	(79, 1, 1, '2020-03-24 21:21:25', 1, 1, 2, 0, 100),
	(80, 1, 1, '2020-03-26 19:32:49', 1, 1, 1, 0, 0),
	(81, 1, 1, '2020-03-26 19:32:57', 1, 1, 1, 55, 6),
	(82, 1, 1, '2020-03-26 19:33:01', 1, 1, 1, 50, 16),
	(83, 1, 1, '2020-03-26 19:33:06', 1, 1, 1, 45, 25),
	(84, 1, 1, '2020-03-26 19:33:11', 1, 1, 1, 40, 33),
	(85, 1, 1, '2020-03-26 19:33:17', 1, 1, 1, 35, 40),
	(86, 1, 1, '2020-03-26 19:33:21', 1, 1, 1, 30, 50),
	(87, 1, 1, '2020-03-26 19:50:15', 1, 1, 1, 25, 56),
	(88, 1, 1, '2020-03-26 19:50:20', 1, 1, 1, 20, 66),
	(89, 1, 1, '2020-03-26 19:50:24', 1, 1, 1, 15, 73),
	(90, 1, 1, '2020-03-26 19:50:30', 1, 1, 1, 10, 81),
	(91, 1, 1, '2020-03-26 19:50:34', 1, 1, 1, 5, 91),
	(92, 1, 1, '2020-03-26 19:50:52', 1, 1, 2, 0, 100),
	(93, 1, 1, '2020-03-26 19:51:57', 1, 2, 1, 0, 0),
	(94, 1, 1, '2020-03-26 19:52:05', 1, 2, 1, 295, 1),
	(95, 1, 1, '2020-03-26 19:52:11', 1, 2, 1, 290, 3),
	(96, 1, 1, '2020-03-26 19:52:15', 1, 2, 1, 285, 5),
	(97, 1, 1, '2020-03-26 19:52:20', 1, 2, 1, 280, 6),
	(98, 1, 1, '2020-03-26 19:52:27', 1, 2, 1, 275, 8),
	(99, 1, 1, '2020-03-26 19:52:34', 1, 2, 1, 270, 9),
	(100, 1, 1, '2020-03-26 19:52:36', 1, 2, 1, 264, 12),
	(101, 1, 1, '2020-03-26 19:52:41', 1, 2, 1, 259, 13),
	(102, 1, 1, '2020-03-26 19:52:46', 1, 2, 1, 254, 15),
	(103, 1, 1, '2020-03-26 19:52:52', 1, 2, 1, 249, 16),
	(104, 1, 1, '2020-03-26 19:52:56', 1, 2, 1, 244, 18),
	(105, 1, 1, '2020-03-26 19:53:01', 1, 2, 1, 239, 20),
	(106, 1, 1, '2020-03-26 19:53:06', 1, 2, 1, 234, 22),
	(107, 1, 1, '2020-03-26 19:53:12', 1, 2, 1, 229, 23),
	(108, 1, 1, '2020-03-26 19:53:17', 1, 2, 1, 224, 25),
	(109, 1, 1, '2020-03-26 19:53:21', 1, 2, 1, 219, 27),
	(110, 1, 1, '2020-03-26 19:53:26', 1, 2, 1, 214, 28),
	(111, 1, 1, '2020-03-26 19:53:40', 1, 2, 1, 209, 30),
	(112, 1, 1, '2020-03-26 19:53:47', 1, 2, 1, 204, 32),
	(113, 1, 1, '2020-03-26 19:53:50', 1, 2, 1, 199, 33),
	(114, 1, 1, '2020-03-26 19:54:35', 1, 2, 1, 194, 35),
	(115, 1, 1, '2020-03-26 19:54:40', 1, 2, 1, 189, 37),
	(116, 1, 1, '2020-03-26 19:54:45', 1, 2, 1, 184, 38),
	(117, 1, 1, '2020-03-26 19:54:51', 1, 2, 1, 179, 40),
	(118, 1, 1, '2020-03-26 19:54:55', 1, 2, 1, 174, 42),
	(119, 1, 1, '2020-03-26 19:55:00', 1, 2, 1, 169, 43),
	(120, 1, 1, '2020-03-26 19:55:05', 1, 2, 1, 164, 45),
	(121, 1, 1, '2020-03-26 19:55:11', 1, 2, 1, 159, 46),
	(122, 1, 1, '2020-03-26 19:55:16', 1, 2, 1, 154, 48),
	(123, 1, 1, '2020-03-26 19:55:20', 1, 2, 1, 149, 50),
	(124, 1, 1, '2020-03-26 19:55:25', 1, 2, 1, 144, 52),
	(125, 1, 1, '2020-03-26 19:55:30', 1, 2, 1, 139, 53),
	(126, 1, 1, '2020-03-26 19:55:35', 1, 2, 1, 134, 55),
	(127, 1, 1, '2020-03-26 19:55:40', 1, 2, 1, 129, 57),
	(128, 1, 1, '2020-03-26 19:55:45', 1, 2, 1, 124, 58),
	(129, 1, 1, '2020-03-26 19:56:29', 1, 2, 1, 119, 60),
	(130, 1, 1, '2020-03-26 19:56:35', 1, 2, 1, 114, 61),
	(131, 1, 1, '2020-03-26 19:56:39', 1, 2, 1, 109, 63),
	(132, 1, 1, '2020-03-26 19:56:44', 1, 2, 1, 104, 65),
	(133, 1, 1, '2020-03-26 19:56:49', 1, 2, 1, 99, 67),
	(134, 1, 1, '2020-03-26 19:56:55', 1, 2, 1, 94, 68),
	(135, 1, 1, '2020-03-26 19:56:59', 1, 2, 1, 89, 70),
	(136, 1, 1, '2020-03-26 19:57:04', 1, 2, 1, 84, 72),
	(137, 1, 1, '2020-03-26 19:57:18', 1, 2, 1, 79, 73),
	(138, 1, 1, '2020-03-26 19:57:21', 1, 2, 1, 68, 77),
	(139, 1, 1, '2020-03-26 19:57:25', 1, 2, 1, 63, 79),
	(140, 1, 1, '2020-03-26 19:57:32', 1, 2, 1, 58, 80),
	(141, 1, 1, '2020-03-26 19:57:35', 1, 2, 1, 53, 82),
	(142, 1, 1, '2020-03-26 19:57:40', 1, 2, 1, 48, 84),
	(143, 1, 1, '2020-03-26 19:57:45', 1, 2, 1, 43, 85),
	(144, 1, 1, '2020-03-26 19:57:51', 1, 2, 1, 38, 87),
	(145, 1, 1, '2020-03-26 19:57:55', 1, 2, 1, 33, 89),
	(146, 1, 1, '2020-03-26 19:58:00', 1, 2, 1, 28, 90),
	(147, 1, 1, '2020-03-26 19:58:05', 1, 2, 1, 23, 92),
	(148, 1, 1, '2020-03-26 19:58:10', 1, 2, 1, 18, 94),
	(149, 1, 1, '2020-03-26 19:58:16', 1, 2, 1, 13, 95),
	(150, 1, 1, '2020-03-26 19:58:29', 1, 2, 1, 8, 97),
	(151, 1, 1, '2020-03-26 19:58:34', 1, 2, 1, 3, 99),
	(152, 1, 1, '2020-03-26 19:58:38', 1, 2, 2, 0, 100),
	(153, 1, 1, '2020-03-26 19:58:57', 1, 1, 1, 0, 0),
	(154, 1, 1, '2020-03-26 19:59:05', 1, 1, 1, 55, 6),
	(155, 1, 1, '2020-03-26 19:59:10', 1, 1, 1, 50, 16),
	(156, 1, 1, '2020-03-26 19:59:16', 1, 1, 1, 45, 23),
	(157, 1, 1, '2020-03-26 19:59:20', 1, 1, 1, 40, 33),
	(158, 1, 1, '2020-03-26 19:59:25', 1, 1, 1, 35, 41),
	(159, 1, 1, '2020-03-26 19:59:30', 1, 1, 1, 30, 50),
	(160, 1, 1, '2020-03-26 19:59:36', 1, 1, 1, 25, 56),
	(161, 1, 1, '2020-03-26 19:59:51', 1, 1, 1, 20, 65),
	(162, 1, 1, '2020-03-26 19:59:55', 1, 1, 1, 15, 73),
	(163, 1, 1, '2020-03-26 20:00:01', 1, 1, 1, 10, 81),
	(164, 1, 1, '2020-03-26 20:00:05', 1, 1, 1, 5, 91),
	(165, 1, 1, '2020-03-26 20:00:11', 1, 1, 2, 0, 100),
	(166, 1, 1, '2020-03-26 20:29:04', 4, 0, 1, 0, 100),
	(167, 1, 1, '2020-03-26 20:49:21', 1, 1, 1, 515, 0),
	(168, 1, 1, '2020-03-26 20:49:28', 1, 1, 1, 55, 6),
	(169, 1, 1, '2020-03-26 20:49:29', 1, 1, 3, 55, 100),
	(170, 1, 1, '2020-03-26 21:17:45', 4, 0, 1, 0, 0),
	(171, 1, 1, '2020-03-26 21:48:05', 4, 0, 3, 105, 100),
	(172, 1, 1, '2020-03-26 22:20:01', 4, 0, 1, 0, 0),
	(173, 1, 1, '2020-03-26 22:40:39', 4, 0, 3, 225, 100),
	(174, 1, 1, '2020-03-26 23:32:04', 3, 4, 1, 225, 0),
	(175, 1, 1, '2020-03-26 23:32:09', 3, 4, 2, -2862, 100),
	(176, 1, 1, '2020-03-26 23:39:06', 3, 1, 1, -2862, 0),
	(177, 1, 1, '2020-03-26 23:39:11', 3, 1, 2, -3284, 100),
	(178, 1, 1, '2020-03-26 23:47:35', 1, 7, 1, 0, 0),
	(179, 1, 1, '2020-03-26 23:47:39', 1, 7, 2, 0, 100),
	(180, 1, 1, '2020-03-26 23:47:51', 3, 1, 1, 0, 0),
	(181, 1, 1, '2020-03-26 23:47:58', 3, 1, 1, 7889245, 0),
	(182, 1, 1, '2020-03-26 23:48:04', 3, 1, 1, 7889240, 0),
	(183, 1, 1, '2020-03-26 23:48:09', 3, 1, 1, 7889235, 0),
	(184, 1, 1, '2020-03-26 23:48:13', 3, 1, 1, 7889230, 0),
	(185, 1, 1, '2020-03-26 23:48:18', 3, 1, 1, 7889225, 0),
	(186, 1, 1, '2020-03-26 23:48:24', 3, 1, 1, 7889220, 0),
	(187, 1, 1, '2020-03-26 23:48:28', 3, 1, 1, 7889215, 0),
	(188, 1, 1, '2020-03-26 23:48:35', 3, 1, 1, 7889210, 0),
	(189, 1, 1, '2020-03-26 23:48:41', 3, 1, 1, 7889205, 0),
	(190, 1, 1, '2020-03-26 23:48:44', 3, 1, 1, 7889200, 0),
	(191, 1, 1, '2020-03-26 23:48:49', 3, 1, 1, 7889195, 0),
	(192, 1, 1, '2020-03-26 23:48:55', 3, 1, 1, 7889190, 0),
	(193, 1, 1, '2020-03-26 23:48:59', 3, 1, 1, 7889185, 0),
	(194, 1, 1, '2020-03-26 23:49:04', 3, 1, 1, 7889180, 0),
	(195, 1, 1, '2020-03-26 23:49:08', 3, 1, 1, 7889175, 0),
	(196, 1, 1, '2020-03-26 23:49:13', 3, 1, 1, 7889170, 0),
	(197, 1, 1, '2020-03-26 23:49:19', 3, 1, 1, 7889165, 0),
	(198, 1, 1, '2020-03-26 23:49:24', 3, 1, 1, 7889160, 0),
	(199, 1, 1, '2020-03-26 23:49:28', 3, 1, 1, 7889155, 0),
	(200, 1, 1, '2020-03-26 23:49:35', 3, 1, 1, 7889150, 0),
	(201, 1, 1, '2020-03-26 23:49:40', 3, 1, 1, 7889145, 0),
	(202, 1, 1, '2020-03-26 23:49:44', 3, 1, 1, 7889140, 0),
	(203, 1, 1, '2020-03-26 23:49:48', 3, 1, 1, 7889135, 0),
	(204, 1, 1, '2020-03-26 23:49:56', 3, 1, 1, 7889130, 0),
	(205, 1, 1, '2020-03-26 23:49:59', 3, 1, 1, 7889124, 0),
	(206, 1, 1, '2020-03-26 23:50:05', 3, 1, 1, 7889119, 0),
	(207, 1, 1, '2020-03-26 23:50:10', 3, 1, 1, 7889114, 0),
	(208, 1, 1, '2020-03-26 23:50:16', 3, 1, 1, 7889109, 0),
	(209, 1, 1, '2020-03-26 23:50:27', 3, 1, 1, 7889104, 0),
	(210, 1, 1, '2020-03-26 23:50:31', 3, 1, 1, 7889094, 0),
	(211, 1, 1, '2020-03-26 23:50:40', 3, 1, 1, 7889089, 0),
	(212, 1, 1, '2020-03-26 23:50:45', 3, 1, 1, 7889080, 0),
	(213, 1, 1, '2020-03-26 23:50:48', 3, 1, 1, 7889075, 0),
	(214, 1, 1, '2020-03-26 23:51:00', 3, 1, 1, 7889070, 0),
	(215, 1, 1, '2020-03-26 23:51:03', 3, 1, 1, 7889061, 0),
	(216, 1, 1, '2020-03-26 23:51:08', 3, 1, 1, 7889056, 0),
	(217, 1, 1, '2020-03-26 23:51:12', 3, 1, 1, 7889051, 0),
	(218, 1, 1, '2020-03-26 23:51:17', 3, 1, 1, 7889046, 0),
	(219, 1, 1, '2020-03-26 23:51:22', 3, 1, 1, 7889041, 0),
	(220, 1, 1, '2020-03-26 23:51:28', 3, 1, 1, 7889036, 0),
	(221, 1, 1, '2020-03-26 23:51:33', 3, 1, 1, 7889031, 0),
	(222, 1, 1, '2020-03-26 23:51:37', 3, 1, 1, 7889026, 0),
	(223, 1, 1, '2020-03-26 23:51:42', 3, 1, 1, 7889021, 0),
	(224, 1, 1, '2020-03-26 23:51:47', 3, 1, 1, 7889016, 0),
	(225, 1, 1, '2020-03-26 23:51:55', 3, 1, 1, 7889011, 0),
	(226, 1, 1, '2020-03-26 23:51:58', 3, 1, 1, 7889005, 0),
	(227, 1, 1, '2020-03-26 23:52:04', 3, 1, 1, 7889000, 0),
	(228, 1, 1, '2020-03-26 23:52:09', 3, 1, 1, 7888995, 0),
	(229, 1, 1, '2020-03-26 23:52:13', 3, 1, 1, 7888990, 0),
	(230, 1, 1, '2020-03-26 23:52:18', 3, 1, 1, 7888985, 0),
	(231, 1, 1, '2020-03-26 23:52:24', 3, 1, 1, 7888979, 0),
	(232, 1, 1, '2020-03-26 23:52:30', 3, 1, 1, 7888974, 0),
	(233, 1, 1, '2020-03-26 23:52:34', 3, 1, 1, 7888969, 0),
	(234, 1, 1, '2020-03-26 23:52:39', 3, 1, 1, 7888964, 0),
	(235, 1, 1, '2020-03-26 23:52:44', 3, 1, 1, 7888959, 0),
	(236, 1, 1, '2020-03-26 23:52:50', 3, 1, 1, 7888954, 0),
	(237, 1, 1, '2020-03-26 23:52:54', 3, 1, 1, 7888949, 0),
	(238, 1, 1, '2020-03-26 23:52:59', 3, 1, 1, 7888944, 0),
	(239, 1, 1, '2020-03-26 23:53:04', 3, 1, 1, 7888939, 0),
	(240, 1, 1, '2020-03-26 23:53:10', 3, 1, 1, 7888934, 0),
	(241, 1, 1, '2020-03-26 23:53:15', 3, 1, 1, 7888929, 0),
	(242, 1, 1, '2020-03-26 23:53:19', 3, 1, 1, 7888924, 0),
	(243, 1, 1, '2020-03-26 23:53:24', 3, 1, 1, 7888919, 0),
	(244, 1, 1, '2020-03-26 23:53:29', 3, 1, 1, 7888914, 0),
	(245, 1, 1, '2020-03-26 23:53:35', 3, 1, 1, 7888909, 0),
	(246, 1, 1, '2020-03-26 23:53:40', 3, 1, 1, 7888904, 0),
	(247, 1, 1, '2020-03-26 23:53:44', 3, 1, 1, 7888899, 0),
	(248, 1, 1, '2020-03-26 23:53:49', 3, 1, 1, 7888894, 0),
	(249, 1, 1, '2020-03-26 23:53:55', 3, 1, 1, 7888889, 0),
	(250, 1, 1, '2020-03-26 23:54:00', 3, 1, 1, 7888884, 0),
	(251, 1, 1, '2020-03-26 23:54:04', 3, 1, 1, 7888879, 0),
	(252, 1, 1, '2020-03-26 23:54:09', 3, 1, 1, 7888874, 0),
	(253, 1, 1, '2020-03-26 23:54:15', 3, 1, 1, 7888869, 0),
	(254, 1, 1, '2020-03-26 23:54:20', 3, 1, 1, 7888864, 0),
	(255, 1, 1, '2020-03-26 23:54:24', 3, 1, 1, 7888859, 0),
	(256, 1, 1, '2020-03-26 23:54:29', 3, 1, 1, 7888854, 0),
	(257, 1, 1, '2020-03-26 23:54:35', 3, 1, 1, 7888849, 0),
	(258, 1, 1, '2020-03-26 23:54:40', 3, 1, 1, 7888844, 0),
	(259, 1, 1, '2020-03-26 23:54:44', 3, 1, 1, 7888839, 0),
	(260, 1, 1, '2020-03-26 23:54:52', 3, 1, 1, 7888834, 0),
	(261, 1, 1, '2020-03-26 23:54:54', 3, 1, 1, 7888829, 0),
	(262, 1, 1, '2020-03-26 23:54:59', 3, 1, 1, 7888824, 0),
	(263, 1, 1, '2020-03-26 23:55:04', 3, 1, 1, 7888819, 0),
	(264, 1, 1, '2020-03-26 23:55:10', 3, 1, 1, 7888814, 0),
	(265, 1, 1, '2020-03-26 23:55:15', 3, 1, 1, 7888809, 0),
	(266, 1, 1, '2020-03-26 23:55:19', 3, 1, 1, 7888804, 0),
	(267, 1, 1, '2020-03-26 23:55:24', 3, 1, 1, 7888799, 0),
	(268, 1, 1, '2020-03-26 23:55:30', 3, 1, 1, 7888794, 0),
	(269, 1, 1, '2020-03-26 23:55:35', 3, 1, 1, 7888789, 0),
	(270, 1, 1, '2020-03-26 23:55:39', 3, 1, 1, 7888784, 0),
	(271, 1, 1, '2020-03-26 23:55:44', 3, 1, 1, 7888779, 0),
	(272, 1, 1, '2020-03-26 23:55:50', 3, 1, 1, 7888774, 0),
	(273, 1, 1, '2020-03-26 23:55:55', 3, 1, 1, 7888769, 0),
	(274, 1, 1, '2020-03-26 23:55:55', 3, 1, 3, 7888769, 100),
	(275, 1, 1, '2020-03-26 23:56:15', 3, 1, 1, 7888769, 0),
	(276, 1, 1, '2020-03-26 23:56:21', 3, 1, 1, 7889245, 0),
	(277, 1, 1, '2020-03-26 23:56:36', 3, 1, 1, 7889240, 0),
	(278, 1, 1, '2020-03-26 23:56:42', 3, 1, 1, 7889235, 0),
	(279, 1, 1, '2020-03-26 23:56:47', 3, 1, 1, 7889230, 0),
	(280, 1, 1, '2020-03-26 23:57:03', 3, 1, 1, 7889225, 0),
	(281, 1, 1, '2020-03-26 23:57:12', 3, 1, 1, 7889220, 0),
	(282, 1, 1, '2020-03-26 23:58:19', 3, 1, 1, 7889215, 0),
	(283, 1, 1, '2020-03-26 23:58:22', 3, 1, 1, 7889207, 0),
	(284, 1, 1, '2020-03-26 23:58:27', 3, 1, 1, 7889202, 0),
	(285, 1, 1, '2020-03-26 23:59:09', 3, 1, 1, 7889197, 0),
	(286, 1, 1, '2020-03-26 23:59:16', 3, 1, 1, 7889192, 0),
	(287, 1, 1, '2020-03-26 23:59:23', 3, 1, 1, 7889185, 0),
	(288, 1, 1, '2020-03-26 23:59:35', 3, 1, 1, 7889178, 0),
	(289, 1, 1, '2020-03-26 23:59:39', 3, 1, 1, 7889166, 0),
	(290, 1, 1, '2020-03-26 23:59:42', 3, 1, 1, 7889161, 0),
	(291, 1, 1, '2020-03-26 23:59:47', 3, 1, 1, 7889156, 0),
	(292, 1, 1, '2020-03-26 23:59:52', 3, 1, 1, 7889151, 0),
	(293, 1, 1, '2020-03-26 23:59:58', 3, 1, 1, 7889146, 0),
	(294, 1, 1, '2020-03-27 00:00:03', 3, 1, 1, 7889141, 0),
	(295, 1, 1, '2020-03-27 00:00:07', 3, 1, 1, 7889136, 0),
	(296, 1, 1, '2020-03-27 00:00:15', 3, 1, 1, 7889131, 0),
	(297, 1, 1, '2020-03-27 00:00:17', 3, 1, 1, 7889126, 0),
	(298, 1, 1, '2020-03-27 00:00:22', 3, 1, 1, 7889121, 0),
	(299, 1, 1, '2020-03-27 00:00:27', 3, 1, 1, 7889116, 0),
	(300, 1, 1, '2020-03-27 00:00:33', 3, 1, 1, 7889111, 0),
	(301, 1, 1, '2020-03-27 00:00:38', 3, 1, 1, 7889106, 0),
	(302, 1, 1, '2020-03-27 00:00:44', 3, 1, 1, 7889101, 0),
	(303, 1, 1, '2020-03-27 00:00:45', 3, 1, 3, 7889101, 100),
	(304, 1, 1, '2020-03-27 00:02:11', 2, 1, 1, 0, 0),
	(305, 1, 1, '2020-03-27 00:02:19', 2, 1, 1, 55, 6),
	(306, 1, 1, '2020-03-27 00:02:25', 2, 1, 1, 50, 15),
	(307, 1, 1, '2020-03-27 00:02:29', 2, 1, 1, 45, 25),
	(308, 1, 1, '2020-03-27 00:02:34', 2, 1, 1, 40, 33),
	(309, 1, 1, '2020-03-27 00:02:39', 2, 1, 1, 35, 41),
	(310, 1, 1, '2020-03-27 00:03:02', 2, 1, 1, 30, 48),
	(311, 1, 1, '2020-03-27 00:03:05', 2, 1, 1, 22, 63),
	(312, 1, 1, '2020-03-27 00:03:11', 2, 1, 1, 17, 71),
	(313, 1, 1, '2020-03-27 00:03:23', 2, 1, 1, 12, 80),
	(314, 1, 1, '2020-03-27 00:03:29', 2, 1, 1, 1, 98),
	(315, 1, 1, '2020-03-27 00:03:40', 2, 1, 2, -5, 100),
	(316, 1, 1, '2020-03-28 19:16:50', 1, 1, 1, 0, 0),
	(317, 1, 1, '2020-03-28 19:16:57', 1, 1, 1, 55, 6),
	(318, 1, 1, '2020-03-28 19:17:02', 1, 1, 1, 50, 16),
	(319, 1, 1, '2020-03-28 19:17:07', 1, 1, 1, 45, 25),
	(320, 1, 1, '2020-03-28 19:17:12', 1, 1, 1, 40, 33),
	(321, 1, 1, '2020-03-28 19:17:18', 1, 1, 1, 35, 40),
	(322, 1, 1, '2020-03-28 19:17:22', 1, 1, 1, 30, 50),
	(323, 1, 1, '2020-03-28 19:17:27', 1, 1, 1, 25, 58),
	(324, 1, 1, '2020-03-28 19:17:32', 1, 1, 1, 20, 66),
	(325, 1, 1, '2020-03-28 19:17:36', 1, 1, 1, 15, 75),
	(326, 1, 1, '2020-03-28 19:17:42', 1, 1, 1, 10, 81),
	(327, 1, 1, '2020-03-28 19:17:47', 1, 1, 1, 5, 91),
	(328, 1, 1, '2020-03-28 19:17:53', 1, 1, 2, 0, 100),
	(329, 1, 1, '2020-04-01 12:14:02', 1, 1, 1, 0, 0),
	(330, 1, 1, '2020-04-01 12:14:10', 1, 1, 1, 55, 6),
	(331, 1, 1, '2020-04-01 12:14:15', 1, 1, 1, 50, 16),
	(332, 1, 1, '2020-04-01 12:14:24', 1, 1, 1, 45, 23),
	(333, 1, 1, '2020-04-01 12:14:26', 1, 1, 1, 39, 35),
	(334, 1, 1, '2020-04-01 12:14:46', 1, 1, 1, 34, 41),
	(335, 1, 1, '2020-04-01 12:14:52', 1, 1, 1, 29, 50),
	(336, 1, 1, '2020-04-01 12:14:57', 1, 1, 1, 24, 60),
	(337, 1, 1, '2020-04-01 12:15:01', 1, 1, 1, 19, 68),
	(338, 1, 1, '2020-04-01 12:15:07', 1, 1, 1, 14, 76),
	(339, 1, 1, '2020-04-01 12:15:12', 1, 1, 1, 9, 85),
	(340, 1, 1, '2020-04-01 12:15:16', 1, 1, 1, 4, 91),
	(341, 1, 1, '2020-04-01 12:15:22', 1, 1, 2, 0, 100),
	(342, 1, 1, '2020-04-03 13:49:55', 1, 1, 1, 0, 0),
	(343, 1, 1, '2020-04-03 13:50:03', 1, 1, 1, 55, 6),
	(344, 1, 1, '2020-04-03 13:50:04', 1, 1, 3, 55, 100),
	(345, 1, 1, '2020-04-03 13:50:16', 1, 1, 1, 55, 0),
	(346, 1, 1, '2020-04-03 13:50:24', 1, 1, 1, 55, 6),
	(347, 1, 1, '2020-04-03 13:50:25', 1, 1, 3, 55, 100),
	(348, 1, 1, '2020-04-05 16:57:06', 1, 1, 1, 0, 0),
	(349, 1, 1, '2020-04-05 16:57:15', 1, 1, 1, 55, 6),
	(350, 1, 1, '2020-04-05 16:57:22', 1, 1, 1, 50, 15),
	(351, 1, 1, '2020-04-05 16:57:26', 1, 1, 1, 44, 26),
	(352, 1, 1, '2020-04-05 16:57:31', 1, 1, 1, 39, 33),
	(353, 1, 1, '2020-04-05 16:57:39', 1, 1, 1, 34, 41),
	(354, 1, 1, '2020-04-05 16:57:45', 1, 1, 1, 27, 55),
	(355, 1, 1, '2020-04-05 16:57:48', 1, 1, 1, 21, 65),
	(356, 1, 1, '2020-04-05 16:57:52', 1, 1, 1, 16, 73),
	(357, 1, 1, '2020-04-05 16:57:58', 1, 1, 1, 11, 80),
	(358, 1, 1, '2020-04-05 16:58:03', 1, 1, 1, 6, 90),
	(359, 1, 1, '2020-04-05 16:58:08', 1, 1, 1, 1, 98),
	(360, 1, 1, '2020-04-05 16:58:12', 1, 1, 2, -2, 100),
	(361, 1, 1, '2020-04-05 18:12:24', 1, 2, 1, 0, 0),
	(362, 1, 1, '2020-04-05 18:12:32', 1, 2, 1, 295, 1),
	(363, 1, 1, '2020-04-05 18:12:37', 1, 2, 1, 290, 3),
	(364, 1, 1, '2020-04-05 18:12:43', 1, 2, 1, 285, 4),
	(365, 1, 1, '2020-04-05 18:12:48', 1, 2, 1, 280, 6),
	(366, 1, 1, '2020-04-05 18:12:52', 1, 2, 1, 275, 8),
	(367, 1, 1, '2020-04-05 18:12:57', 1, 2, 1, 270, 10),
	(368, 1, 1, '2020-04-05 18:13:03', 1, 2, 1, 265, 11),
	(369, 1, 1, '2020-04-05 18:13:07', 1, 2, 1, 260, 13),
	(370, 1, 1, '2020-04-05 18:13:12', 1, 2, 1, 255, 15),
	(371, 1, 1, '2020-04-05 18:13:17', 1, 2, 1, 250, 16),
	(372, 1, 1, '2020-04-05 18:13:23', 1, 2, 1, 245, 18),
	(373, 1, 1, '2020-04-05 18:13:27', 1, 2, 1, 240, 20),
	(374, 1, 1, '2020-04-05 18:13:32', 1, 2, 1, 235, 21),
	(375, 1, 1, '2020-04-05 18:13:40', 1, 2, 1, 230, 23),
	(376, 1, 1, '2020-04-05 18:16:02', 1, 2, 1, 172, 42),
	(377, 1, 1, '2020-04-06 12:56:02', 1, 2, 1, 167, 44),
	(378, 1, 1, '2020-04-06 12:56:07', 1, 2, 1, 162, 46),
	(379, 1, 1, '2020-04-06 12:56:16', 1, 2, 1, 157, 47),
	(380, 1, 1, '2020-04-06 12:56:20', 1, 2, 1, 151, 49),
	(381, 1, 1, '2020-04-06 12:56:24', 1, 2, 1, 146, 51),
	(382, 1, 1, '2020-04-06 12:56:29', 1, 2, 1, 141, 53),
	(383, 1, 1, '2020-04-06 12:56:41', 1, 2, 1, 136, 54),
	(384, 1, 1, '2020-04-06 12:56:52', 1, 2, 1, 126, 58),
	(385, 1, 1, '2020-04-06 12:56:58', 1, 2, 1, 114, 62),
	(386, 1, 1, '2020-04-06 12:57:01', 1, 2, 1, 109, 63),
	(387, 1, 1, '2020-04-06 12:57:07', 1, 2, 1, 104, 65),
	(388, 1, 1, '2020-04-06 12:57:15', 1, 2, 1, 99, 66),
	(389, 1, 1, '2020-04-06 12:57:23', 1, 2, 1, 92, 69),
	(390, 1, 1, '2020-04-06 12:57:27', 1, 2, 1, 84, 72),
	(391, 1, 1, '2020-04-06 12:57:51', 1, 2, 1, 62, 79),
	(392, 1, 1, '2020-04-06 12:58:02', 1, 2, 1, 56, 81),
	(393, 1, 1, '2020-04-06 12:58:16', 1, 2, 1, 45, 85),
	(394, 1, 1, '2020-04-06 12:58:19', 1, 2, 1, 31, 89),
	(395, 1, 1, '2020-04-06 12:58:34', 1, 2, 1, 26, 91),
	(396, 1, 1, '2020-04-06 12:58:46', 1, 2, 1, 18, 94),
	(397, 1, 1, '2020-04-06 12:58:49', 1, 2, 1, 1, 99),
	(398, 1, 1, '2020-04-06 12:58:56', 1, 2, 2, -2, 100),
	(399, 1, 1, '2020-04-06 17:10:18', 1, 1, 1, 0, 0),
	(400, 1, 1, '2020-04-06 17:10:30', 1, 1, 1, 55, 6),
	(401, 1, 1, '2020-04-06 17:10:47', 1, 1, 1, 47, 21),
	(402, 1, 1, '2020-04-06 17:10:48', 1, 1, 1, 36, 40),
	(403, 1, 1, '2020-04-06 17:11:02', 1, 1, 1, 18, 70),
	(404, 1, 1, '2020-04-06 17:11:06', 1, 1, 1, 29, 51),
	(405, 1, 1, '2020-04-06 17:11:10', 1, 1, 1, 13, 78),
	(406, 1, 1, '2020-04-06 17:11:18', 1, 1, 1, 7, 88),
	(407, 1, 1, '2020-04-06 17:11:25', 1, 1, 2, -1, 100),
	(408, 1, 1, '2020-04-06 17:11:51', 1, 1, 1, -1, 0),
	(409, 1, 1, '2020-04-06 17:11:58', 1, 1, 1, 55, 6),
	(410, 1, 1, '2020-04-06 17:12:03', 1, 1, 1, 50, 16),
	(411, 1, 1, '2020-04-06 17:12:04', 1, 1, 3, 50, 100),
	(412, 1, 1, '2020-04-06 17:12:11', 1, 1, 1, 50, 0),
	(413, 1, 1, '2020-04-06 17:12:22', 1, 1, 1, 55, 6),
	(414, 1, 1, '2020-04-06 17:14:47', 1, 1, 1, 50, 15),
	(415, 1, 1, '2020-04-06 17:14:48', 1, 1, 3, 50, 100),
	(416, 1, 1, '2020-04-09 00:30:31', 1, 1, 1, 0, 0),
	(417, 1, 1, '2020-04-09 00:30:39', 1, 1, 1, 55, 6),
	(418, 1, 1, '2020-04-09 00:30:45', 1, 1, 1, 50, 15),
	(419, 1, 1, '2020-04-09 00:30:46', 1, 1, 3, 50, 100),
	(420, 1, 1, '2020-04-09 00:31:19', 1, 1, 1, 50, 0),
	(421, 1, 1, '2020-04-09 00:31:27', 1, 1, 1, 55, 6),
	(422, 1, 1, '2020-04-09 00:31:28', 1, 1, 3, 55, 100),
	(423, 1, 1, '2020-04-09 00:32:24', 1, 1, 1, 55, 6),
	(424, 1, 1, '2020-04-09 00:32:26', 1, 1, 1, 55, 0),
	(425, 1, 1, '2020-04-09 00:32:29', 1, 1, 1, 44, 26),
	(426, 1, 1, '2020-04-09 00:32:32', 1, 1, 1, 39, 35),
	(427, 1, 1, '2020-04-09 00:39:27', 1, 1, 1, 34, 41),
	(428, 1, 1, '2020-04-09 00:39:29', 1, 1, 1, 28, 53),
	(429, 1, 1, '2020-04-09 00:39:36', 1, 1, 1, 23, 61),
	(430, 1, 1, '2020-04-09 00:39:39', 1, 1, 1, 18, 68),
	(431, 1, 1, '2020-04-09 00:39:44', 1, 1, 1, 13, 78),
	(432, 1, 1, '2020-04-09 00:39:50', 1, 1, 1, 8, 85),
	(433, 1, 1, '2020-04-09 00:39:58', 1, 1, 1, 3, 95),
	(434, 1, 1, '2020-04-09 00:40:02', 1, 1, 2, -3, 100),
	(435, 1, 1, '2020-04-09 00:47:10', 1, 1, 1, 20, 65),
	(436, 1, 1, '2020-04-09 00:47:15', 1, 1, 1, 15, 75),
	(437, 1, 1, '2020-04-09 00:47:20', 1, 1, 1, 10, 83),
	(438, 1, 1, '2020-04-09 00:47:25', 1, 1, 1, 5, 91),
	(439, 1, 1, '2020-04-09 00:47:31', 1, 1, 2, 0, 100),
	(440, 1, 1, '2020-04-09 11:10:15', 1, 1, 1, 0, 0),
	(441, 1, 1, '2020-04-09 11:10:23', 1, 1, 1, 55, 6),
	(442, 1, 1, '2020-04-09 11:10:28', 1, 1, 1, 50, 16),
	(443, 1, 1, '2020-04-09 11:10:33', 1, 1, 1, 45, 23),
	(444, 1, 1, '2020-04-09 11:10:38', 1, 1, 1, 40, 33),
	(445, 1, 1, '2020-04-09 11:10:43', 1, 1, 1, 35, 41),
	(446, 1, 1, '2020-04-09 11:11:55', 1, 1, 1, 30, 48),
	(447, 1, 1, '2020-04-09 11:11:58', 1, 1, 1, 18, 70),
	(448, 1, 1, '2020-04-09 11:12:23', 1, 1, 2, -3, 100),
	(449, 1, 1, '2020-04-09 11:14:10', 1, 1, 1, 0, 0),
	(450, 1, 1, '2020-04-09 11:14:27', 1, 1, 1, 55, 6),
	(451, 1, 1, '2020-04-09 11:14:38', 1, 1, 1, 43, 28),
	(452, 1, 1, '2020-04-09 11:15:22', 1, 1, 1, 4, 93),
	(453, 1, 1, '2020-04-09 11:15:30', 1, 1, 2, -13, 100),
	(454, 1, 1, '2020-04-09 11:28:27', 1, 1, 1, 0, 0),
	(455, 1, 1, '2020-04-09 11:28:35', 1, 1, 1, 55, 6),
	(456, 1, 1, '2020-04-09 11:28:40', 1, 1, 1, 50, 16),
	(457, 1, 1, '2020-04-09 11:28:45', 1, 1, 1, 45, 25),
	(458, 1, 1, '2020-04-09 11:28:50', 1, 1, 1, 40, 33),
	(459, 1, 1, '2020-04-09 11:28:55', 1, 1, 1, 35, 41),
	(460, 1, 1, '2020-04-09 11:29:00', 1, 1, 1, 30, 48),
	(461, 1, 1, '2020-04-09 11:29:05', 1, 1, 1, 25, 58),
	(462, 1, 1, '2020-04-09 11:29:10', 1, 1, 1, 20, 66),
	(463, 1, 1, '2020-04-09 11:29:15', 1, 1, 1, 15, 75),
	(464, 1, 1, '2020-04-09 11:29:20', 1, 1, 1, 10, 83),
	(465, 1, 1, '2020-04-09 11:29:25', 1, 1, 1, 5, 91),
	(466, 1, 1, '2020-04-09 11:29:31', 1, 1, 2, 0, 100),
	(467, 1, 1, '2020-04-09 11:33:58', 2, 1, 1, 0, 0),
	(468, 1, 1, '2020-04-09 11:34:06', 2, 1, 1, 55, 6),
	(469, 1, 1, '2020-04-09 11:34:11', 2, 1, 1, 50, 16),
	(470, 1, 1, '2020-04-09 11:34:16', 2, 1, 1, 45, 25),
	(471, 1, 1, '2020-04-09 11:34:20', 2, 1, 1, 40, 33),
	(472, 1, 1, '2020-04-09 11:34:26', 2, 1, 1, 35, 40),
	(473, 1, 1, '2020-04-09 11:34:31', 2, 1, 1, 30, 50),
	(474, 1, 1, '2020-04-09 11:34:36', 2, 1, 1, 25, 58),
	(475, 1, 1, '2020-04-09 11:34:41', 2, 1, 1, 20, 66),
	(476, 1, 1, '2020-04-09 11:34:46', 2, 1, 1, 15, 75),
	(477, 1, 1, '2020-04-09 11:34:52', 2, 1, 1, 10, 83),
	(478, 1, 1, '2020-04-09 11:34:56', 2, 1, 1, 5, 90),
	(479, 1, 1, '2020-04-09 11:35:02', 2, 1, 2, 0, 100),
	(480, 1, 1, '2020-04-09 11:35:19', 4, 1, 1, 0, 0),
	(481, 1, 1, '2020-04-09 11:35:26', 4, 1, 1, 7889245, 0),
	(482, 1, 1, '2020-04-09 11:35:31', 4, 1, 1, 7889240, 0),
	(483, 1, 1, '2020-04-09 11:35:36', 4, 1, 1, 7889235, 0),
	(484, 1, 1, '2020-04-09 11:35:37', 4, 1, 3, 7889235, 100),
	(485, 1, 1, '2020-04-09 11:53:15', 1, 1, 1, 0, 0),
	(486, 1, 1, '2020-04-09 11:53:23', 1, 1, 1, 55, 6),
	(487, 1, 1, '2020-04-09 11:53:24', 1, 1, 3, 55, 100),
	(488, 1, 1, '2020-05-08 00:12:41', 1, 1, 1, 0, 0),
	(489, 1, 1, '2020-05-08 00:12:49', 1, 1, 1, 55, 6),
	(490, 1, 1, '2020-05-08 00:12:54', 1, 1, 1, 50, 16),
	(491, 1, 1, '2020-05-08 00:12:59', 1, 1, 1, 45, 25),
	(492, 1, 1, '2020-05-08 00:13:06', 1, 1, 1, 40, 33),
	(493, 1, 1, '2020-05-08 00:13:09', 1, 1, 1, 35, 41),
	(494, 1, 1, '2020-05-08 00:13:17', 1, 1, 1, 30, 50),
	(495, 1, 1, '2020-05-08 00:13:20', 1, 1, 1, 24, 60),
	(496, 1, 1, '2020-05-08 00:13:34', 1, 1, 1, 19, 66),
	(497, 1, 1, '2020-05-08 00:13:37', 1, 1, 1, 7, 88),
	(498, 1, 1, '2020-05-08 00:13:42', 1, 1, 1, 2, 96),
	(499, 1, 1, '2020-05-08 00:13:46', 1, 1, 2, -1, 100),
	(500, 1, 1, '2020-06-05 10:06:05', 1, 1, 1, 0, 0),
	(501, 1, 1, '2020-06-05 10:06:13', 1, 1, 1, 55, 6),
	(502, 1, 1, '2020-06-05 10:06:19', 1, 1, 1, 50, 15),
	(503, 1, 1, '2020-06-05 10:06:24', 1, 1, 1, 45, 25),
	(504, 1, 1, '2020-06-05 10:06:29', 1, 1, 1, 40, 33),
	(505, 1, 1, '2020-06-05 10:06:34', 1, 1, 1, 35, 41),
	(506, 1, 1, '2020-06-05 10:06:39', 1, 1, 1, 30, 50),
	(507, 1, 1, '2020-06-05 10:06:44', 1, 1, 1, 25, 58),
	(508, 1, 1, '2020-06-05 10:06:50', 1, 1, 1, 20, 66),
	(509, 1, 1, '2020-06-05 10:06:54', 1, 1, 1, 15, 73),
	(510, 1, 1, '2020-06-05 10:06:59', 1, 1, 1, 10, 83),
	(511, 1, 1, '2020-06-05 10:07:04', 1, 1, 1, 5, 91),
	(512, 1, 1, '2020-06-05 10:07:10', 1, 1, 2, 0, 100),
	(513, 1, 1, '2020-06-09 12:20:45', 1, 1, 1, 0, 0),
	(514, 1, 1, '2020-06-09 12:20:53', 1, 1, 1, 55, 6),
	(515, 1, 1, '2020-06-09 12:20:59', 1, 1, 1, 50, 16),
	(516, 1, 1, '2020-06-09 12:21:10', 1, 1, 1, 45, 23),
	(517, 1, 1, '2020-06-09 12:21:12', 1, 1, 1, 35, 41),
	(518, 1, 1, '2020-06-09 12:21:20', 1, 1, 1, 29, 51),
	(519, 1, 1, '2020-06-09 12:21:24', 1, 1, 1, 24, 58),
	(520, 1, 1, '2020-06-09 12:21:34', 1, 1, 1, 19, 68),
	(521, 1, 1, '2020-06-09 12:21:41', 1, 1, 1, 11, 81),
	(522, 1, 1, '2020-06-09 12:21:53', 1, 1, 1, 4, 93),
	(523, 1, 1, '2020-06-09 12:21:57', 1, 1, 2, -8, 100),
	(524, 1, 1, '2020-07-10 13:39:36', 1, 1, 1, 0, 0),
	(525, 1, 1, '2020-07-10 13:39:44', 1, 1, 1, 55, 6),
	(526, 1, 1, '2020-07-10 13:39:49', 1, 1, 1, 50, 16),
	(527, 1, 1, '2020-07-10 13:39:55', 1, 1, 1, 45, 23),
	(528, 1, 1, '2020-07-10 13:39:59', 1, 1, 1, 40, 33),
	(529, 1, 1, '2020-07-10 13:40:04', 1, 1, 1, 35, 41),
	(530, 1, 1, '2020-07-10 13:40:09', 1, 1, 1, 30, 50),
	(531, 1, 1, '2020-07-10 13:40:14', 1, 1, 1, 25, 58),
	(532, 1, 1, '2020-07-10 13:40:19', 1, 1, 1, 20, 66),
	(533, 1, 1, '2020-07-10 13:40:25', 1, 1, 1, 15, 73),
	(534, 1, 1, '2020-07-10 13:40:30', 1, 1, 1, 10, 83),
	(535, 1, 1, '2020-07-10 13:40:34', 1, 1, 1, 5, 91),
	(536, 1, 1, '2020-07-10 13:40:41', 1, 1, 2, 0, 100),
	(537, 1, 1, '2020-07-10 13:41:33', 1, 2, 1, 0, 0),
	(538, 1, 1, '2020-07-10 13:41:41', 1, 2, 1, 295, 1),
	(539, 1, 1, '2020-07-10 13:41:46', 1, 2, 1, 290, 3),
	(540, 1, 1, '2020-07-10 13:41:51', 1, 2, 1, 285, 5),
	(541, 1, 1, '2020-07-10 13:41:56', 1, 2, 1, 280, 6),
	(542, 1, 1, '2020-07-10 13:42:01', 1, 2, 1, 275, 8),
	(543, 1, 1, '2020-07-10 13:42:07', 1, 2, 1, 270, 9),
	(544, 1, 1, '2020-07-10 13:42:11', 1, 2, 1, 265, 11),
	(545, 1, 1, '2020-07-10 13:42:16', 1, 2, 1, 260, 13),
	(546, 1, 1, '2020-07-10 13:42:21', 1, 2, 1, 255, 15),
	(547, 1, 1, '2020-07-10 13:42:26', 1, 2, 1, 250, 16),
	(548, 1, 1, '2020-07-10 13:42:31', 1, 2, 1, 245, 18),
	(549, 1, 1, '2020-07-10 13:42:36', 1, 2, 1, 240, 20),
	(550, 1, 1, '2020-07-10 13:42:42', 1, 2, 1, 235, 21),
	(551, 1, 1, '2020-07-10 13:42:46', 1, 2, 1, 230, 23),
	(552, 1, 1, '2020-07-10 13:42:51', 1, 2, 1, 225, 25),
	(553, 1, 1, '2020-07-10 13:42:56', 1, 2, 1, 220, 26),
	(554, 1, 1, '2020-07-10 13:43:01', 1, 2, 1, 215, 28),
	(555, 1, 1, '2020-07-10 13:43:06', 1, 2, 1, 210, 30),
	(556, 1, 1, '2020-07-10 13:43:11', 1, 2, 1, 205, 31),
	(557, 1, 1, '2020-07-10 13:43:17', 1, 2, 1, 200, 33),
	(558, 1, 1, '2020-07-10 13:43:21', 1, 2, 1, 195, 35),
	(559, 1, 1, '2020-07-10 13:43:26', 1, 2, 1, 190, 36),
	(560, 1, 1, '2020-07-10 13:43:31', 1, 2, 1, 185, 38),
	(561, 1, 1, '2020-07-10 13:43:36', 1, 2, 1, 180, 40),
	(562, 1, 1, '2020-07-10 13:43:41', 1, 2, 1, 175, 41),
	(563, 1, 1, '2020-07-10 13:43:46', 1, 2, 1, 170, 43),
	(564, 1, 1, '2020-07-10 13:43:52', 1, 2, 1, 165, 44),
	(565, 1, 1, '2020-07-10 13:43:56', 1, 2, 1, 160, 46),
	(566, 1, 1, '2020-07-10 13:44:01', 1, 2, 1, 155, 48),
	(567, 1, 1, '2020-07-10 13:44:06', 1, 2, 1, 150, 50),
	(568, 1, 1, '2020-07-10 13:44:11', 1, 2, 1, 145, 51),
	(569, 1, 1, '2020-07-10 13:44:16', 1, 2, 1, 140, 53),
	(570, 1, 1, '2020-07-10 13:44:21', 1, 2, 1, 135, 55),
	(571, 1, 1, '2020-07-10 13:44:27', 1, 2, 1, 130, 56),
	(572, 1, 1, '2020-07-10 13:44:31', 1, 2, 1, 125, 58),
	(573, 1, 1, '2020-07-10 13:44:36', 1, 2, 1, 120, 60),
	(574, 1, 1, '2020-07-10 13:44:41', 1, 2, 1, 115, 61),
	(575, 1, 1, '2020-07-10 13:44:46', 1, 2, 1, 110, 63),
	(576, 1, 1, '2020-07-10 13:44:51', 1, 2, 1, 105, 65),
	(577, 1, 1, '2020-07-10 13:44:56', 1, 2, 1, 100, 66),
	(578, 1, 1, '2020-07-10 13:45:02', 1, 2, 1, 95, 68),
	(579, 1, 1, '2020-07-10 13:45:06', 1, 2, 1, 90, 70),
	(580, 1, 1, '2020-07-10 13:45:11', 1, 2, 1, 85, 71),
	(581, 1, 1, '2020-07-10 13:45:16', 1, 2, 1, 80, 73),
	(582, 1, 1, '2020-07-10 13:45:21', 1, 2, 1, 75, 75),
	(583, 1, 1, '2020-07-10 13:45:26', 1, 2, 1, 70, 76),
	(584, 1, 1, '2020-07-10 13:45:31', 1, 2, 1, 65, 78),
	(585, 1, 1, '2020-07-10 13:45:37', 1, 2, 1, 60, 79),
	(586, 1, 1, '2020-07-10 13:45:41', 1, 2, 1, 55, 81),
	(587, 1, 1, '2020-07-10 13:45:46', 1, 2, 1, 50, 83),
	(588, 1, 1, '2020-07-10 13:45:51', 1, 2, 1, 45, 85),
	(589, 1, 1, '2020-07-10 13:45:56', 1, 2, 1, 40, 86),
	(590, 1, 1, '2020-07-10 13:46:01', 1, 2, 1, 35, 88),
	(591, 1, 1, '2020-07-10 13:46:06', 1, 2, 1, 30, 90),
	(592, 1, 1, '2020-07-10 13:46:12', 1, 2, 1, 25, 91),
	(593, 1, 1, '2020-07-10 13:46:16', 1, 2, 1, 20, 93),
	(594, 1, 1, '2020-07-10 13:46:21', 1, 2, 1, 15, 95),
	(595, 1, 1, '2020-07-10 13:46:26', 1, 2, 1, 10, 96),
	(596, 1, 1, '2020-07-10 13:46:31', 1, 2, 1, 5, 98),
	(597, 1, 1, '2020-07-10 13:46:37', 1, 2, 2, 0, 100),
	(598, 1, 1, '2020-07-10 14:19:55', 1, 1, 1, 0, 0),
	(599, 1, 1, '2020-07-10 14:20:03', 1, 1, 1, 55, 6),
	(600, 1, 1, '2020-07-10 14:20:07', 1, 1, 1, 50, 16),
	(601, 1, 1, '2020-07-10 14:20:12', 1, 1, 1, 45, 25),
	(602, 1, 1, '2020-07-10 14:20:17', 1, 1, 1, 40, 33),
	(603, 1, 1, '2020-07-10 14:20:22', 1, 1, 1, 35, 41),
	(604, 1, 1, '2020-07-10 14:20:27', 1, 1, 1, 30, 50),
	(605, 1, 1, '2020-07-10 14:20:32', 1, 1, 1, 25, 58),
	(606, 1, 1, '2020-07-10 14:20:38', 1, 1, 1, 20, 65),
	(607, 1, 1, '2020-07-10 14:20:42', 1, 1, 1, 15, 75),
	(608, 1, 1, '2020-07-10 14:20:47', 1, 1, 1, 10, 83),
	(609, 1, 1, '2020-07-10 14:20:52', 1, 1, 1, 5, 91),
	(610, 1, 1, '2020-07-10 14:20:58', 1, 1, 2, 0, 100),
	(611, 1, 1, '2020-07-10 14:22:27', 1, 1, 1, 0, 0),
	(612, 1, 1, '2020-07-10 14:22:35', 1, 1, 1, 55, 6),
	(613, 1, 1, '2020-07-10 14:22:36', 1, 1, 3, 55, 100),
	(614, 1, 1, '2020-07-10 17:38:07', 1, 1, 1, 0, 0),
	(615, 1, 1, '2020-07-10 17:38:15', 1, 1, 1, 55, 6),
	(616, 1, 1, '2020-07-10 17:38:20', 1, 1, 1, 50, 16),
	(617, 1, 1, '2020-07-10 17:38:26', 1, 1, 1, 45, 23),
	(618, 1, 1, '2020-07-10 17:38:31', 1, 1, 1, 40, 33),
	(619, 1, 1, '2020-07-10 17:38:35', 1, 1, 1, 35, 41),
	(620, 1, 1, '2020-07-10 17:38:40', 1, 1, 1, 30, 50),
	(621, 1, 1, '2020-07-10 17:38:45', 1, 1, 1, 25, 58),
	(622, 1, 1, '2020-07-10 17:38:50', 1, 1, 1, 20, 66),
	(623, 1, 1, '2020-07-10 17:38:55', 1, 1, 1, 15, 75),
	(624, 1, 1, '2020-07-10 17:39:01', 1, 1, 1, 10, 81),
	(625, 1, 1, '2020-07-10 17:39:06', 1, 1, 1, 5, 91),
	(626, 1, 1, '2020-07-10 17:39:12', 1, 1, 2, 0, 100),
	(627, 1, 1, '2020-07-10 17:41:05', 1, 1, 1, 0, 0),
	(628, 1, 1, '2020-07-10 17:41:13', 1, 1, 1, 55, 6),
	(629, 1, 1, '2020-07-10 17:41:18', 1, 1, 1, 50, 16),
	(630, 1, 1, '2020-07-10 17:41:24', 1, 1, 1, 45, 23),
	(631, 1, 1, '2020-07-10 17:41:29', 1, 1, 1, 40, 33),
	(632, 1, 1, '2020-07-10 17:41:33', 1, 1, 1, 35, 41),
	(633, 1, 1, '2020-07-10 17:41:46', 1, 1, 1, 30, 48),
	(634, 1, 1, '2020-07-10 17:41:51', 1, 1, 1, 25, 58),
	(635, 1, 1, '2020-07-10 17:41:57', 1, 1, 1, 20, 65),
	(636, 1, 1, '2020-07-10 17:42:02', 1, 1, 1, 15, 75),
	(637, 1, 1, '2020-07-10 17:42:06', 1, 1, 1, 10, 83),
	(638, 1, 1, '2020-07-10 17:42:11', 1, 1, 1, 5, 91),
	(639, 1, 1, '2020-07-10 17:42:17', 1, 1, 2, 0, 100),
	(640, 1, 1, '2020-07-10 17:43:06', 1, 1, 1, 0, 0),
	(641, 1, 1, '2020-07-10 17:44:05', 1, 1, 2, 0, 100),
	(642, 1, 1, '2020-07-10 17:44:40', 1, 1, 1, 0, 0),
	(643, 1, 1, '2020-07-10 17:44:48', 1, 1, 1, 55, 6),
	(644, 1, 1, '2020-07-10 17:44:53', 1, 1, 1, 50, 16),
	(645, 1, 1, '2020-07-10 17:46:10', 1, 1, 1, 45, 23),
	(646, 1, 1, '2020-07-10 17:46:15', 1, 1, 1, 40, 33),
	(647, 1, 1, '2020-07-10 17:46:20', 1, 1, 1, 35, 41),
	(648, 1, 1, '2020-07-10 17:46:25', 1, 1, 1, 30, 50),
	(649, 1, 1, '2020-07-10 17:46:30', 1, 1, 1, 25, 58),
	(650, 1, 1, '2020-07-10 17:46:31', 1, 1, 3, 25, 58),
	(651, 1, 1, '2020-08-20 21:58:05', 3, 0, 1, 0, 0),
	(652, 1, 1, '2020-08-20 21:58:46', 3, 0, 1, 0, 0),
	(653, 1, 1, '2020-08-20 21:58:58', 3, 0, 3, 230, 100),
	(654, 1, 1, '2020-08-20 21:59:03', 1, 1, 1, 230, 0),
	(655, 1, 1, '2020-08-20 21:59:11', 1, 1, 1, 55, 6),
	(656, 1, 1, '2020-08-20 21:59:16', 1, 1, 1, 50, 16),
	(657, 1, 1, '2020-08-20 21:59:21', 1, 1, 1, 45, 25),
	(658, 1, 1, '2020-08-20 21:59:27', 1, 1, 1, 40, 31),
	(659, 1, 1, '2020-08-20 21:59:32', 1, 1, 1, 0, 0),
	(660, 1, 1, '2020-08-20 21:59:40', 1, 1, 1, 35, 40),
	(661, 1, 1, '2020-08-20 21:59:45', 1, 1, 1, 30, 50),
	(662, 1, 1, '2020-08-20 21:59:50', 1, 1, 1, 25, 58),
	(663, 1, 1, '2020-08-20 21:59:56', 1, 1, 1, 20, 65),
	(664, 1, 1, '2020-08-20 22:00:05', 1, 1, 1, 0, 0),
	(665, 1, 1, '2020-08-20 22:00:13', 1, 1, 1, 15, 73),
	(666, 1, 1, '2020-08-20 22:00:18', 1, 1, 1, 10, 83),
	(667, 1, 1, '2020-08-20 22:00:23', 1, 1, 1, 5, 91),
	(668, 1, 1, '2020-08-20 22:00:30', 1, 1, 2, 0, 100),
	(669, 1, 1, '2020-08-20 22:02:34', 1, 1, 1, 0, 0),
	(670, 1, 1, '2020-08-20 22:02:42', 1, 1, 1, 55, 6),
	(671, 1, 1, '2020-08-20 22:02:47', 1, 1, 1, 50, 16),
	(672, 1, 1, '2020-08-20 22:02:53', 1, 1, 1, 0, 0),
	(673, 1, 1, '2020-08-20 22:03:00', 1, 1, 1, 45, 23),
	(674, 1, 1, '2020-08-20 22:03:05', 1, 1, 1, 40, 33),
	(675, 1, 1, '2020-08-20 22:03:10', 1, 1, 1, 35, 41),
	(676, 1, 1, '2020-08-20 22:03:15', 1, 1, 1, 30, 50),
	(677, 1, 1, '2020-08-20 22:03:20', 1, 1, 1, 25, 58),
	(678, 1, 1, '2020-08-20 22:03:26', 1, 1, 1, 20, 65),
	(679, 1, 1, '2020-08-20 22:03:31', 1, 1, 1, 15, 75),
	(680, 1, 1, '2020-08-20 22:03:35', 1, 1, 1, 10, 83),
	(681, 1, 1, '2020-08-20 22:03:40', 1, 1, 1, 5, 91),
	(682, 1, 1, '2020-08-20 22:03:46', 1, 1, 2, 0, 100),
	(683, 1, 1, '2020-08-20 22:09:09', 1, 1, 1, 0, 0),
	(684, 1, 1, '2020-08-20 22:09:17', 1, 1, 1, 55, 6),
	(685, 1, 1, '2020-08-20 22:09:18', 1, 1, 3, 55, 100),
	(686, 1, 1, '2020-08-21 23:47:25', 1, 1, 1, 0, 0),
	(687, 1, 1, '2020-08-21 23:47:29', 1, 1, 2, 0, 100),
	(688, 1, 1, '2020-08-21 23:48:09', 1, 1, 1, 0, 0),
	(689, 1, 1, '2020-08-21 23:48:13', 1, 1, 2, 0, 100),
	(690, 1, 1, '2020-08-21 23:50:23', 1, 1, 1, 0, 0),
	(691, 1, 1, '2020-08-21 23:50:27', 1, 1, 2, 0, 100),
	(692, 1, 1, '2020-08-21 23:54:48', 1, 1, 1, 0, 0),
	(693, 1, 1, '2020-08-21 23:54:56', 1, 1, 1, 175, 2),
	(694, 1, 1, '2020-08-21 23:55:01', 1, 1, 1, 170, 5),
	(695, 1, 1, '2020-08-21 23:55:02', 1, 1, 3, 170, 100),
	(696, 1, 1, '2020-08-22 00:06:20', 1, 1, 1, 0, 0),
	(697, 1, 1, '2020-08-22 00:06:28', 1, 1, 1, 55, 6),
	(698, 1, 1, '2020-08-22 00:06:29', 1, 1, 3, 55, 100),
	(699, 1, 1, '2020-08-22 00:10:59', 1, 1, 1, 0, 0),
	(700, 1, 1, '2020-08-22 00:11:06', 1, 1, 1, 55, 6),
	(701, 1, 1, '2020-08-22 00:11:11', 1, 1, 1, 50, 16),
	(702, 1, 1, '2020-08-22 00:11:12', 1, 1, 3, 50, 100),
	(703, 1, 1, '2020-08-22 00:11:37', 2, 1, 1, 50, 0),
	(704, 1, 1, '2020-08-22 00:11:45', 2, 1, 1, 55, 6),
	(705, 1, 1, '2020-08-22 00:11:46', 2, 1, 3, 55, 100),
	(706, 1, 1, '2020-08-22 00:12:11', 4, 1, 1, 55, 0),
	(707, 1, 1, '2020-08-22 00:12:18', 4, 1, 1, 7889245, 0),
	(708, 1, 1, '2020-08-22 00:12:22', 4, 1, 1, 7889240, 0),
	(709, 1, 1, '2020-08-22 00:12:27', 4, 1, 1, 7889235, 0),
	(710, 1, 1, '2020-08-22 00:12:33', 4, 1, 1, 7889230, 0),
	(711, 1, 1, '2020-08-22 00:12:38', 4, 1, 1, 7889225, 0),
	(712, 1, 1, '2020-08-22 00:12:39', 4, 1, 3, 7889225, 100),
	(713, 1, 1, '2020-08-22 00:20:14', 1, 1, 1, 7889225, 0),
	(714, 1, 1, '2020-08-22 00:20:22', 1, 1, 1, 55, 6),
	(715, 1, 1, '2020-08-22 00:20:27', 1, 1, 1, 50, 16),
	(716, 1, 1, '2020-08-22 00:20:33', 1, 1, 1, 45, 23),
	(717, 1, 1, '2020-08-22 00:20:38', 1, 1, 1, 40, 33),
	(718, 1, 1, '2020-08-22 00:20:42', 1, 1, 1, 35, 41),
	(719, 1, 1, '2020-08-22 00:20:47', 1, 1, 1, 30, 50),
	(720, 1, 1, '2020-08-22 00:20:52', 1, 1, 1, 25, 58),
	(721, 1, 1, '2020-08-22 00:20:57', 1, 1, 1, 20, 66),
	(722, 1, 1, '2020-08-22 00:21:03', 1, 1, 1, 15, 73),
	(723, 1, 1, '2020-08-22 00:21:08', 1, 1, 1, 10, 83),
	(724, 1, 1, '2020-08-22 00:21:13', 1, 1, 1, 5, 91),
	(725, 1, 1, '2020-08-22 00:21:19', 1, 1, 2, 0, 100);
/*!40000 ALTER TABLE `log` ENABLE KEYS */;

-- Volcando estructura para tabla cervecero.log_updates
DROP TABLE IF EXISTS `log_updates`;
CREATE TABLE IF NOT EXISTS `log_updates` (
  `IDplaca` int(11) NOT NULL,
  `fecha_update` timestamp NULL DEFAULT NULL,
  `oldVersion` varchar(10) DEFAULT NULL,
  `newVersion` varchar(10) DEFAULT NULL,
  `id` int(11) NOT NULL AUTO_INCREMENT,
  PRIMARY KEY (`id`),
  KEY `version` (`oldVersion`) USING BTREE,
  KEY `FK_log_updates_placas` (`IDplaca`),
  CONSTRAINT `FK_log_updates_firmwares` FOREIGN KEY (`oldVersion`) REFERENCES `firmwares` (`version`) ON DELETE CASCADE ON UPDATE CASCADE,
  CONSTRAINT `FK_log_updates_placas` FOREIGN KEY (`IDplaca`) REFERENCES `placas` (`IDplaca`) ON DELETE CASCADE ON UPDATE CASCADE
) ENGINE=InnoDB AUTO_INCREMENT=41 DEFAULT CHARSET=utf8mb4;

-- Volcando datos para la tabla cervecero.log_updates: ~10 rows (aproximadamente)
/*!40000 ALTER TABLE `log_updates` DISABLE KEYS */;
REPLACE INTO `log_updates` (`IDplaca`, `fecha_update`, `oldVersion`, `newVersion`, `id`) VALUES
	(1, '2020-03-29 00:15:58', '1.0.0', '1.0.2', 22),
	(1, '2020-03-29 14:50:33', '1.0.2', '1.0.3', 30),
	(1, '2020-03-29 15:26:55', '1.0.3', '1.0.2', 33),
	(1, '2020-03-29 15:27:18', '1.0.2', '1.0.3', 34),
	(1, '2020-03-29 15:27:56', '1.0.3', '1.0.4', 35),
	(1, '2020-04-01 12:11:49', '1.0.4', '1.0.5', 36),
	(1, '2020-04-06 17:07:04', '1.0.5', '1.0.6', 37),
	(1, '2020-04-08 23:27:03', '1.0.6', '1.0.5', 38),
	(1, '2020-04-08 23:45:53', '1.0.5', '1.0.6', 39),
	(1, '2020-07-10 13:38:41', '1.0.6', '1.0.7', 40);
/*!40000 ALTER TABLE `log_updates` ENABLE KEYS */;

-- Volcando estructura para tabla cervecero.menu
DROP TABLE IF EXISTS `menu`;
CREATE TABLE IF NOT EXISTS `menu` (
  `IDplaca` int(11) NOT NULL DEFAULT 0,
  `menu` int(11) NOT NULL DEFAULT 0,
  `dato1` int(11) DEFAULT 0,
  `dato2` int(11) DEFAULT 0,
  `cancelar` int(11) NOT NULL DEFAULT 0,
  `updateNextBoot` int(11) DEFAULT 0,
  `continuar` int(11) DEFAULT 0,
  PRIMARY KEY (`IDplaca`) USING BTREE,
  CONSTRAINT `FK_menu_placas` FOREIGN KEY (`IDplaca`) REFERENCES `placas` (`IDplaca`) ON DELETE CASCADE ON UPDATE CASCADE
) ENGINE=InnoDB DEFAULT CHARSET=utf8mb4;

-- Volcando datos para la tabla cervecero.menu: ~1 rows (aproximadamente)
/*!40000 ALTER TABLE `menu` DISABLE KEYS */;
REPLACE INTO `menu` (`IDplaca`, `menu`, `dato1`, `dato2`, `cancelar`, `updateNextBoot`, `continuar`) VALUES
	(1, 0, 0, 0, 0, 0, 0);
/*!40000 ALTER TABLE `menu` ENABLE KEYS */;

-- Volcando estructura para tabla cervecero.placas
DROP TABLE IF EXISTS `placas`;
CREATE TABLE IF NOT EXISTS `placas` (
  `IDplaca` int(11) NOT NULL AUTO_INCREMENT,
  `mac` varchar(17) CHARACTER SET utf8mb4 COLLATE utf8mb4_unicode_520_ci NOT NULL,
  `needUpdate` int(11) DEFAULT 0,
  `usuario` int(11) DEFAULT NULL,
  PRIMARY KEY (`IDplaca`) USING BTREE
) ENGINE=InnoDB AUTO_INCREMENT=19 DEFAULT CHARSET=utf8mb4;

-- Volcando datos para la tabla cervecero.placas: ~1 rows (aproximadamente)
/*!40000 ALTER TABLE `placas` DISABLE KEYS */;
REPLACE INTO `placas` (`IDplaca`, `mac`, `needUpdate`, `usuario`) VALUES
	(1, '84:0D:8E:B0:7C:53', 0, NULL);
/*!40000 ALTER TABLE `placas` ENABLE KEYS */;

-- Volcando estructura para tabla cervecero.procesos
DROP TABLE IF EXISTS `procesos`;
CREATE TABLE IF NOT EXISTS `procesos` (
  `id` int(11) NOT NULL AUTO_INCREMENT,
  `proceso` varchar(17) DEFAULT NULL,
  PRIMARY KEY (`id`)
) ENGINE=InnoDB AUTO_INCREMENT=7 DEFAULT CHARSET=utf8mb4;

-- Volcando datos para la tabla cervecero.procesos: ~4 rows (aproximadamente)
/*!40000 ALTER TABLE `procesos` DISABLE KEYS */;
REPLACE INTO `procesos` (`id`, `proceso`) VALUES
	(1, 'Maceracion'),
	(2, 'Coccion'),
	(3, 'Fermentacion'),
	(4, 'Transvase');
/*!40000 ALTER TABLE `procesos` ENABLE KEYS */;

-- Volcando estructura para tabla cervecero.pruebas
DROP TABLE IF EXISTS `pruebas`;
CREATE TABLE IF NOT EXISTS `pruebas` (
  `id` int(11) NOT NULL AUTO_INCREMENT,
  `json` longtext CHARACTER SET utf8mb4 COLLATE utf8mb4_bin NOT NULL CHECK (json_valid(`json`)),
  PRIMARY KEY (`id`)
) ENGINE=InnoDB AUTO_INCREMENT=2 DEFAULT CHARSET=utf8mb4;

-- Volcando datos para la tabla cervecero.pruebas: ~1 rows (aproximadamente)
/*!40000 ALTER TABLE `pruebas` DISABLE KEYS */;
REPLACE INTO `pruebas` (`id`, `json`) VALUES
	(1, '{"Nombre":"Alcachofa","tempMacer":"0:54:78:89:34","timepoMacer":"0:1:5:7:3","tiempoCoc":"0:30","tiempoCoc":"0:1","tempFermen":"0:42","toempFermen":"0:3","procesosOrden":"0:1:2:3:4"}');
/*!40000 ALTER TABLE `pruebas` ENABLE KEYS */;

-- Volcando estructura para tabla cervecero.recetas
DROP TABLE IF EXISTS `recetas`;
CREATE TABLE IF NOT EXISTS `recetas` (
  `ID` int(11) NOT NULL AUTO_INCREMENT,
  `nombre` varchar(50) NOT NULL DEFAULT '0',
  `tempMacer` varchar(50) NOT NULL DEFAULT '0',
  `tiempoMacer` varchar(50) NOT NULL DEFAULT '0',
  `tempCoc` varchar(50) NOT NULL DEFAULT '0',
  `tiempoCoc` varchar(50) NOT NULL DEFAULT '0',
  `tempFermen` varchar(50) NOT NULL DEFAULT '0',
  `tiempoFermen` varchar(50) NOT NULL DEFAULT '0',
  `procesosOrden` varchar(50) NOT NULL DEFAULT '1:2:3:4',
  PRIMARY KEY (`ID`)
) ENGINE=InnoDB AUTO_INCREMENT=2 DEFAULT CHARSET=utf8mb4;

-- Volcando datos para la tabla cervecero.recetas: ~1 rows (aproximadamente)
/*!40000 ALTER TABLE `recetas` DISABLE KEYS */;
REPLACE INTO `recetas` (`ID`, `nombre`, `tempMacer`, `tiempoMacer`, `tempCoc`, `tiempoCoc`, `tempFermen`, `tiempoFermen`, `procesosOrden`) VALUES
	(1, 'Pinta', '54:78:89:34', '1:5:7:3', '30', '1', '42', '3', '1:2:3:4');
/*!40000 ALTER TABLE `recetas` ENABLE KEYS */;

-- Volcando estructura para tabla cervecero.updates
DROP TABLE IF EXISTS `updates`;
CREATE TABLE IF NOT EXISTS `updates` (
  `IDplaca` int(11) NOT NULL,
  `currentVersion` varchar(10) DEFAULT NULL,
  PRIMARY KEY (`IDplaca`),
  KEY `FK_updates_firmwares` (`currentVersion`) USING BTREE,
  CONSTRAINT `FK_updates_firmwares` FOREIGN KEY (`currentVersion`) REFERENCES `firmwares` (`version`) ON DELETE CASCADE ON UPDATE CASCADE,
  CONSTRAINT `FK_updates_placas` FOREIGN KEY (`IDplaca`) REFERENCES `placas` (`IDplaca`) ON DELETE CASCADE ON UPDATE CASCADE
) ENGINE=InnoDB DEFAULT CHARSET=utf8mb4;

-- Volcando datos para la tabla cervecero.updates: ~0 rows (aproximadamente)
/*!40000 ALTER TABLE `updates` DISABLE KEYS */;
/*!40000 ALTER TABLE `updates` ENABLE KEYS */;

-- Volcando estructura para tabla cervecero.users
DROP TABLE IF EXISTS `users`;
CREATE TABLE IF NOT EXISTS `users` (
  `id` mediumint(8) unsigned NOT NULL AUTO_INCREMENT,
  `first_name` varchar(255) COLLATE utf8mb4_unicode_ci DEFAULT NULL,
  `last_name` varchar(255) COLLATE utf8mb4_unicode_ci DEFAULT NULL,
  `phone` varchar(100) COLLATE utf8mb4_unicode_ci DEFAULT NULL,
  `city` varchar(50) COLLATE utf8mb4_unicode_ci DEFAULT NULL,
  `zip` varchar(10) COLLATE utf8mb4_unicode_ci DEFAULT NULL,
  `updated_date` datetime DEFAULT NULL,
  `registered_date` datetime DEFAULT NULL,
  `removed_date` datetime DEFAULT NULL,
  `active` tinyint(1) DEFAULT NULL,
  `manager` int(11) DEFAULT NULL,
  `site` int(11) DEFAULT NULL,
  `image` int(11) DEFAULT NULL,
  `shift_start` time DEFAULT NULL,
  `shift_end` time DEFAULT NULL,
  PRIMARY KEY (`id`)
) ENGINE=InnoDB AUTO_INCREMENT=37 DEFAULT CHARSET=utf8mb4 COLLATE=utf8mb4_unicode_ci;

-- Volcando datos para la tabla cervecero.users: ~36 rows (aproximadamente)
/*!40000 ALTER TABLE `users` DISABLE KEYS */;
REPLACE INTO `users` (`id`, `first_name`, `last_name`, `phone`, `city`, `zip`, `updated_date`, `registered_date`, `removed_date`, `active`, `manager`, `site`, `image`, `shift_start`, `shift_end`) VALUES
	(1, 'Quynn', 'Contreras', '1-971-977-4681', 'Slidell', '81080', '2020-03-29 20:59:25', '2012-04-06 18:53:00', NULL, 0, 1, 1, NULL, '08:00:00', '16:00:00'),
	(2, 'Kaitlin', 'Smith', '1-436-523-6103', 'Orlando', 'U5G 7J3', '2020-03-29 20:59:25', '2012-11-20 05:58:25', NULL, 1, 1, 2, NULL, '09:00:00', '17:00:00'),
	(3, 'Cruz', 'Reynolds', '1-776-102-6352', 'Lynn', 'EJ89 9DQ', '2020-03-29 20:59:25', '2011-12-31 23:34:03', NULL, 0, 2, 3, NULL, '09:00:00', '17:00:00'),
	(4, 'Sophia', 'Morris', '1-463-224-1405', 'Belleville', 'T1F 2X1', '2020-03-29 20:59:25', '2012-08-04 02:55:53', NULL, 0, 3, 4, NULL, '08:00:00', '15:30:00'),
	(5, 'Kamal', 'Roberson', '1-134-408-5227', 'Rehoboth Beach', 'V7I 6T5', '2020-03-29 20:59:25', '2012-12-23 00:17:03', NULL, 1, 1, 5, NULL, '09:00:00', '17:00:00'),
	(6, 'Dustin', 'Rosa', '1-875-919-3188', 'Jersey City', 'E4 8ZE', '2020-03-29 20:59:25', '2012-10-05 22:18:59', NULL, 0, 1, 6, NULL, '09:00:00', '17:00:00'),
	(7, 'Xantha', 'George', '1-106-884-4754', 'Billings', 'Y2I 6J7', '2020-03-29 20:59:25', '2012-11-25 12:50:16', NULL, 0, 6, 1, NULL, '07:00:00', '15:00:00'),
	(8, 'Bryar', 'Long', '1-918-114-8083', 'San Bernardino', '82983', '2020-03-29 20:59:25', '2012-05-14 23:32:25', NULL, 0, 1, 2, NULL, '09:00:00', '17:00:00'),
	(9, 'Kuame', 'Wynn', '1-101-692-4039', 'Truth or Consequences', '21290', '2020-03-29 20:59:25', '2011-06-21 16:27:07', NULL, 1, 2, 3, NULL, '06:00:00', '14:00:00'),
	(10, 'Indigo', 'Brennan', '1-756-756-8161', 'Moline', 'NO8 3UY', '2020-03-29 20:59:25', '2011-02-19 12:51:08', NULL, 1, 5, 4, NULL, '12:00:00', '00:00:00'),
	(11, 'Avram', 'Allison', '1-751-507-2640', 'Rancho Palos Verdes', 'I7Q 8H4', '2020-03-29 20:59:25', '2012-12-30 17:02:10', NULL, 0, 1, 5, NULL, '09:00:00', '17:00:00'),
	(12, 'Martha', 'Burgess', '1-971-722-1203', 'Toledo', 'Q5R 9HI', '2020-03-29 20:59:25', '2011-02-04 17:25:55', NULL, 1, 1, 6, NULL, '12:00:00', '00:00:00'),
	(13, 'Lael', 'Kim', '1-626-697-2194', 'Lake Charles', '34209', '2020-03-29 20:59:25', '2012-07-24 06:44:22', NULL, 1, 7, 1, NULL, '09:00:00', '17:00:00'),
	(14, 'Lyle', 'Lewis', '1-231-793-3520', 'Simi Valley', 'H9B 2H4', '2020-03-29 20:59:25', '2012-08-30 03:28:54', NULL, 0, 1, 2, NULL, '00:00:00', '12:00:00'),
	(15, 'Veronica', 'Marks', '1-750-981-6759', 'Glens Falls', 'E3C 5D1', '2020-03-29 20:59:25', '2012-08-14 12:09:24', NULL, 1, 2, 3, NULL, '09:00:00', '17:00:00'),
	(16, 'Wynne', 'Ruiz', '1-983-744-5362', 'Branson', 'L9E 6E2', '2020-03-29 20:59:25', '2012-11-06 01:04:07', NULL, 0, 1, 4, NULL, '12:00:00', '00:00:00'),
	(17, 'Jessica', 'Bryan', '1-949-932-6772', 'Boulder City', 'F5P 6NU', '2020-03-29 20:59:25', '2013-02-01 20:22:33', NULL, 0, 5, 5, NULL, '09:00:00', '17:00:00'),
	(18, 'Quinlan', 'Hyde', '1-625-664-6072', 'Sheridan', 'Y8A 1LQ', '2020-03-29 20:59:25', '2011-10-25 16:53:45', NULL, 1, 1, 6, NULL, '08:00:00', '15:00:00'),
	(19, 'Mona', 'Terry', '1-443-179-7343', 'Juneau', 'G62 1OF', '2020-03-29 20:59:25', '2012-01-15 09:26:59', NULL, 0, 1, 1, NULL, '08:30:00', '16:30:00'),
	(20, 'Medge', 'Patterson', '1-636-979-0497', 'Texarkana', 'I5U 6E0', '2020-03-29 20:59:25', '2012-10-20 16:26:18', NULL, 1, 1, 2, NULL, '09:00:00', '17:00:00'),
	(21, 'Perry', 'Gamble', '1-440-976-9560', 'Arcadia', '98923', '2020-03-29 20:59:25', '2012-06-06 02:03:49', NULL, 1, 2, 3, NULL, '00:00:00', '12:00:00'),
	(22, 'Pandora', 'Armstrong', '1-197-431-4390', 'Glendora', '34124', '2020-03-29 20:59:25', '2011-08-29 01:45:06', NULL, 0, 7, 4, NULL, '21:00:00', '03:00:00'),
	(23, 'Pandora', 'Briggs', '1-278-288-9221', 'Oneida', 'T9M 4H9', '2020-03-29 20:59:25', '2012-07-16 08:44:41', NULL, 1, 4, 5, NULL, '09:00:00', '17:00:00'),
	(24, 'Maris', 'Leblanc', '1-936-114-2921', 'Cohoes', 'V1H 6Z7', '2020-03-29 20:59:25', '2011-05-04 13:07:04', NULL, 1, 1, 6, NULL, '00:00:00', '12:00:00'),
	(25, 'Ishmael', 'Crosby', '1-307-243-2684', 'Midwest City', 'T6 8PS', '2020-03-29 20:59:25', '2011-07-02 23:11:11', NULL, 0, 3, 1, NULL, '09:00:00', '17:00:00'),
	(26, 'Quintessa', 'Pickett', '1-801-122-7471', 'North Tonawanda', '09166', '2020-03-29 20:59:25', '2013-02-05 10:33:22', NULL, 1, 1, 2, NULL, '12:00:00', '00:00:00'),
	(27, 'Ifeoma', 'Mays', '1-103-883-0962', 'Parkersburg', '87377', '2020-03-29 20:59:25', '2011-08-22 12:19:09', NULL, 0, 1, 3, NULL, '09:00:00', '17:00:00'),
	(28, 'Basia', 'Harrell', '1-528-238-4178', 'Cody', 'LJ54 1IU', '2020-03-29 20:59:25', '2012-05-07 14:42:55', NULL, 1, 1, 4, NULL, '09:00:00', '17:00:00'),
	(29, 'Hamilton', 'Blackburn', '1-676-857-1423', 'Delta Junction', 'X5 9HE', '2020-03-29 20:59:25', '2011-05-19 07:39:48', NULL, 0, 6, 5, NULL, '10:00:00', '18:00:00'),
	(30, 'Dexter', 'Burton', '1-275-332-8186', 'Gainesville', '65914', '2020-03-29 20:59:25', '2013-02-01 16:21:20', NULL, 1, 5, 6, NULL, '21:00:00', '03:00:00'),
	(31, 'Quinn', 'Mccall', '1-808-916-4497', 'Fallon', 'X4 8UB', '2020-03-29 20:59:25', '2012-03-24 19:31:51', NULL, 0, 1, 1, NULL, '09:00:00', '17:00:00'),
	(32, 'Alexa', 'Wilder', '1-727-307-1997', 'Johnson City', '16765', '2020-03-29 20:59:25', '2011-10-14 08:21:14', NULL, 0, 3, 2, NULL, '09:00:00', '17:00:00'),
	(33, 'Rhonda', 'Harrell', '1-934-906-6474', 'Minnetonka', 'I2R 1H2', '2020-03-29 20:59:25', '2011-11-15 00:08:02', NULL, 1, 1, 3, NULL, '12:00:00', '00:00:00'),
	(34, 'Jocelyn', 'England', '1-826-860-7773', 'Chico', '71102', '2020-03-29 20:59:25', '2012-05-31 18:01:43', NULL, 1, 1, 4, NULL, '09:00:00', '17:00:00'),
	(35, 'Vincent', 'Banks', '1-225-418-0941', 'Palo Alto', '03281', '2020-03-29 20:59:25', '2011-08-07 07:22:43', NULL, 0, 1, 5, NULL, '18:00:00', '02:00:00'),
	(36, 'Stewart', 'Chan', '1-781-793-2340', 'Grand Forks', 'L1U 3ED', '2020-03-29 20:59:25', '2012-11-01 23:14:44', NULL, 1, 6, 6, NULL, '08:00:00', '16:00:00');
/*!40000 ALTER TABLE `users` ENABLE KEYS */;

-- Volcando estructura para disparador cervecero.info_AU
DROP TRIGGER IF EXISTS `info_AU`;
SET @OLDTMP_SQL_MODE=@@SQL_MODE, SQL_MODE='NO_ZERO_IN_DATE,NO_ZERO_DATE,NO_ENGINE_SUBSTITUTION';
DELIMITER //
CREATE TRIGGER `info_AU` AFTER UPDATE ON `info` FOR EACH ROW BEGIN
	INSERT INTO log (IDplaca,receta,time,proceso,pasoProceso,estado,tiempoRestante,porcentaje) VALUES (NEW.IDplaca,NEW.receta,NOW(),NEW.proceso,NEW.pasoProceso,NEW.estado,NEW.tiempoRestante,NEW.porcentaje);
END//
DELIMITER ;
SET SQL_MODE=@OLDTMP_SQL_MODE;

-- Volcando estructura para disparador cervecero.placas_AI
DROP TRIGGER IF EXISTS `placas_AI`;
SET @OLDTMP_SQL_MODE=@@SQL_MODE, SQL_MODE='NO_ZERO_IN_DATE,NO_ZERO_DATE,NO_ENGINE_SUBSTITUTION';
DELIMITER //
CREATE TRIGGER `placas_AI` AFTER INSERT ON `placas` FOR EACH ROW BEGIN
	INSERT INTO menu (IDplaca) VALUES (NEW.IDplaca);
	INSERT INTO info (IDplaca) VALUES (NEW.IDplaca);
	INSERT INTO updates (IDplaca) VALUES (NEW.IDplaca);
END//
DELIMITER ;
SET SQL_MODE=@OLDTMP_SQL_MODE;

-- Volcando estructura para disparador cervecero.updates_BU
DROP TRIGGER IF EXISTS `updates_BU`;
SET @OLDTMP_SQL_MODE=@@SQL_MODE, SQL_MODE='NO_ZERO_IN_DATE,NO_ZERO_DATE,NO_ENGINE_SUBSTITUTION';
DELIMITER //
CREATE TRIGGER `updates_BU` BEFORE UPDATE ON `updates` FOR EACH ROW BEGIN 
	INSERT INTO log_updates (IDplaca,fecha_update,oldVersion,newVersion) VALUES (NEW.IDplaca,NOW(),OLD.currentVersion,NEW.currentVersion);
END//
DELIMITER ;
SET SQL_MODE=@OLDTMP_SQL_MODE;

/*!40101 SET SQL_MODE=IFNULL(@OLD_SQL_MODE, '') */;
/*!40014 SET FOREIGN_KEY_CHECKS=IF(@OLD_FOREIGN_KEY_CHECKS IS NULL, 1, @OLD_FOREIGN_KEY_CHECKS) */;
/*!40101 SET CHARACTER_SET_CLIENT=@OLD_CHARACTER_SET_CLIENT */;
