-- --------------------------------------------------------
-- Host:                         127.0.0.1
-- Versión del servidor:         10.5.8-MariaDB - mariadb.org binary distribution
-- SO del servidor:              Win64
-- HeidiSQL Versión:             11.1.0.6116
-- --------------------------------------------------------

/*!40101 SET @OLD_CHARACTER_SET_CLIENT=@@CHARACTER_SET_CLIENT */;
/*!40101 SET NAMES utf8 */;
/*!50503 SET NAMES utf8mb4 */;
/*!40014 SET @OLD_FOREIGN_KEY_CHECKS=@@FOREIGN_KEY_CHECKS, FOREIGN_KEY_CHECKS=0 */;
/*!40101 SET @OLD_SQL_MODE=@@SQL_MODE, SQL_MODE='NO_AUTO_VALUE_ON_ZERO' */;
/*!40111 SET @OLD_SQL_NOTES=@@SQL_NOTES, SQL_NOTES=0 */;


-- Volcando estructura de base de datos para cervecero
CREATE DATABASE IF NOT EXISTS `cervecero` /*!40100 DEFAULT CHARACTER SET utf8mb4 COLLATE utf8mb4_unicode_ci */;
USE `cervecero`;

-- Volcando estructura para tabla cervecero.estados
CREATE TABLE IF NOT EXISTS `estados` (
  `id` int(11) NOT NULL AUTO_INCREMENT,
  `estado` varchar(50) CHARACTER SET utf8mb4 DEFAULT NULL,
  PRIMARY KEY (`id`)
) ENGINE=InnoDB AUTO_INCREMENT=4 DEFAULT CHARSET=utf8 COLLATE=utf8_unicode_ci;

-- Volcando datos para la tabla cervecero.estados: ~3 rows (aproximadamente)
/*!40000 ALTER TABLE `estados` DISABLE KEYS */;
REPLACE INTO `estados` (`id`, `estado`) VALUES
	(1, 'Iniciado'),
	(2, 'Finalizado'),
	(3, 'Fallo');
/*!40000 ALTER TABLE `estados` ENABLE KEYS */;

-- Volcando estructura para tabla cervecero.log_placas_firmwares
CREATE TABLE IF NOT EXISTS `log_placas_firmwares` (
  `IDplaca` int(11) NOT NULL,
  `fecha_update` timestamp NULL DEFAULT NULL,
  `oldVersion` varchar(10) CHARACTER SET utf8mb4 DEFAULT NULL,
  `newVersion` varchar(10) CHARACTER SET utf8mb4 DEFAULT NULL,
  `id` int(11) NOT NULL AUTO_INCREMENT,
  PRIMARY KEY (`id`),
  KEY `version` (`oldVersion`) USING BTREE,
  KEY `FK_log_updates_placas` (`IDplaca`)
) ENGINE=InnoDB DEFAULT CHARSET=utf8 COLLATE=utf8_unicode_ci;

-- Volcando datos para la tabla cervecero.log_placas_firmwares: ~0 rows (aproximadamente)
/*!40000 ALTER TABLE `log_placas_firmwares` DISABLE KEYS */;
/*!40000 ALTER TABLE `log_placas_firmwares` ENABLE KEYS */;

-- Volcando estructura para tabla cervecero.menu
CREATE TABLE IF NOT EXISTS `menu` (
  `IDplaca` int(11) NOT NULL DEFAULT 0,
  `menu` int(11) NOT NULL DEFAULT 0,
  `dato1` int(11) NOT NULL DEFAULT 0,
  `dato2` int(11) NOT NULL DEFAULT 0,
  `needUpdate` int(1) NOT NULL DEFAULT 0,
  `updateNextBoot` int(11) NOT NULL DEFAULT 0,
  `continuar` int(11) NOT NULL DEFAULT 0,
  PRIMARY KEY (`IDplaca`) USING BTREE,
  CONSTRAINT `FK_menu_placas` FOREIGN KEY (`IDplaca`) REFERENCES `placas` (`IDplaca`) ON DELETE CASCADE ON UPDATE CASCADE
) ENGINE=InnoDB DEFAULT CHARSET=utf8 COLLATE=utf8_unicode_ci;

-- Volcando datos para la tabla cervecero.menu: ~3 rows (aproximadamente)
/*!40000 ALTER TABLE `menu` DISABLE KEYS */;
REPLACE INTO `menu` (`IDplaca`, `menu`, `dato1`, `dato2`, `needUpdate`, `updateNextBoot`, `continuar`) VALUES
	(1, 0, 0, 0, 0, 0, 0),
	(2, 2, 1, 0, 0, 0, 0);
/*!40000 ALTER TABLE `menu` ENABLE KEYS */;

-- Volcando estructura para tabla cervecero.placas
CREATE TABLE IF NOT EXISTS `placas` (
  `IDplaca` int(11) NOT NULL AUTO_INCREMENT,
  `mac` varchar(17) CHARACTER SET utf8mb4 COLLATE utf8mb4_unicode_ci NOT NULL,
  `id_User` int(11) unsigned DEFAULT NULL,
  PRIMARY KEY (`IDplaca`) USING BTREE,
  KEY `FK_placas_users` (`id_User`),
  CONSTRAINT `FK_placas_users` FOREIGN KEY (`id_User`) REFERENCES `users` (`id`)
) ENGINE=InnoDB AUTO_INCREMENT=23 DEFAULT CHARSET=utf8 COLLATE=utf8_unicode_ci;

-- Volcando datos para la tabla cervecero.placas: ~2 rows (aproximadamente)
/*!40000 ALTER TABLE `placas` DISABLE KEYS */;
REPLACE INTO `placas` (`IDplaca`, `mac`, `id_User`) VALUES
	(1, '84:0D:8E:B0:7C:53', 2),
	(2, 'C4:4F:33:76:F1:45', 1);
/*!40000 ALTER TABLE `placas` ENABLE KEYS */;

-- Volcando estructura para tabla cervecero.placas_data
CREATE TABLE IF NOT EXISTS `placas_data` (
  `ID` int(11) NOT NULL AUTO_INCREMENT,
  `IDplaca` int(11) DEFAULT NULL,
  `receta` int(11) DEFAULT NULL,
  `time` timestamp NOT NULL DEFAULT current_timestamp(),
  `proceso` int(11) DEFAULT NULL,
  `pasoProceso` int(11) DEFAULT NULL,
  `estado` int(11) DEFAULT NULL,
  `tiempoRestante` int(11) DEFAULT NULL,
  `porcentaje` tinyint(4) DEFAULT NULL,
  `temp` float DEFAULT NULL,
  PRIMARY KEY (`ID`),
  KEY `estado` (`estado`),
  KEY `proceso` (`proceso`),
  KEY `placaID` (`IDplaca`) USING BTREE,
  KEY `FK_log_recetas` (`receta`),
  CONSTRAINT `FK_log_estados` FOREIGN KEY (`estado`) REFERENCES `estados` (`id`) ON DELETE SET NULL ON UPDATE CASCADE,
  CONSTRAINT `FK_log_placas` FOREIGN KEY (`IDplaca`) REFERENCES `placas` (`IDplaca`) ON DELETE SET NULL ON UPDATE CASCADE,
  CONSTRAINT `FK_log_procesos` FOREIGN KEY (`proceso`) REFERENCES `procesos` (`id`) ON DELETE SET NULL ON UPDATE CASCADE,
  CONSTRAINT `FK_log_recetas` FOREIGN KEY (`receta`) REFERENCES `recetas` (`ID`) ON DELETE SET NULL ON UPDATE CASCADE
) ENGINE=InnoDB AUTO_INCREMENT=1793 DEFAULT CHARSET=utf8 COLLATE=utf8_unicode_ci;

-- Volcando datos para la tabla cervecero.placas_data: ~1.626 rows (aproximadamente)
/*!40000 ALTER TABLE `placas_data` DISABLE KEYS */;
REPLACE INTO `placas_data` (`ID`, `IDplaca`, `receta`, `time`, `proceso`, `pasoProceso`, `estado`, `tiempoRestante`, `porcentaje`, `temp`) VALUES
	(70, 1, 1, '2020-03-23 02:27:46', 1, 1, 1, 120, 0, NULL),
	(71, 1, 1, '2020-03-23 13:31:05', 1, 1, 2, 120, 96, NULL),
	(72, 1, 1, '2020-03-23 13:38:32', 1, 1, 1, 120, 96, NULL),
	(73, 1, 1, '2020-03-23 19:32:02', 1, 1, 1, 30, 96, NULL),
	(74, 1, 1, '2020-03-24 20:25:44', 1, 1, 1, 30, 50, NULL),
	(79, 1, 1, '2020-03-24 21:21:25', 1, 1, 2, 0, 100, NULL),
	(80, 1, 1, '2020-03-26 19:32:49', 1, 1, 1, 0, 0, NULL),
	(81, 1, 1, '2020-03-26 19:32:57', 1, 1, 1, 55, 6, NULL),
	(82, 1, 1, '2020-03-26 19:33:01', 1, 1, 1, 50, 16, NULL),
	(83, 1, 1, '2020-03-26 19:33:06', 1, 1, 1, 45, 25, NULL),
	(84, 1, 1, '2020-03-26 19:33:11', 1, 1, 1, 40, 33, NULL),
	(85, 1, 1, '2020-03-26 19:33:17', 1, 1, 1, 35, 40, NULL),
	(86, 1, 1, '2020-03-26 19:33:21', 1, 1, 1, 30, 50, NULL),
	(87, 1, 1, '2020-03-26 19:50:15', 1, 1, 1, 25, 56, NULL),
	(88, 1, 1, '2020-03-26 19:50:20', 1, 1, 1, 20, 66, NULL),
	(89, 1, 1, '2020-03-26 19:50:24', 1, 1, 1, 15, 73, NULL),
	(90, 1, 1, '2020-03-26 19:50:30', 1, 1, 1, 10, 81, NULL),
	(91, 1, 1, '2020-03-26 19:50:34', 1, 1, 1, 5, 91, NULL),
	(92, 1, 1, '2020-03-26 19:50:52', 1, 1, 2, 0, 100, NULL),
	(93, 1, 1, '2020-03-26 19:51:57', 1, 2, 1, 0, 0, NULL),
	(94, 1, 1, '2020-03-26 19:52:05', 1, 2, 1, 295, 1, NULL),
	(95, 1, 1, '2020-03-26 19:52:11', 1, 2, 1, 290, 3, NULL),
	(96, 1, 1, '2020-03-26 19:52:15', 1, 2, 1, 285, 5, NULL),
	(97, 1, 1, '2020-03-26 19:52:20', 1, 2, 1, 280, 6, NULL),
	(98, 1, 1, '2020-03-26 19:52:27', 1, 2, 1, 275, 8, NULL),
	(99, 1, 1, '2020-03-26 19:52:34', 1, 2, 1, 270, 9, NULL),
	(100, 1, 1, '2020-03-26 19:52:36', 1, 2, 1, 264, 12, NULL),
	(101, 1, 1, '2020-03-26 19:52:41', 1, 2, 1, 259, 13, NULL),
	(102, 1, 1, '2020-03-26 19:52:46', 1, 2, 1, 254, 15, NULL),
	(103, 1, 1, '2020-03-26 19:52:52', 1, 2, 1, 249, 16, NULL),
	(104, 1, 1, '2020-03-26 19:52:56', 1, 2, 1, 244, 18, NULL),
	(105, 1, 1, '2020-03-26 19:53:01', 1, 2, 1, 239, 20, NULL),
	(106, 1, 1, '2020-03-26 19:53:06', 1, 2, 1, 234, 22, NULL),
	(107, 1, 1, '2020-03-26 19:53:12', 1, 2, 1, 229, 23, NULL),
	(108, 1, 1, '2020-03-26 19:53:17', 1, 2, 1, 224, 25, NULL),
	(109, 1, 1, '2020-03-26 19:53:21', 1, 2, 1, 219, 27, NULL),
	(110, 1, 1, '2020-03-26 19:53:26', 1, 2, 1, 214, 28, NULL),
	(111, 1, 1, '2020-03-26 19:53:40', 1, 2, 1, 209, 30, NULL),
	(112, 1, 1, '2020-03-26 19:53:47', 1, 2, 1, 204, 32, NULL),
	(113, 1, 1, '2020-03-26 19:53:50', 1, 2, 1, 199, 33, NULL),
	(114, 1, 1, '2020-03-26 19:54:35', 1, 2, 1, 194, 35, NULL),
	(115, 1, 1, '2020-03-26 19:54:40', 1, 2, 1, 189, 37, NULL),
	(116, 1, 1, '2020-03-26 19:54:45', 1, 2, 1, 184, 38, NULL),
	(117, 1, 1, '2020-03-26 19:54:51', 1, 2, 1, 179, 40, NULL),
	(118, 1, 1, '2020-03-26 19:54:55', 1, 2, 1, 174, 42, NULL),
	(119, 1, 1, '2020-03-26 19:55:00', 1, 2, 1, 169, 43, NULL),
	(120, 1, 1, '2020-03-26 19:55:05', 1, 2, 1, 164, 45, NULL),
	(121, 1, 1, '2020-03-26 19:55:11', 1, 2, 1, 159, 46, NULL),
	(122, 1, 1, '2020-03-26 19:55:16', 1, 2, 1, 154, 48, NULL),
	(123, 1, 1, '2020-03-26 19:55:20', 1, 2, 1, 149, 50, NULL),
	(124, 1, 1, '2020-03-26 19:55:25', 1, 2, 1, 144, 52, NULL),
	(125, 1, 1, '2020-03-26 19:55:30', 1, 2, 1, 139, 53, NULL),
	(126, 1, 1, '2020-03-26 19:55:35', 1, 2, 1, 134, 55, NULL),
	(127, 1, 1, '2020-03-26 19:55:40', 1, 2, 1, 129, 57, NULL),
	(128, 1, 1, '2020-03-26 19:55:45', 1, 2, 1, 124, 58, NULL),
	(129, 1, 1, '2020-03-26 19:56:29', 1, 2, 1, 119, 60, NULL),
	(130, 1, 1, '2020-03-26 19:56:35', 1, 2, 1, 114, 61, NULL),
	(131, 1, 1, '2020-03-26 19:56:39', 1, 2, 1, 109, 63, NULL),
	(132, 1, 1, '2020-03-26 19:56:44', 1, 2, 1, 104, 65, NULL),
	(133, 1, 1, '2020-03-26 19:56:49', 1, 2, 1, 99, 67, NULL),
	(134, 1, 1, '2020-03-26 19:56:55', 1, 2, 1, 94, 68, NULL),
	(135, 1, 1, '2020-03-26 19:56:59', 1, 2, 1, 89, 70, NULL),
	(136, 1, 1, '2020-03-26 19:57:04', 1, 2, 1, 84, 72, NULL),
	(137, 1, 1, '2020-03-26 19:57:18', 1, 2, 1, 79, 73, NULL),
	(138, 1, 1, '2020-03-26 19:57:21', 1, 2, 1, 68, 77, NULL),
	(139, 1, 1, '2020-03-26 19:57:25', 1, 2, 1, 63, 79, NULL),
	(140, 1, 1, '2020-03-26 19:57:32', 1, 2, 1, 58, 80, NULL),
	(141, 1, 1, '2020-03-26 19:57:35', 1, 2, 1, 53, 82, NULL),
	(142, 1, 1, '2020-03-26 19:57:40', 1, 2, 1, 48, 84, NULL),
	(143, 1, 1, '2020-03-26 19:57:45', 1, 2, 1, 43, 85, NULL),
	(144, 1, 1, '2020-03-26 19:57:51', 1, 2, 1, 38, 87, NULL),
	(145, 1, 1, '2020-03-26 19:57:55', 1, 2, 1, 33, 89, NULL),
	(146, 1, 1, '2020-03-26 19:58:00', 1, 2, 1, 28, 90, NULL),
	(147, 1, 1, '2020-03-26 19:58:05', 1, 2, 1, 23, 92, NULL),
	(148, 1, 1, '2020-03-26 19:58:10', 1, 2, 1, 18, 94, NULL),
	(149, 1, 1, '2020-03-26 19:58:16', 1, 2, 1, 13, 95, NULL),
	(150, 1, 1, '2020-03-26 19:58:29', 1, 2, 1, 8, 97, NULL),
	(151, 1, 1, '2020-03-26 19:58:34', 1, 2, 1, 3, 99, NULL),
	(152, 1, 1, '2020-03-26 19:58:38', 1, 2, 2, 0, 100, NULL),
	(153, 1, 1, '2020-03-26 19:58:57', 1, 1, 1, 0, 0, NULL),
	(154, 1, 1, '2020-03-26 19:59:05', 1, 1, 1, 55, 6, NULL),
	(155, 1, 1, '2020-03-26 19:59:10', 1, 1, 1, 50, 16, NULL),
	(156, 1, 1, '2020-03-26 19:59:16', 1, 1, 1, 45, 23, NULL),
	(157, 1, 1, '2020-03-26 19:59:20', 1, 1, 1, 40, 33, NULL),
	(158, 1, 1, '2020-03-26 19:59:25', 1, 1, 1, 35, 41, NULL),
	(159, 1, 1, '2020-03-26 19:59:30', 1, 1, 1, 30, 50, NULL),
	(160, 1, 1, '2020-03-26 19:59:36', 1, 1, 1, 25, 56, NULL),
	(161, 1, 1, '2020-03-26 19:59:51', 1, 1, 1, 20, 65, NULL),
	(162, 1, 1, '2020-03-26 19:59:55', 1, 1, 1, 15, 73, NULL),
	(163, 1, 1, '2020-03-26 20:00:01', 1, 1, 1, 10, 81, NULL),
	(164, 1, 1, '2020-03-26 20:00:05', 1, 1, 1, 5, 91, NULL),
	(165, 1, 1, '2020-03-26 20:00:11', 1, 1, 2, 0, 100, NULL),
	(166, 1, 1, '2020-03-26 20:29:04', 4, 0, 1, 0, 100, NULL),
	(167, 1, 1, '2020-03-26 20:49:21', 1, 1, 1, 515, 0, NULL),
	(168, 1, 1, '2020-03-26 20:49:28', 1, 1, 1, 55, 6, NULL),
	(169, 1, 1, '2020-03-26 20:49:29', 1, 1, 3, 55, 100, NULL),
	(170, 1, 1, '2020-03-26 21:17:45', 4, 0, 1, 0, 0, NULL),
	(171, 1, 1, '2020-03-26 21:48:05', 4, 0, 3, 105, 100, NULL),
	(172, 1, 1, '2020-03-26 22:20:01', 4, 0, 1, 0, 0, NULL),
	(173, 1, 1, '2020-03-26 22:40:39', 4, 0, 3, 225, 100, NULL),
	(174, 1, 1, '2020-03-26 23:32:04', 3, 4, 1, 225, 0, NULL),
	(175, 1, 1, '2020-03-26 23:32:09', 3, 4, 2, -2862, 100, NULL),
	(176, 1, 1, '2020-03-26 23:39:06', 3, 1, 1, -2862, 0, NULL),
	(177, 1, 1, '2020-03-26 23:39:11', 3, 1, 2, -3284, 100, NULL),
	(178, 1, 1, '2020-03-26 23:47:35', 1, 7, 1, 0, 0, NULL),
	(179, 1, 1, '2020-03-26 23:47:39', 1, 7, 2, 0, 100, NULL),
	(180, 1, 1, '2020-03-26 23:47:51', 3, 1, 1, 0, 0, NULL),
	(181, 1, 1, '2020-03-26 23:47:58', 3, 1, 1, 7889245, 0, NULL),
	(182, 1, 1, '2020-03-26 23:48:04', 3, 1, 1, 7889240, 0, NULL),
	(183, 1, 1, '2020-03-26 23:48:09', 3, 1, 1, 7889235, 0, NULL),
	(184, 1, 1, '2020-03-26 23:48:13', 3, 1, 1, 7889230, 0, NULL),
	(185, 1, 1, '2020-03-26 23:48:18', 3, 1, 1, 7889225, 0, NULL),
	(186, 1, 1, '2020-03-26 23:48:24', 3, 1, 1, 7889220, 0, NULL),
	(187, 1, 1, '2020-03-26 23:48:28', 3, 1, 1, 7889215, 0, NULL),
	(188, 1, 1, '2020-03-26 23:48:35', 3, 1, 1, 7889210, 0, NULL),
	(189, 1, 1, '2020-03-26 23:48:41', 3, 1, 1, 7889205, 0, NULL),
	(190, 1, 1, '2020-03-26 23:48:44', 3, 1, 1, 7889200, 0, NULL),
	(191, 1, 1, '2020-03-26 23:48:49', 3, 1, 1, 7889195, 0, NULL),
	(192, 1, 1, '2020-03-26 23:48:55', 3, 1, 1, 7889190, 0, NULL),
	(193, 1, 1, '2020-03-26 23:48:59', 3, 1, 1, 7889185, 0, NULL),
	(194, 1, 1, '2020-03-26 23:49:04', 3, 1, 1, 7889180, 0, NULL),
	(195, 1, 1, '2020-03-26 23:49:08', 3, 1, 1, 7889175, 0, NULL),
	(196, 1, 1, '2020-03-26 23:49:13', 3, 1, 1, 7889170, 0, NULL),
	(197, 1, 1, '2020-03-26 23:49:19', 3, 1, 1, 7889165, 0, NULL),
	(198, 1, 1, '2020-03-26 23:49:24', 3, 1, 1, 7889160, 0, NULL),
	(199, 1, 1, '2020-03-26 23:49:28', 3, 1, 1, 7889155, 0, NULL),
	(200, 1, 1, '2020-03-26 23:49:35', 3, 1, 1, 7889150, 0, NULL),
	(201, 1, 1, '2020-03-26 23:49:40', 3, 1, 1, 7889145, 0, NULL),
	(202, 1, 1, '2020-03-26 23:49:44', 3, 1, 1, 7889140, 0, NULL),
	(203, 1, 1, '2020-03-26 23:49:48', 3, 1, 1, 7889135, 0, NULL),
	(204, 1, 1, '2020-03-26 23:49:56', 3, 1, 1, 7889130, 0, NULL),
	(205, 1, 1, '2020-03-26 23:49:59', 3, 1, 1, 7889124, 0, NULL),
	(206, 1, 1, '2020-03-26 23:50:05', 3, 1, 1, 7889119, 0, NULL),
	(207, 1, 1, '2020-03-26 23:50:10', 3, 1, 1, 7889114, 0, NULL),
	(208, 1, 1, '2020-03-26 23:50:16', 3, 1, 1, 7889109, 0, NULL),
	(209, 1, 1, '2020-03-26 23:50:27', 3, 1, 1, 7889104, 0, NULL),
	(210, 1, 1, '2020-03-26 23:50:31', 3, 1, 1, 7889094, 0, NULL),
	(211, 1, 1, '2020-03-26 23:50:40', 3, 1, 1, 7889089, 0, NULL),
	(212, 1, 1, '2020-03-26 23:50:45', 3, 1, 1, 7889080, 0, NULL),
	(213, 1, 1, '2020-03-26 23:50:48', 3, 1, 1, 7889075, 0, NULL),
	(214, 1, 1, '2020-03-26 23:51:00', 3, 1, 1, 7889070, 0, NULL),
	(215, 1, 1, '2020-03-26 23:51:03', 3, 1, 1, 7889061, 0, NULL),
	(216, 1, 1, '2020-03-26 23:51:08', 3, 1, 1, 7889056, 0, NULL),
	(217, 1, 1, '2020-03-26 23:51:12', 3, 1, 1, 7889051, 0, NULL),
	(218, 1, 1, '2020-03-26 23:51:17', 3, 1, 1, 7889046, 0, NULL),
	(219, 1, 1, '2020-03-26 23:51:22', 3, 1, 1, 7889041, 0, NULL),
	(220, 1, 1, '2020-03-26 23:51:28', 3, 1, 1, 7889036, 0, NULL),
	(221, 1, 1, '2020-03-26 23:51:33', 3, 1, 1, 7889031, 0, NULL),
	(222, 1, 1, '2020-03-26 23:51:37', 3, 1, 1, 7889026, 0, NULL),
	(223, 1, 1, '2020-03-26 23:51:42', 3, 1, 1, 7889021, 0, NULL),
	(224, 1, 1, '2020-03-26 23:51:47', 3, 1, 1, 7889016, 0, NULL),
	(225, 1, 1, '2020-03-26 23:51:55', 3, 1, 1, 7889011, 0, NULL),
	(226, 1, 1, '2020-03-26 23:51:58', 3, 1, 1, 7889005, 0, NULL),
	(227, 1, 1, '2020-03-26 23:52:04', 3, 1, 1, 7889000, 0, NULL),
	(228, 1, 1, '2020-03-26 23:52:09', 3, 1, 1, 7888995, 0, NULL),
	(229, 1, 1, '2020-03-26 23:52:13', 3, 1, 1, 7888990, 0, NULL),
	(230, 1, 1, '2020-03-26 23:52:18', 3, 1, 1, 7888985, 0, NULL),
	(231, 1, 1, '2020-03-26 23:52:24', 3, 1, 1, 7888979, 0, NULL),
	(232, 1, 1, '2020-03-26 23:52:30', 3, 1, 1, 7888974, 0, NULL),
	(233, 1, 1, '2020-03-26 23:52:34', 3, 1, 1, 7888969, 0, NULL),
	(234, 1, 1, '2020-03-26 23:52:39', 3, 1, 1, 7888964, 0, NULL),
	(235, 1, 1, '2020-03-26 23:52:44', 3, 1, 1, 7888959, 0, NULL),
	(236, 1, 1, '2020-03-26 23:52:50', 3, 1, 1, 7888954, 0, NULL),
	(237, 1, 1, '2020-03-26 23:52:54', 3, 1, 1, 7888949, 0, NULL),
	(238, 1, 1, '2020-03-26 23:52:59', 3, 1, 1, 7888944, 0, NULL),
	(239, 1, 1, '2020-03-26 23:53:04', 3, 1, 1, 7888939, 0, NULL),
	(240, 1, 1, '2020-03-26 23:53:10', 3, 1, 1, 7888934, 0, NULL),
	(241, 1, 1, '2020-03-26 23:53:15', 3, 1, 1, 7888929, 0, NULL),
	(242, 1, 1, '2020-03-26 23:53:19', 3, 1, 1, 7888924, 0, NULL),
	(243, 1, 1, '2020-03-26 23:53:24', 3, 1, 1, 7888919, 0, NULL),
	(244, 1, 1, '2020-03-26 23:53:29', 3, 1, 1, 7888914, 0, NULL),
	(245, 1, 1, '2020-03-26 23:53:35', 3, 1, 1, 7888909, 0, NULL),
	(246, 1, 1, '2020-03-26 23:53:40', 3, 1, 1, 7888904, 0, NULL),
	(247, 1, 1, '2020-03-26 23:53:44', 3, 1, 1, 7888899, 0, NULL),
	(248, 1, 1, '2020-03-26 23:53:49', 3, 1, 1, 7888894, 0, NULL),
	(249, 1, 1, '2020-03-26 23:53:55', 3, 1, 1, 7888889, 0, NULL),
	(250, 1, 1, '2020-03-26 23:54:00', 3, 1, 1, 7888884, 0, NULL),
	(251, 1, 1, '2020-03-26 23:54:04', 3, 1, 1, 7888879, 0, NULL),
	(252, 1, 1, '2020-03-26 23:54:09', 3, 1, 1, 7888874, 0, NULL),
	(253, 1, 1, '2020-03-26 23:54:15', 3, 1, 1, 7888869, 0, NULL),
	(254, 1, 1, '2020-03-26 23:54:20', 3, 1, 1, 7888864, 0, NULL),
	(255, 1, 1, '2020-03-26 23:54:24', 3, 1, 1, 7888859, 0, NULL),
	(256, 1, 1, '2020-03-26 23:54:29', 3, 1, 1, 7888854, 0, NULL),
	(257, 1, 1, '2020-03-26 23:54:35', 3, 1, 1, 7888849, 0, NULL),
	(258, 1, 1, '2020-03-26 23:54:40', 3, 1, 1, 7888844, 0, NULL),
	(259, 1, 1, '2020-03-26 23:54:44', 3, 1, 1, 7888839, 0, NULL),
	(260, 1, 1, '2020-03-26 23:54:52', 3, 1, 1, 7888834, 0, NULL),
	(261, 1, 1, '2020-03-26 23:54:54', 3, 1, 1, 7888829, 0, NULL),
	(262, 1, 1, '2020-03-26 23:54:59', 3, 1, 1, 7888824, 0, NULL),
	(263, 1, 1, '2020-03-26 23:55:04', 3, 1, 1, 7888819, 0, NULL),
	(264, 1, 1, '2020-03-26 23:55:10', 3, 1, 1, 7888814, 0, NULL),
	(265, 1, 1, '2020-03-26 23:55:15', 3, 1, 1, 7888809, 0, NULL),
	(266, 1, 1, '2020-03-26 23:55:19', 3, 1, 1, 7888804, 0, NULL),
	(267, 1, 1, '2020-03-26 23:55:24', 3, 1, 1, 7888799, 0, NULL),
	(268, 1, 1, '2020-03-26 23:55:30', 3, 1, 1, 7888794, 0, NULL),
	(269, 1, 1, '2020-03-26 23:55:35', 3, 1, 1, 7888789, 0, NULL),
	(270, 1, 1, '2020-03-26 23:55:39', 3, 1, 1, 7888784, 0, NULL),
	(271, 1, 1, '2020-03-26 23:55:44', 3, 1, 1, 7888779, 0, NULL),
	(272, 1, 1, '2020-03-26 23:55:50', 3, 1, 1, 7888774, 0, NULL),
	(273, 1, 1, '2020-03-26 23:55:55', 3, 1, 1, 7888769, 0, NULL),
	(274, 1, 1, '2020-03-26 23:55:55', 3, 1, 3, 7888769, 100, NULL),
	(275, 1, 1, '2020-03-26 23:56:15', 3, 1, 1, 7888769, 0, NULL),
	(276, 1, 1, '2020-03-26 23:56:21', 3, 1, 1, 7889245, 0, NULL),
	(277, 1, 1, '2020-03-26 23:56:36', 3, 1, 1, 7889240, 0, NULL),
	(278, 1, 1, '2020-03-26 23:56:42', 3, 1, 1, 7889235, 0, NULL),
	(279, 1, 1, '2020-03-26 23:56:47', 3, 1, 1, 7889230, 0, NULL),
	(280, 1, 1, '2020-03-26 23:57:03', 3, 1, 1, 7889225, 0, NULL),
	(281, 1, 1, '2020-03-26 23:57:12', 3, 1, 1, 7889220, 0, NULL),
	(282, 1, 1, '2020-03-26 23:58:19', 3, 1, 1, 7889215, 0, NULL),
	(283, 1, 1, '2020-03-26 23:58:22', 3, 1, 1, 7889207, 0, NULL),
	(284, 1, 1, '2020-03-26 23:58:27', 3, 1, 1, 7889202, 0, NULL),
	(285, 1, 1, '2020-03-26 23:59:09', 3, 1, 1, 7889197, 0, NULL),
	(286, 1, 1, '2020-03-26 23:59:16', 3, 1, 1, 7889192, 0, NULL),
	(287, 1, 1, '2020-03-26 23:59:23', 3, 1, 1, 7889185, 0, NULL),
	(288, 1, 1, '2020-03-26 23:59:35', 3, 1, 1, 7889178, 0, NULL),
	(289, 1, 1, '2020-03-26 23:59:39', 3, 1, 1, 7889166, 0, NULL),
	(290, 1, 1, '2020-03-26 23:59:42', 3, 1, 1, 7889161, 0, NULL),
	(291, 1, 1, '2020-03-26 23:59:47', 3, 1, 1, 7889156, 0, NULL),
	(292, 1, 1, '2020-03-26 23:59:52', 3, 1, 1, 7889151, 0, NULL),
	(293, 1, 1, '2020-03-26 23:59:58', 3, 1, 1, 7889146, 0, NULL),
	(294, 1, 1, '2020-03-27 00:00:03', 3, 1, 1, 7889141, 0, NULL),
	(295, 1, 1, '2020-03-27 00:00:07', 3, 1, 1, 7889136, 0, NULL),
	(296, 1, 1, '2020-03-27 00:00:15', 3, 1, 1, 7889131, 0, NULL),
	(297, 1, 1, '2020-03-27 00:00:17', 3, 1, 1, 7889126, 0, NULL),
	(298, 1, 1, '2020-03-27 00:00:22', 3, 1, 1, 7889121, 0, NULL),
	(299, 1, 1, '2020-03-27 00:00:27', 3, 1, 1, 7889116, 0, NULL),
	(300, 1, 1, '2020-03-27 00:00:33', 3, 1, 1, 7889111, 0, NULL),
	(301, 1, 1, '2020-03-27 00:00:38', 3, 1, 1, 7889106, 0, NULL),
	(302, 1, 1, '2020-03-27 00:00:44', 3, 1, 1, 7889101, 0, NULL),
	(303, 1, 1, '2020-03-27 00:00:45', 3, 1, 3, 7889101, 100, NULL),
	(304, 1, 1, '2020-03-27 00:02:11', 2, 1, 1, 0, 0, NULL),
	(305, 1, 1, '2020-03-27 00:02:19', 2, 1, 1, 55, 6, NULL),
	(306, 1, 1, '2020-03-27 00:02:25', 2, 1, 1, 50, 15, NULL),
	(307, 1, 1, '2020-03-27 00:02:29', 2, 1, 1, 45, 25, NULL),
	(308, 1, 1, '2020-03-27 00:02:34', 2, 1, 1, 40, 33, NULL),
	(309, 1, 1, '2020-03-27 00:02:39', 2, 1, 1, 35, 41, NULL),
	(310, 1, 1, '2020-03-27 00:03:02', 2, 1, 1, 30, 48, NULL),
	(311, 1, 1, '2020-03-27 00:03:05', 2, 1, 1, 22, 63, NULL),
	(312, 1, 1, '2020-03-27 00:03:11', 2, 1, 1, 17, 71, NULL),
	(313, 1, 1, '2020-03-27 00:03:23', 2, 1, 1, 12, 80, NULL),
	(314, 1, 1, '2020-03-27 00:03:29', 2, 1, 1, 1, 98, NULL),
	(315, 1, 1, '2020-03-27 00:03:40', 2, 1, 2, -5, 100, NULL),
	(316, 1, 1, '2020-03-28 19:16:50', 1, 1, 1, 0, 0, NULL),
	(317, 1, 1, '2020-03-28 19:16:57', 1, 1, 1, 55, 6, NULL),
	(318, 1, 1, '2020-03-28 19:17:02', 1, 1, 1, 50, 16, NULL),
	(319, 1, 1, '2020-03-28 19:17:07', 1, 1, 1, 45, 25, NULL),
	(320, 1, 1, '2020-03-28 19:17:12', 1, 1, 1, 40, 33, NULL),
	(321, 1, 1, '2020-03-28 19:17:18', 1, 1, 1, 35, 40, NULL),
	(322, 1, 1, '2020-03-28 19:17:22', 1, 1, 1, 30, 50, NULL),
	(323, 1, 1, '2020-03-28 19:17:27', 1, 1, 1, 25, 58, NULL),
	(324, 1, 1, '2020-03-28 19:17:32', 1, 1, 1, 20, 66, NULL),
	(325, 1, 1, '2020-03-28 19:17:36', 1, 1, 1, 15, 75, NULL),
	(326, 1, 1, '2020-03-28 19:17:42', 1, 1, 1, 10, 81, NULL),
	(327, 1, 1, '2020-03-28 19:17:47', 1, 1, 1, 5, 91, NULL),
	(328, 1, 1, '2020-03-28 19:17:53', 1, 1, 2, 0, 100, NULL),
	(329, 1, 1, '2020-04-01 12:14:02', 1, 1, 1, 0, 0, NULL),
	(330, 1, 1, '2020-04-01 12:14:10', 1, 1, 1, 55, 6, NULL),
	(331, 1, 1, '2020-04-01 12:14:15', 1, 1, 1, 50, 16, NULL),
	(332, 1, 1, '2020-04-01 12:14:24', 1, 1, 1, 45, 23, NULL),
	(333, 1, 1, '2020-04-01 12:14:26', 1, 1, 1, 39, 35, NULL),
	(334, 1, 1, '2020-04-01 12:14:46', 1, 1, 1, 34, 41, NULL),
	(335, 1, 1, '2020-04-01 12:14:52', 1, 1, 1, 29, 50, NULL),
	(336, 1, 1, '2020-04-01 12:14:57', 1, 1, 1, 24, 60, NULL),
	(337, 1, 1, '2020-04-01 12:15:01', 1, 1, 1, 19, 68, NULL),
	(338, 1, 1, '2020-04-01 12:15:07', 1, 1, 1, 14, 76, NULL),
	(339, 1, 1, '2020-04-01 12:15:12', 1, 1, 1, 9, 85, NULL),
	(340, 1, 1, '2020-04-01 12:15:16', 1, 1, 1, 4, 91, NULL),
	(341, 1, 1, '2020-04-01 12:15:22', 1, 1, 2, 0, 100, NULL),
	(342, 1, 1, '2020-04-03 13:49:55', 1, 1, 1, 0, 0, NULL),
	(343, 1, 1, '2020-04-03 13:50:03', 1, 1, 1, 55, 6, NULL),
	(344, 1, 1, '2020-04-03 13:50:04', 1, 1, 3, 55, 100, NULL),
	(345, 1, 1, '2020-04-03 13:50:16', 1, 1, 1, 55, 0, NULL),
	(346, 1, 1, '2020-04-03 13:50:24', 1, 1, 1, 55, 6, NULL),
	(347, 1, 1, '2020-04-03 13:50:25', 1, 1, 3, 55, 100, NULL),
	(348, 1, 1, '2020-04-05 16:57:06', 1, 1, 1, 0, 0, NULL),
	(349, 1, 1, '2020-04-05 16:57:15', 1, 1, 1, 55, 6, NULL),
	(350, 1, 1, '2020-04-05 16:57:22', 1, 1, 1, 50, 15, NULL),
	(351, 1, 1, '2020-04-05 16:57:26', 1, 1, 1, 44, 26, NULL),
	(352, 1, 1, '2020-04-05 16:57:31', 1, 1, 1, 39, 33, NULL),
	(353, 1, 1, '2020-04-05 16:57:39', 1, 1, 1, 34, 41, NULL),
	(354, 1, 1, '2020-04-05 16:57:45', 1, 1, 1, 27, 55, NULL),
	(355, 1, 1, '2020-04-05 16:57:48', 1, 1, 1, 21, 65, NULL),
	(356, 1, 1, '2020-04-05 16:57:52', 1, 1, 1, 16, 73, NULL),
	(357, 1, 1, '2020-04-05 16:57:58', 1, 1, 1, 11, 80, NULL),
	(358, 1, 1, '2020-04-05 16:58:03', 1, 1, 1, 6, 90, NULL),
	(359, 1, 1, '2020-04-05 16:58:08', 1, 1, 1, 1, 98, NULL),
	(360, 1, 1, '2020-04-05 16:58:12', 1, 1, 2, -2, 100, NULL),
	(361, 1, 1, '2020-04-05 18:12:24', 1, 2, 1, 0, 0, NULL),
	(362, 1, 1, '2020-04-05 18:12:32', 1, 2, 1, 295, 1, NULL),
	(363, 1, 1, '2020-04-05 18:12:37', 1, 2, 1, 290, 3, NULL),
	(364, 1, 1, '2020-04-05 18:12:43', 1, 2, 1, 285, 4, NULL),
	(365, 1, 1, '2020-04-05 18:12:48', 1, 2, 1, 280, 6, NULL),
	(366, 1, 1, '2020-04-05 18:12:52', 1, 2, 1, 275, 8, NULL),
	(367, 1, 1, '2020-04-05 18:12:57', 1, 2, 1, 270, 10, NULL),
	(368, 1, 1, '2020-04-05 18:13:03', 1, 2, 1, 265, 11, NULL),
	(369, 1, 1, '2020-04-05 18:13:07', 1, 2, 1, 260, 13, NULL),
	(370, 1, 1, '2020-04-05 18:13:12', 1, 2, 1, 255, 15, NULL),
	(371, 1, 1, '2020-04-05 18:13:17', 1, 2, 1, 250, 16, NULL),
	(372, 1, 1, '2020-04-05 18:13:23', 1, 2, 1, 245, 18, NULL),
	(373, 1, 1, '2020-04-05 18:13:27', 1, 2, 1, 240, 20, NULL),
	(374, 1, 1, '2020-04-05 18:13:32', 1, 2, 1, 235, 21, NULL),
	(375, 1, 1, '2020-04-05 18:13:40', 1, 2, 1, 230, 23, NULL),
	(376, 1, 1, '2020-04-05 18:16:02', 1, 2, 1, 172, 42, NULL),
	(377, 1, 1, '2020-04-06 12:56:02', 1, 2, 1, 167, 44, NULL),
	(378, 1, 1, '2020-04-06 12:56:07', 1, 2, 1, 162, 46, NULL),
	(379, 1, 1, '2020-04-06 12:56:16', 1, 2, 1, 157, 47, NULL),
	(380, 1, 1, '2020-04-06 12:56:20', 1, 2, 1, 151, 49, NULL),
	(381, 1, 1, '2020-04-06 12:56:24', 1, 2, 1, 146, 51, NULL),
	(382, 1, 1, '2020-04-06 12:56:29', 1, 2, 1, 141, 53, NULL),
	(383, 1, 1, '2020-04-06 12:56:41', 1, 2, 1, 136, 54, NULL),
	(384, 1, 1, '2020-04-06 12:56:52', 1, 2, 1, 126, 58, NULL),
	(385, 1, 1, '2020-04-06 12:56:58', 1, 2, 1, 114, 62, NULL),
	(386, 1, 1, '2020-04-06 12:57:01', 1, 2, 1, 109, 63, NULL),
	(387, 1, 1, '2020-04-06 12:57:07', 1, 2, 1, 104, 65, NULL),
	(388, 1, 1, '2020-04-06 12:57:15', 1, 2, 1, 99, 66, NULL),
	(389, 1, 1, '2020-04-06 12:57:23', 1, 2, 1, 92, 69, NULL),
	(390, 1, 1, '2020-04-06 12:57:27', 1, 2, 1, 84, 72, NULL),
	(391, 1, 1, '2020-04-06 12:57:51', 1, 2, 1, 62, 79, NULL),
	(392, 1, 1, '2020-04-06 12:58:02', 1, 2, 1, 56, 81, NULL),
	(393, 1, 1, '2020-04-06 12:58:16', 1, 2, 1, 45, 85, NULL),
	(394, 1, 1, '2020-04-06 12:58:19', 1, 2, 1, 31, 89, NULL),
	(395, 1, 1, '2020-04-06 12:58:34', 1, 2, 1, 26, 91, NULL),
	(396, 1, 1, '2020-04-06 12:58:46', 1, 2, 1, 18, 94, NULL),
	(397, 1, 1, '2020-04-06 12:58:49', 1, 2, 1, 1, 99, NULL),
	(398, 1, 1, '2020-04-06 12:58:56', 1, 2, 2, -2, 100, NULL),
	(399, 1, 1, '2020-04-06 17:10:18', 1, 1, 1, 0, 0, NULL),
	(400, 1, 1, '2020-04-06 17:10:30', 1, 1, 1, 55, 6, NULL),
	(401, 1, 1, '2020-04-06 17:10:47', 1, 1, 1, 47, 21, NULL),
	(402, 1, 1, '2020-04-06 17:10:48', 1, 1, 1, 36, 40, NULL),
	(403, 1, 1, '2020-04-06 17:11:02', 1, 1, 1, 18, 70, NULL),
	(404, 1, 1, '2020-04-06 17:11:06', 1, 1, 1, 29, 51, NULL),
	(405, 1, 1, '2020-04-06 17:11:10', 1, 1, 1, 13, 78, NULL),
	(406, 1, 1, '2020-04-06 17:11:18', 1, 1, 1, 7, 88, NULL),
	(407, 1, 1, '2020-04-06 17:11:25', 1, 1, 2, -1, 100, NULL),
	(408, 1, 1, '2020-04-06 17:11:51', 1, 1, 1, -1, 0, NULL),
	(409, 1, 1, '2020-04-06 17:11:58', 1, 1, 1, 55, 6, NULL),
	(410, 1, 1, '2020-04-06 17:12:03', 1, 1, 1, 50, 16, NULL),
	(411, 1, 1, '2020-04-06 17:12:04', 1, 1, 3, 50, 100, NULL),
	(412, 1, 1, '2020-04-06 17:12:11', 1, 1, 1, 50, 0, NULL),
	(413, 1, 1, '2020-04-06 17:12:22', 1, 1, 1, 55, 6, NULL),
	(414, 1, 1, '2020-04-06 17:14:47', 1, 1, 1, 50, 15, NULL),
	(415, 1, 1, '2020-04-06 17:14:48', 1, 1, 3, 50, 100, NULL),
	(416, 1, 1, '2020-04-09 00:30:31', 1, 1, 1, 0, 0, NULL),
	(417, 1, 1, '2020-04-09 00:30:39', 1, 1, 1, 55, 6, NULL),
	(418, 1, 1, '2020-04-09 00:30:45', 1, 1, 1, 50, 15, NULL),
	(419, 1, 1, '2020-04-09 00:30:46', 1, 1, 3, 50, 100, NULL),
	(420, 1, 1, '2020-04-09 00:31:19', 1, 1, 1, 50, 0, NULL),
	(421, 1, 1, '2020-04-09 00:31:27', 1, 1, 1, 55, 6, NULL),
	(422, 1, 1, '2020-04-09 00:31:28', 1, 1, 3, 55, 100, NULL),
	(423, 1, 1, '2020-04-09 00:32:24', 1, 1, 1, 55, 6, NULL),
	(424, 1, 1, '2020-04-09 00:32:26', 1, 1, 1, 55, 0, NULL),
	(425, 1, 1, '2020-04-09 00:32:29', 1, 1, 1, 44, 26, NULL),
	(426, 1, 1, '2020-04-09 00:32:32', 1, 1, 1, 39, 35, NULL),
	(427, 1, 1, '2020-04-09 00:39:27', 1, 1, 1, 34, 41, NULL),
	(428, 1, 1, '2020-04-09 00:39:29', 1, 1, 1, 28, 53, NULL),
	(429, 1, 1, '2020-04-09 00:39:36', 1, 1, 1, 23, 61, NULL),
	(430, 1, 1, '2020-04-09 00:39:39', 1, 1, 1, 18, 68, NULL),
	(431, 1, 1, '2020-04-09 00:39:44', 1, 1, 1, 13, 78, NULL),
	(432, 1, 1, '2020-04-09 00:39:50', 1, 1, 1, 8, 85, NULL),
	(433, 1, 1, '2020-04-09 00:39:58', 1, 1, 1, 3, 95, NULL),
	(434, 1, 1, '2020-04-09 00:40:02', 1, 1, 2, -3, 100, NULL),
	(435, 1, 1, '2020-04-09 00:47:10', 1, 1, 1, 20, 65, NULL),
	(436, 1, 1, '2020-04-09 00:47:15', 1, 1, 1, 15, 75, NULL),
	(437, 1, 1, '2020-04-09 00:47:20', 1, 1, 1, 10, 83, NULL),
	(438, 1, 1, '2020-04-09 00:47:25', 1, 1, 1, 5, 91, NULL),
	(439, 1, 1, '2020-04-09 00:47:31', 1, 1, 2, 0, 100, NULL),
	(440, 1, 1, '2020-04-09 11:10:15', 1, 1, 1, 0, 0, NULL),
	(441, 1, 1, '2020-04-09 11:10:23', 1, 1, 1, 55, 6, NULL),
	(442, 1, 1, '2020-04-09 11:10:28', 1, 1, 1, 50, 16, NULL),
	(443, 1, 1, '2020-04-09 11:10:33', 1, 1, 1, 45, 23, NULL),
	(444, 1, 1, '2020-04-09 11:10:38', 1, 1, 1, 40, 33, NULL),
	(445, 1, 1, '2020-04-09 11:10:43', 1, 1, 1, 35, 41, NULL),
	(446, 1, 1, '2020-04-09 11:11:55', 1, 1, 1, 30, 48, NULL),
	(447, 1, 1, '2020-04-09 11:11:58', 1, 1, 1, 18, 70, NULL),
	(448, 1, 1, '2020-04-09 11:12:23', 1, 1, 2, -3, 100, NULL),
	(449, 1, 1, '2020-04-09 11:14:10', 1, 1, 1, 0, 0, NULL),
	(450, 1, 1, '2020-04-09 11:14:27', 1, 1, 1, 55, 6, NULL),
	(451, 1, 1, '2020-04-09 11:14:38', 1, 1, 1, 43, 28, NULL),
	(452, 1, 1, '2020-04-09 11:15:22', 1, 1, 1, 4, 93, NULL),
	(453, 1, 1, '2020-04-09 11:15:30', 1, 1, 2, -13, 100, NULL),
	(454, 1, 1, '2020-04-09 11:28:27', 1, 1, 1, 0, 0, NULL),
	(455, 1, 1, '2020-04-09 11:28:35', 1, 1, 1, 55, 6, NULL),
	(456, 1, 1, '2020-04-09 11:28:40', 1, 1, 1, 50, 16, NULL),
	(457, 1, 1, '2020-04-09 11:28:45', 1, 1, 1, 45, 25, NULL),
	(458, 1, 1, '2020-04-09 11:28:50', 1, 1, 1, 40, 33, NULL),
	(459, 1, 1, '2020-04-09 11:28:55', 1, 1, 1, 35, 41, NULL),
	(460, 1, 1, '2020-04-09 11:29:00', 1, 1, 1, 30, 48, NULL),
	(461, 1, 1, '2020-04-09 11:29:05', 1, 1, 1, 25, 58, NULL),
	(462, 1, 1, '2020-04-09 11:29:10', 1, 1, 1, 20, 66, NULL),
	(463, 1, 1, '2020-04-09 11:29:15', 1, 1, 1, 15, 75, NULL),
	(464, 1, 1, '2020-04-09 11:29:20', 1, 1, 1, 10, 83, NULL),
	(465, 1, 1, '2020-04-09 11:29:25', 1, 1, 1, 5, 91, NULL),
	(466, 1, 1, '2020-04-09 11:29:31', 1, 1, 2, 0, 100, NULL),
	(467, 1, 1, '2020-04-09 11:33:58', 2, 1, 1, 0, 0, NULL),
	(468, 1, 1, '2020-04-09 11:34:06', 2, 1, 1, 55, 6, NULL),
	(469, 1, 1, '2020-04-09 11:34:11', 2, 1, 1, 50, 16, NULL),
	(470, 1, 1, '2020-04-09 11:34:16', 2, 1, 1, 45, 25, NULL),
	(471, 1, 1, '2020-04-09 11:34:20', 2, 1, 1, 40, 33, NULL),
	(472, 1, 1, '2020-04-09 11:34:26', 2, 1, 1, 35, 40, NULL),
	(473, 1, 1, '2020-04-09 11:34:31', 2, 1, 1, 30, 50, NULL),
	(474, 1, 1, '2020-04-09 11:34:36', 2, 1, 1, 25, 58, NULL),
	(475, 1, 1, '2020-04-09 11:34:41', 2, 1, 1, 20, 66, NULL),
	(476, 1, 1, '2020-04-09 11:34:46', 2, 1, 1, 15, 75, NULL),
	(477, 1, 1, '2020-04-09 11:34:52', 2, 1, 1, 10, 83, NULL),
	(478, 1, 1, '2020-04-09 11:34:56', 2, 1, 1, 5, 90, NULL),
	(479, 1, 1, '2020-04-09 11:35:02', 2, 1, 2, 0, 100, NULL),
	(480, 1, 1, '2020-04-09 11:35:19', 4, 1, 1, 0, 0, NULL),
	(481, 1, 1, '2020-04-09 11:35:26', 4, 1, 1, 7889245, 0, NULL),
	(482, 1, 1, '2020-04-09 11:35:31', 4, 1, 1, 7889240, 0, NULL),
	(483, 1, 1, '2020-04-09 11:35:36', 4, 1, 1, 7889235, 0, NULL),
	(484, 1, 1, '2020-04-09 11:35:37', 4, 1, 3, 7889235, 100, NULL),
	(485, 1, 1, '2020-04-09 11:53:15', 1, 1, 1, 0, 0, NULL),
	(486, 1, 1, '2020-04-09 11:53:23', 1, 1, 1, 55, 6, NULL),
	(487, 1, 1, '2020-04-09 11:53:24', 1, 1, 3, 55, 100, NULL),
	(488, 1, 1, '2020-05-08 00:12:41', 1, 1, 1, 0, 0, NULL),
	(489, 1, 1, '2020-05-08 00:12:49', 1, 1, 1, 55, 6, NULL),
	(490, 1, 1, '2020-05-08 00:12:54', 1, 1, 1, 50, 16, NULL),
	(491, 1, 1, '2020-05-08 00:12:59', 1, 1, 1, 45, 25, NULL),
	(492, 1, 1, '2020-05-08 00:13:06', 1, 1, 1, 40, 33, NULL),
	(493, 1, 1, '2020-05-08 00:13:09', 1, 1, 1, 35, 41, NULL),
	(494, 1, 1, '2020-05-08 00:13:17', 1, 1, 1, 30, 50, NULL),
	(495, 1, 1, '2020-05-08 00:13:20', 1, 1, 1, 24, 60, NULL),
	(496, 1, 1, '2020-05-08 00:13:34', 1, 1, 1, 19, 66, NULL),
	(497, 1, 1, '2020-05-08 00:13:37', 1, 1, 1, 7, 88, NULL),
	(498, 1, 1, '2020-05-08 00:13:42', 1, 1, 1, 2, 96, NULL),
	(499, 1, 1, '2020-05-08 00:13:46', 1, 1, 2, -1, 100, NULL),
	(500, 1, 1, '2020-06-05 10:06:05', 1, 1, 1, 0, 0, NULL),
	(501, 1, 1, '2020-06-05 10:06:13', 1, 1, 1, 55, 6, NULL),
	(502, 1, 1, '2020-06-05 10:06:19', 1, 1, 1, 50, 15, NULL),
	(503, 1, 1, '2020-06-05 10:06:24', 1, 1, 1, 45, 25, NULL),
	(504, 1, 1, '2020-06-05 10:06:29', 1, 1, 1, 40, 33, NULL),
	(505, 1, 1, '2020-06-05 10:06:34', 1, 1, 1, 35, 41, NULL),
	(506, 1, 1, '2020-06-05 10:06:39', 1, 1, 1, 30, 50, NULL),
	(507, 1, 1, '2020-06-05 10:06:44', 1, 1, 1, 25, 58, NULL),
	(508, 1, 1, '2020-06-05 10:06:50', 1, 1, 1, 20, 66, NULL),
	(509, 1, 1, '2020-06-05 10:06:54', 1, 1, 1, 15, 73, NULL),
	(510, 1, 1, '2020-06-05 10:06:59', 1, 1, 1, 10, 83, NULL),
	(511, 1, 1, '2020-06-05 10:07:04', 1, 1, 1, 5, 91, NULL),
	(512, 1, 1, '2020-06-05 10:07:10', 1, 1, 2, 0, 100, NULL),
	(513, 1, 1, '2020-06-09 12:20:45', 1, 1, 1, 0, 0, NULL),
	(514, 1, 1, '2020-06-09 12:20:53', 1, 1, 1, 55, 6, NULL),
	(515, 1, 1, '2020-06-09 12:20:59', 1, 1, 1, 50, 16, NULL),
	(516, 1, 1, '2020-06-09 12:21:10', 1, 1, 1, 45, 23, NULL),
	(517, 1, 1, '2020-06-09 12:21:12', 1, 1, 1, 35, 41, NULL),
	(518, 1, 1, '2020-06-09 12:21:20', 1, 1, 1, 29, 51, NULL),
	(519, 1, 1, '2020-06-09 12:21:24', 1, 1, 1, 24, 58, NULL),
	(520, 1, 1, '2020-06-09 12:21:34', 1, 1, 1, 19, 68, NULL),
	(521, 1, 1, '2020-06-09 12:21:41', 1, 1, 1, 11, 81, NULL),
	(522, 1, 1, '2020-06-09 12:21:53', 1, 1, 1, 4, 93, NULL),
	(523, 1, 1, '2020-06-09 12:21:57', 1, 1, 2, -8, 100, NULL),
	(524, 1, 1, '2020-07-10 13:39:36', 1, 1, 1, 0, 0, NULL),
	(525, 1, 1, '2020-07-10 13:39:44', 1, 1, 1, 55, 6, NULL),
	(526, 1, 1, '2020-07-10 13:39:49', 1, 1, 1, 50, 16, NULL),
	(527, 1, 1, '2020-07-10 13:39:55', 1, 1, 1, 45, 23, NULL),
	(528, 1, 1, '2020-07-10 13:39:59', 1, 1, 1, 40, 33, NULL),
	(529, 1, 1, '2020-07-10 13:40:04', 1, 1, 1, 35, 41, NULL),
	(530, 1, 1, '2020-07-10 13:40:09', 1, 1, 1, 30, 50, NULL),
	(531, 1, 1, '2020-07-10 13:40:14', 1, 1, 1, 25, 58, NULL),
	(532, 1, 1, '2020-07-10 13:40:19', 1, 1, 1, 20, 66, NULL),
	(533, 1, 1, '2020-07-10 13:40:25', 1, 1, 1, 15, 73, NULL),
	(534, 1, 1, '2020-07-10 13:40:30', 1, 1, 1, 10, 83, NULL),
	(535, 1, 1, '2020-07-10 13:40:34', 1, 1, 1, 5, 91, NULL),
	(536, 1, 1, '2020-07-10 13:40:41', 1, 1, 2, 0, 100, NULL),
	(537, 1, 1, '2020-07-10 13:41:33', 1, 2, 1, 0, 0, NULL),
	(538, 1, 1, '2020-07-10 13:41:41', 1, 2, 1, 295, 1, NULL),
	(539, 1, 1, '2020-07-10 13:41:46', 1, 2, 1, 290, 3, NULL),
	(540, 1, 1, '2020-07-10 13:41:51', 1, 2, 1, 285, 5, NULL),
	(541, 1, 1, '2020-07-10 13:41:56', 1, 2, 1, 280, 6, NULL),
	(542, 1, 1, '2020-07-10 13:42:01', 1, 2, 1, 275, 8, NULL),
	(543, 1, 1, '2020-07-10 13:42:07', 1, 2, 1, 270, 9, NULL),
	(544, 1, 1, '2020-07-10 13:42:11', 1, 2, 1, 265, 11, NULL),
	(545, 1, 1, '2020-07-10 13:42:16', 1, 2, 1, 260, 13, NULL),
	(546, 1, 1, '2020-07-10 13:42:21', 1, 2, 1, 255, 15, NULL),
	(547, 1, 1, '2020-07-10 13:42:26', 1, 2, 1, 250, 16, NULL),
	(548, 1, 1, '2020-07-10 13:42:31', 1, 2, 1, 245, 18, NULL),
	(549, 1, 1, '2020-07-10 13:42:36', 1, 2, 1, 240, 20, NULL),
	(550, 1, 1, '2020-07-10 13:42:42', 1, 2, 1, 235, 21, NULL),
	(551, 1, 1, '2020-07-10 13:42:46', 1, 2, 1, 230, 23, NULL),
	(552, 1, 1, '2020-07-10 13:42:51', 1, 2, 1, 225, 25, NULL),
	(553, 1, 1, '2020-07-10 13:42:56', 1, 2, 1, 220, 26, NULL),
	(554, 1, 1, '2020-07-10 13:43:01', 1, 2, 1, 215, 28, NULL),
	(555, 1, 1, '2020-07-10 13:43:06', 1, 2, 1, 210, 30, NULL),
	(556, 1, 1, '2020-07-10 13:43:11', 1, 2, 1, 205, 31, NULL),
	(557, 1, 1, '2020-07-10 13:43:17', 1, 2, 1, 200, 33, NULL),
	(558, 1, 1, '2020-07-10 13:43:21', 1, 2, 1, 195, 35, NULL),
	(559, 1, 1, '2020-07-10 13:43:26', 1, 2, 1, 190, 36, NULL),
	(560, 1, 1, '2020-07-10 13:43:31', 1, 2, 1, 185, 38, NULL),
	(561, 1, 1, '2020-07-10 13:43:36', 1, 2, 1, 180, 40, NULL),
	(562, 1, 1, '2020-07-10 13:43:41', 1, 2, 1, 175, 41, NULL),
	(563, 1, 1, '2020-07-10 13:43:46', 1, 2, 1, 170, 43, NULL),
	(564, 1, 1, '2020-07-10 13:43:52', 1, 2, 1, 165, 44, NULL),
	(565, 1, 1, '2020-07-10 13:43:56', 1, 2, 1, 160, 46, NULL),
	(566, 1, 1, '2020-07-10 13:44:01', 1, 2, 1, 155, 48, NULL),
	(567, 1, 1, '2020-07-10 13:44:06', 1, 2, 1, 150, 50, NULL),
	(568, 1, 1, '2020-07-10 13:44:11', 1, 2, 1, 145, 51, NULL),
	(569, 1, 1, '2020-07-10 13:44:16', 1, 2, 1, 140, 53, NULL),
	(570, 1, 1, '2020-07-10 13:44:21', 1, 2, 1, 135, 55, NULL),
	(571, 1, 1, '2020-07-10 13:44:27', 1, 2, 1, 130, 56, NULL),
	(572, 1, 1, '2020-07-10 13:44:31', 1, 2, 1, 125, 58, NULL),
	(573, 1, 1, '2020-07-10 13:44:36', 1, 2, 1, 120, 60, NULL),
	(574, 1, 1, '2020-07-10 13:44:41', 1, 2, 1, 115, 61, NULL),
	(575, 1, 1, '2020-07-10 13:44:46', 1, 2, 1, 110, 63, NULL),
	(576, 1, 1, '2020-07-10 13:44:51', 1, 2, 1, 105, 65, NULL),
	(577, 1, 1, '2020-07-10 13:44:56', 1, 2, 1, 100, 66, NULL),
	(578, 1, 1, '2020-07-10 13:45:02', 1, 2, 1, 95, 68, NULL),
	(579, 1, 1, '2020-07-10 13:45:06', 1, 2, 1, 90, 70, NULL),
	(580, 1, 1, '2020-07-10 13:45:11', 1, 2, 1, 85, 71, NULL),
	(581, 1, 1, '2020-07-10 13:45:16', 1, 2, 1, 80, 73, NULL),
	(582, 1, 1, '2020-07-10 13:45:21', 1, 2, 1, 75, 75, NULL),
	(583, 1, 1, '2020-07-10 13:45:26', 1, 2, 1, 70, 76, NULL),
	(584, 1, 1, '2020-07-10 13:45:31', 1, 2, 1, 65, 78, NULL),
	(585, 1, 1, '2020-07-10 13:45:37', 1, 2, 1, 60, 79, NULL),
	(586, 1, 1, '2020-07-10 13:45:41', 1, 2, 1, 55, 81, NULL),
	(587, 1, 1, '2020-07-10 13:45:46', 1, 2, 1, 50, 83, NULL),
	(588, 1, 1, '2020-07-10 13:45:51', 1, 2, 1, 45, 85, NULL),
	(589, 1, 1, '2020-07-10 13:45:56', 1, 2, 1, 40, 86, NULL),
	(590, 1, 1, '2020-07-10 13:46:01', 1, 2, 1, 35, 88, NULL),
	(591, 1, 1, '2020-07-10 13:46:06', 1, 2, 1, 30, 90, NULL),
	(592, 1, 1, '2020-07-10 13:46:12', 1, 2, 1, 25, 91, NULL),
	(593, 1, 1, '2020-07-10 13:46:16', 1, 2, 1, 20, 93, NULL),
	(594, 1, 1, '2020-07-10 13:46:21', 1, 2, 1, 15, 95, NULL),
	(595, 1, 1, '2020-07-10 13:46:26', 1, 2, 1, 10, 96, NULL),
	(596, 1, 1, '2020-07-10 13:46:31', 1, 2, 1, 5, 98, NULL),
	(597, 1, 1, '2020-07-10 13:46:37', 1, 2, 2, 0, 100, NULL),
	(598, 1, 1, '2020-07-10 14:19:55', 1, 1, 1, 0, 0, NULL),
	(599, 1, 1, '2020-07-10 14:20:03', 1, 1, 1, 55, 6, NULL),
	(600, 1, 1, '2020-07-10 14:20:07', 1, 1, 1, 50, 16, NULL),
	(601, 1, 1, '2020-07-10 14:20:12', 1, 1, 1, 45, 25, NULL),
	(602, 1, 1, '2020-07-10 14:20:17', 1, 1, 1, 40, 33, NULL),
	(603, 1, 1, '2020-07-10 14:20:22', 1, 1, 1, 35, 41, NULL),
	(604, 1, 1, '2020-07-10 14:20:27', 1, 1, 1, 30, 50, NULL),
	(605, 1, 1, '2020-07-10 14:20:32', 1, 1, 1, 25, 58, NULL),
	(606, 1, 1, '2020-07-10 14:20:38', 1, 1, 1, 20, 65, NULL),
	(607, 1, 1, '2020-07-10 14:20:42', 1, 1, 1, 15, 75, NULL),
	(608, 1, 1, '2020-07-10 14:20:47', 1, 1, 1, 10, 83, NULL),
	(609, 1, 1, '2020-07-10 14:20:52', 1, 1, 1, 5, 91, NULL),
	(610, 1, 1, '2020-07-10 14:20:58', 1, 1, 2, 0, 100, NULL),
	(611, 1, 1, '2020-07-10 14:22:27', 1, 1, 1, 0, 0, NULL),
	(612, 1, 1, '2020-07-10 14:22:35', 1, 1, 1, 55, 6, NULL),
	(613, 1, 1, '2020-07-10 14:22:36', 1, 1, 3, 55, 100, NULL),
	(614, 1, 1, '2020-07-10 17:38:07', 1, 1, 1, 0, 0, NULL),
	(615, 1, 1, '2020-07-10 17:38:15', 1, 1, 1, 55, 6, NULL),
	(616, 1, 1, '2020-07-10 17:38:20', 1, 1, 1, 50, 16, NULL),
	(617, 1, 1, '2020-07-10 17:38:26', 1, 1, 1, 45, 23, NULL),
	(618, 1, 1, '2020-07-10 17:38:31', 1, 1, 1, 40, 33, NULL),
	(619, 1, 1, '2020-07-10 17:38:35', 1, 1, 1, 35, 41, NULL),
	(620, 1, 1, '2020-07-10 17:38:40', 1, 1, 1, 30, 50, NULL),
	(621, 1, 1, '2020-07-10 17:38:45', 1, 1, 1, 25, 58, NULL),
	(622, 1, 1, '2020-07-10 17:38:50', 1, 1, 1, 20, 66, NULL),
	(623, 1, 1, '2020-07-10 17:38:55', 1, 1, 1, 15, 75, NULL),
	(624, 1, 1, '2020-07-10 17:39:01', 1, 1, 1, 10, 81, NULL),
	(625, 1, 1, '2020-07-10 17:39:06', 1, 1, 1, 5, 91, NULL),
	(626, 1, 1, '2020-07-10 17:39:12', 1, 1, 2, 0, 100, NULL),
	(627, 1, 1, '2020-07-10 17:41:05', 1, 1, 1, 0, 0, NULL),
	(628, 1, 1, '2020-07-10 17:41:13', 1, 1, 1, 55, 6, NULL),
	(629, 1, 1, '2020-07-10 17:41:18', 1, 1, 1, 50, 16, NULL),
	(630, 1, 1, '2020-07-10 17:41:24', 1, 1, 1, 45, 23, NULL),
	(631, 1, 1, '2020-07-10 17:41:29', 1, 1, 1, 40, 33, NULL),
	(632, 1, 1, '2020-07-10 17:41:33', 1, 1, 1, 35, 41, NULL),
	(633, 1, 1, '2020-07-10 17:41:46', 1, 1, 1, 30, 48, NULL),
	(634, 1, 1, '2020-07-10 17:41:51', 1, 1, 1, 25, 58, NULL),
	(635, 1, 1, '2020-07-10 17:41:57', 1, 1, 1, 20, 65, NULL),
	(636, 1, 1, '2020-07-10 17:42:02', 1, 1, 1, 15, 75, NULL),
	(637, 1, 1, '2020-07-10 17:42:06', 1, 1, 1, 10, 83, NULL),
	(638, 1, 1, '2020-07-10 17:42:11', 1, 1, 1, 5, 91, NULL),
	(639, 1, 1, '2020-07-10 17:42:17', 1, 1, 2, 0, 100, NULL),
	(640, 1, 1, '2020-07-10 17:43:06', 1, 1, 1, 0, 0, NULL),
	(641, 1, 1, '2020-07-10 17:44:05', 1, 1, 2, 0, 100, NULL),
	(642, 1, 1, '2020-07-10 17:44:40', 1, 1, 1, 0, 0, NULL),
	(643, 1, 1, '2020-07-10 17:44:48', 1, 1, 1, 55, 6, NULL),
	(644, 1, 1, '2020-07-10 17:44:53', 1, 1, 1, 50, 16, NULL),
	(645, 1, 1, '2020-07-10 17:46:10', 1, 1, 1, 45, 23, NULL),
	(646, 1, 1, '2020-07-10 17:46:15', 1, 1, 1, 40, 33, NULL),
	(647, 1, 1, '2020-07-10 17:46:20', 1, 1, 1, 35, 41, NULL),
	(648, 1, 1, '2020-07-10 17:46:25', 1, 1, 1, 30, 50, NULL),
	(649, 1, 1, '2020-07-10 17:46:30', 1, 1, 1, 25, 58, NULL),
	(650, 1, 1, '2020-07-10 17:46:31', 1, 1, 3, 25, 58, NULL),
	(651, 1, 1, '2020-08-20 21:58:05', 3, 0, 1, 0, 0, NULL),
	(652, 1, 1, '2020-08-20 21:58:46', 3, 0, 1, 0, 0, NULL),
	(653, 1, 1, '2020-08-20 21:58:58', 3, 0, 3, 230, 100, NULL),
	(654, 1, 1, '2020-08-20 21:59:03', 1, 1, 1, 230, 0, NULL),
	(655, 1, 1, '2020-08-20 21:59:11', 1, 1, 1, 55, 6, NULL),
	(656, 1, 1, '2020-08-20 21:59:16', 1, 1, 1, 50, 16, NULL),
	(657, 1, 1, '2020-08-20 21:59:21', 1, 1, 1, 45, 25, NULL),
	(658, 1, 1, '2020-08-20 21:59:27', 1, 1, 1, 40, 31, NULL),
	(659, 1, 1, '2020-08-20 21:59:32', 1, 1, 1, 0, 0, NULL),
	(660, 1, 1, '2020-08-20 21:59:40', 1, 1, 1, 35, 40, NULL),
	(661, 1, 1, '2020-08-20 21:59:45', 1, 1, 1, 30, 50, NULL),
	(662, 1, 1, '2020-08-20 21:59:50', 1, 1, 1, 25, 58, NULL),
	(663, 1, 1, '2020-08-20 21:59:56', 1, 1, 1, 20, 65, NULL),
	(664, 1, 1, '2020-08-20 22:00:05', 1, 1, 1, 0, 0, NULL),
	(665, 1, 1, '2020-08-20 22:00:13', 1, 1, 1, 15, 73, NULL),
	(666, 1, 1, '2020-08-20 22:00:18', 1, 1, 1, 10, 83, NULL),
	(667, 1, 1, '2020-08-20 22:00:23', 1, 1, 1, 5, 91, NULL),
	(668, 1, 1, '2020-08-20 22:00:30', 1, 1, 2, 0, 100, NULL),
	(669, 1, 1, '2020-08-20 22:02:34', 1, 1, 1, 0, 0, NULL),
	(670, 1, 1, '2020-08-20 22:02:42', 1, 1, 1, 55, 6, NULL),
	(671, 1, 1, '2020-08-20 22:02:47', 1, 1, 1, 50, 16, NULL),
	(672, 1, 1, '2020-08-20 22:02:53', 1, 1, 1, 0, 0, NULL),
	(673, 1, 1, '2020-08-20 22:03:00', 1, 1, 1, 45, 23, NULL),
	(674, 1, 1, '2020-08-20 22:03:05', 1, 1, 1, 40, 33, NULL),
	(675, 1, 1, '2020-08-20 22:03:10', 1, 1, 1, 35, 41, NULL),
	(676, 1, 1, '2020-08-20 22:03:15', 1, 1, 1, 30, 50, NULL),
	(677, 1, 1, '2020-08-20 22:03:20', 1, 1, 1, 25, 58, NULL),
	(678, 1, 1, '2020-08-20 22:03:26', 1, 1, 1, 20, 65, NULL),
	(679, 1, 1, '2020-08-20 22:03:31', 1, 1, 1, 15, 75, NULL),
	(680, 1, 1, '2020-08-20 22:03:35', 1, 1, 1, 10, 83, NULL),
	(681, 1, 1, '2020-08-20 22:03:40', 1, 1, 1, 5, 91, NULL),
	(682, 1, 1, '2020-08-20 22:03:46', 1, 1, 2, 0, 100, NULL),
	(683, 1, 1, '2020-08-20 22:09:09', 1, 1, 1, 0, 0, NULL),
	(684, 1, 1, '2020-08-20 22:09:17', 1, 1, 1, 55, 6, NULL),
	(685, 1, 1, '2020-08-20 22:09:18', 1, 1, 3, 55, 100, NULL),
	(686, 1, 1, '2020-08-21 23:47:25', 1, 1, 1, 0, 0, NULL),
	(687, 1, 1, '2020-08-21 23:47:29', 1, 1, 2, 0, 100, NULL),
	(688, 1, 1, '2020-08-21 23:48:09', 1, 1, 1, 0, 0, NULL),
	(689, 1, 1, '2020-08-21 23:48:13', 1, 1, 2, 0, 100, NULL),
	(690, 1, 1, '2020-08-21 23:50:23', 1, 1, 1, 0, 0, NULL),
	(691, 1, 1, '2020-08-21 23:50:27', 1, 1, 2, 0, 100, NULL),
	(692, 1, 1, '2020-08-21 23:54:48', 1, 1, 1, 0, 0, NULL),
	(693, 1, 1, '2020-08-21 23:54:56', 1, 1, 1, 175, 2, NULL),
	(694, 1, 1, '2020-08-21 23:55:01', 1, 1, 1, 170, 5, NULL),
	(695, 1, 1, '2020-08-21 23:55:02', 1, 1, 3, 170, 100, NULL),
	(696, 1, 1, '2020-08-22 00:06:20', 1, 1, 1, 0, 0, NULL),
	(697, 1, 1, '2020-08-22 00:06:28', 1, 1, 1, 55, 6, NULL),
	(698, 1, 1, '2020-08-22 00:06:29', 1, 1, 3, 55, 100, NULL),
	(699, 1, 1, '2020-08-22 00:10:59', 1, 1, 1, 0, 0, NULL),
	(700, 1, 1, '2020-08-22 00:11:06', 1, 1, 1, 55, 6, NULL),
	(701, 1, 1, '2020-08-22 00:11:11', 1, 1, 1, 50, 16, NULL),
	(702, 1, 1, '2020-08-22 00:11:12', 1, 1, 3, 50, 100, NULL),
	(703, 1, 1, '2020-08-22 00:11:37', 2, 1, 1, 50, 0, NULL),
	(704, 1, 1, '2020-08-22 00:11:45', 2, 1, 1, 55, 6, NULL),
	(705, 1, 1, '2020-08-22 00:11:46', 2, 1, 3, 55, 100, NULL),
	(706, 1, 1, '2020-08-22 00:12:11', 4, 1, 1, 55, 0, NULL),
	(707, 1, 1, '2020-08-22 00:12:18', 4, 1, 1, 7889245, 0, NULL),
	(708, 1, 1, '2020-08-22 00:12:22', 4, 1, 1, 7889240, 0, NULL),
	(709, 1, 1, '2020-08-22 00:12:27', 4, 1, 1, 7889235, 0, NULL),
	(710, 1, 1, '2020-08-22 00:12:33', 4, 1, 1, 7889230, 0, NULL),
	(711, 1, 1, '2020-08-22 00:12:38', 4, 1, 1, 7889225, 0, NULL),
	(712, 1, 1, '2020-08-22 00:12:39', 4, 1, 3, 7889225, 100, NULL),
	(713, 1, 1, '2020-08-22 00:20:14', 1, 1, 1, 7889225, 0, NULL),
	(714, 1, 1, '2020-08-22 00:20:22', 1, 1, 1, 55, 6, NULL),
	(715, 1, 1, '2020-08-22 00:20:27', 1, 1, 1, 50, 16, NULL),
	(716, 1, 1, '2020-08-22 00:20:33', 1, 1, 1, 45, 23, NULL),
	(717, 1, 1, '2020-08-22 00:20:38', 1, 1, 1, 40, 33, NULL),
	(718, 1, 1, '2020-08-22 00:20:42', 1, 1, 1, 35, 41, NULL),
	(719, 1, 1, '2020-08-22 00:20:47', 1, 1, 1, 30, 50, NULL),
	(720, 1, 1, '2020-08-22 00:20:52', 1, 1, 1, 25, 58, NULL),
	(721, 1, 1, '2020-08-22 00:20:57', 1, 1, 1, 20, 66, NULL),
	(722, 1, 1, '2020-08-22 00:21:03', 1, 1, 1, 15, 73, NULL),
	(723, 1, 1, '2020-08-22 00:21:08', 1, 1, 1, 10, 83, NULL),
	(724, 1, 1, '2020-08-22 00:21:13', 1, 1, 1, 5, 91, NULL),
	(725, 1, 1, '2020-08-22 00:21:19', 1, 1, 2, 0, 100, NULL),
	(726, NULL, 1, '2020-10-08 23:08:51', 1, 1, 1, 0, 0, NULL),
	(727, NULL, 1, '2020-10-08 23:08:57', 1, 1, 1, 55, 6, NULL),
	(728, NULL, 1, '2020-10-08 23:09:03', 1, 1, 1, 50, 16, NULL),
	(729, NULL, 1, '2020-10-08 23:09:08', 1, 1, 1, 45, 23, NULL),
	(730, NULL, 1, '2020-10-08 23:09:13', 1, 1, 1, 40, 33, NULL),
	(731, NULL, 1, '2020-10-08 23:09:17', 1, 1, 1, 35, 40, NULL),
	(732, NULL, 1, '2020-10-08 23:09:23', 1, 1, 1, 30, 50, NULL),
	(733, NULL, 1, '2020-10-08 23:09:28', 1, 1, 1, 25, 56, NULL),
	(734, NULL, 1, '2020-10-08 23:09:32', 1, 1, 1, 20, 65, NULL),
	(735, NULL, 1, '2020-10-08 23:09:38', 1, 1, 1, 15, 75, NULL),
	(736, NULL, 1, '2020-10-08 23:09:43', 1, 1, 1, 10, 81, NULL),
	(737, NULL, 1, '2020-10-08 23:09:48', 1, 1, 1, 5, 90, NULL),
	(738, NULL, 1, '2020-10-08 23:09:52', 1, 1, 2, 0, 100, NULL),
	(739, 2, 1, '2020-10-08 23:50:35', 1, 1, 1, 0, 0, NULL),
	(740, 2, 1, '2020-10-08 23:50:41', 1, 1, 1, 55, 6, NULL),
	(741, 2, 1, '2020-10-08 23:50:47', 1, 1, 1, 50, 16, NULL),
	(742, 2, 1, '2020-10-08 23:50:47', 1, 1, 3, 50, 100, NULL),
	(743, 2, 1, '2020-10-08 23:50:53', 2, 1, 1, 50, 0, NULL),
	(744, 2, 1, '2020-10-08 23:50:59', 2, 1, 1, 55, 6, NULL),
	(745, 2, 1, '2020-10-08 23:51:04', 2, 1, 1, 50, 16, NULL),
	(746, 2, 1, '2020-10-08 23:51:08', 2, 1, 1, 45, 23, NULL),
	(747, 2, 1, '2020-10-08 23:51:14', 2, 1, 1, 40, 33, NULL),
	(748, 2, 1, '2020-10-08 23:51:19', 2, 1, 1, 35, 40, NULL),
	(749, 2, 1, '2020-10-08 23:51:24', 2, 1, 1, 30, 50, NULL),
	(750, 2, 1, '2020-10-08 23:53:07', 2, 1, 1, 25, 56, NULL),
	(751, 2, 1, '2020-10-08 23:53:12', 2, 1, 1, 20, 66, NULL),
	(752, 2, 1, '2020-10-08 23:53:17', 2, 1, 1, 15, 73, NULL),
	(753, 2, 1, '2020-10-08 23:53:21', 2, 1, 1, 10, 81, NULL),
	(754, 2, 1, '2020-10-08 23:53:27', 2, 1, 1, 5, 91, NULL),
	(755, 2, 1, '2020-10-08 23:53:31', 2, 1, 2, 0, 100, NULL),
	(756, 2, 1, '2020-10-15 15:19:46', 1, 1, 1, 0, 0, NULL),
	(757, 2, 1, '2020-10-15 15:19:52', 1, 1, 1, 55, 6, NULL),
	(758, 2, 1, '2020-10-15 15:19:57', 1, 1, 1, 50, 16, NULL),
	(759, 2, 1, '2020-10-15 15:20:02', 1, 1, 1, 45, 23, NULL),
	(760, 2, 1, '2020-10-15 15:20:06', 1, 1, 1, 40, 31, NULL),
	(761, 2, 1, '2020-10-15 15:20:12', 1, 1, 1, 35, 41, NULL),
	(762, 2, 1, '2020-10-15 15:20:17', 1, 1, 1, 30, 48, NULL),
	(763, 2, 1, '2020-10-15 15:20:22', 1, 1, 1, 25, 58, NULL),
	(764, 2, 1, '2020-10-15 15:20:28', 1, 1, 1, 19, 68, NULL),
	(765, 2, 1, '2020-10-15 15:20:33', 1, 1, 1, 14, 75, NULL),
	(766, 2, 1, '2020-10-15 15:20:38', 1, 1, 1, 9, 85, NULL),
	(767, 2, 1, '2020-10-15 15:20:43', 1, 1, 1, 4, 91, NULL),
	(768, 2, 1, '2020-10-15 15:20:45', 1, 1, 2, 0, 100, NULL),
	(769, 2, 1, '2020-10-15 18:20:29', 1, 1, 1, 0, 0, NULL),
	(770, 2, 1, '2020-10-15 18:20:36', 1, 1, 1, 55, 6, NULL),
	(771, 2, 1, '2020-10-15 18:20:40', 1, 1, 1, 50, 15, NULL),
	(772, 2, 1, '2020-10-15 18:20:45', 1, 1, 1, 45, 25, NULL),
	(773, 2, 1, '2020-10-15 18:21:10', 1, 1, 1, 40, 31, NULL),
	(774, 2, 1, '2020-10-15 18:21:16', 1, 1, 1, 35, 41, NULL),
	(775, 2, 1, '2020-10-15 18:21:20', 1, 1, 1, 30, 48, NULL),
	(776, 2, 1, '2020-10-15 18:21:20', 1, 1, 3, 30, 100, NULL),
	(777, 2, 1, '2020-10-15 18:23:29', 1, 1, 1, 30, 0, NULL),
	(778, 2, 1, '2020-10-15 18:23:36', 1, 1, 1, 55, 6, NULL),
	(779, 2, 1, '2020-10-15 18:23:41', 1, 1, 1, 50, 16, NULL),
	(780, 2, 1, '2020-10-15 18:23:47', 1, 1, 1, 45, 23, NULL),
	(781, 2, 1, '2020-10-15 18:23:51', 1, 1, 1, 40, 31, NULL),
	(782, 2, 1, '2020-10-15 18:23:57', 1, 1, 1, 35, 41, NULL),
	(783, 2, 1, '2020-10-15 18:24:01', 1, 1, 1, 30, 48, NULL),
	(784, 2, 1, '2020-10-15 18:24:06', 1, 1, 1, 25, 58, NULL),
	(785, 2, 1, '2020-10-15 18:24:11', 1, 1, 1, 20, 65, NULL),
	(786, 2, 1, '2020-10-15 18:24:16', 1, 1, 1, 15, 75, NULL),
	(787, 2, 1, '2020-10-15 18:24:21', 1, 1, 1, 10, 81, NULL),
	(788, 2, 1, '2020-10-15 18:24:26', 1, 1, 1, 5, 91, NULL),
	(789, 2, 1, '2020-10-15 18:24:30', 1, 1, 2, 0, 100, NULL),
	(790, 2, 1, '2020-10-22 12:10:16', 1, 1, 1, 0, 0, NULL),
	(791, 2, 1, '2020-10-22 12:10:22', 1, 1, 1, 55, 6, NULL),
	(792, 2, 1, '2020-10-22 12:10:40', 1, 1, 1, 50, 15, NULL),
	(793, 2, 1, '2020-10-22 12:10:44', 1, 1, 1, 45, 23, NULL),
	(794, 2, 1, '2020-10-22 12:10:48', 1, 1, 1, 40, 31, NULL),
	(795, 2, 1, '2020-10-22 12:10:54', 1, 1, 1, 35, 41, NULL),
	(796, 2, 1, '2020-10-22 12:10:58', 1, 1, 1, 30, 48, NULL),
	(797, 2, 1, '2020-10-22 12:11:04', 1, 1, 1, 25, 58, NULL),
	(798, 2, 1, '2020-10-22 12:11:09', 1, 1, 1, 20, 65, NULL),
	(799, 2, 1, '2020-10-22 12:11:14', 1, 1, 1, 15, 73, NULL),
	(800, 2, 1, '2020-10-22 12:11:19', 1, 1, 1, 10, 83, NULL),
	(801, 2, 1, '2020-10-22 12:11:24', 1, 1, 1, 5, 90, NULL),
	(802, 2, 1, '2020-10-22 12:11:28', 1, 1, 2, 0, 100, NULL),
	(803, 2, 1, '2020-11-10 20:39:57', 1, 1, 1, 0, 0, NULL),
	(804, 2, 1, '2020-11-10 20:40:04', 1, 1, 1, 55, 6, NULL),
	(805, 2, 1, '2020-11-10 20:40:09', 1, 1, 1, 50, 16, NULL),
	(806, 2, 1, '2020-11-10 20:40:14', 1, 1, 1, 45, 23, NULL),
	(807, 2, 1, '2020-11-10 20:40:19', 1, 1, 1, 40, 33, NULL),
	(808, 2, 1, '2020-11-10 20:40:24', 1, 1, 1, 35, 40, NULL),
	(809, 2, 1, '2020-11-10 20:40:29', 1, 1, 1, 30, 48, NULL),
	(810, 2, 1, '2020-11-10 20:40:34', 1, 1, 1, 25, 58, NULL),
	(811, 2, 1, '2020-11-10 20:40:39', 1, 1, 1, 20, 65, NULL),
	(812, 2, 1, '2020-11-10 20:40:44', 1, 1, 1, 15, 75, NULL),
	(813, 2, 1, '2020-11-10 20:40:50', 1, 1, 1, 9, 85, NULL),
	(814, 2, 1, '2020-11-10 20:40:55', 1, 1, 1, 4, 91, NULL),
	(815, 2, 1, '2020-11-10 20:40:57', 1, 1, 2, 0, 100, NULL),
	(816, 2, 1, '2020-11-10 20:42:08', 1, 1, 1, 0, 0, NULL),
	(817, 2, 1, '2020-11-10 20:42:15', 1, 1, 1, 55, 6, NULL),
	(818, 2, 1, '2020-11-10 20:42:19', 1, 1, 1, 50, 15, NULL),
	(819, 2, 1, '2020-11-10 20:42:20', 1, 1, 3, 50, 100, NULL),
	(820, 2, 1, '2020-11-11 16:52:04', 1, 1, 1, 0, 0, NULL),
	(821, 2, 1, '2020-11-11 16:52:10', 1, 1, 1, 55, 6, NULL),
	(822, 2, 1, '2020-11-11 16:52:15', 1, 1, 1, 50, 16, NULL),
	(823, 2, 1, '2020-11-11 16:52:21', 1, 1, 1, 45, 23, NULL),
	(824, 2, 1, '2020-11-11 16:52:26', 1, 1, 1, 40, 31, NULL),
	(825, 2, 1, '2020-11-11 16:52:30', 1, 1, 1, 35, 40, NULL),
	(826, 2, 1, '2020-11-11 16:52:35', 1, 1, 1, 30, 50, NULL),
	(827, 2, 1, '2020-11-11 16:52:52', 1, 1, 1, 25, 56, NULL),
	(828, 2, 1, '2020-11-11 16:52:58', 1, 1, 1, 20, 66, NULL),
	(829, 2, 1, '2020-11-11 16:53:02', 1, 1, 1, 15, 73, NULL),
	(830, 2, 1, '2020-11-11 16:53:08', 1, 1, 1, 10, 83, NULL),
	(831, 2, 1, '2020-11-11 16:53:13', 1, 1, 1, 5, 90, NULL),
	(832, 2, 1, '2020-11-11 16:53:16', 1, 1, 2, 0, 100, NULL),
	(833, 2, 1, '2020-11-11 17:48:29', 1, 1, 1, 0, 0, NULL),
	(834, 2, 1, '2020-11-11 17:48:35', 1, 1, 1, 55, 6, NULL),
	(835, 2, 1, '2020-11-11 17:48:41', 1, 1, 1, 50, 16, NULL),
	(836, 2, 1, '2020-11-11 17:48:45', 1, 1, 1, 45, 23, NULL),
	(837, 2, 1, '2020-11-11 17:48:50', 1, 1, 1, 40, 31, NULL),
	(838, 2, 1, '2020-11-11 17:48:55', 1, 1, 1, 35, 41, NULL),
	(839, 2, 1, '2020-11-11 17:49:01', 1, 1, 1, 30, 48, NULL),
	(840, 2, 1, '2020-11-11 17:49:05', 1, 1, 1, 25, 56, NULL),
	(841, 2, 1, '2020-11-11 17:49:11', 1, 1, 1, 20, 66, NULL),
	(842, 2, 1, '2020-11-11 17:49:15', 1, 1, 1, 15, 73, NULL),
	(843, 2, 1, '2020-11-11 17:49:21', 1, 1, 1, 10, 83, NULL),
	(844, 2, 1, '2020-11-11 17:49:25', 1, 1, 1, 5, 90, NULL),
	(845, 2, 1, '2020-11-11 17:49:29', 1, 1, 2, 0, 100, NULL),
	(846, 2, 1, '2020-11-11 18:00:32', 1, 1, 1, 0, 0, NULL),
	(847, 2, 1, '2020-11-11 18:00:38', 1, 1, 1, 55, 6, NULL),
	(848, 2, 1, '2020-11-11 18:00:43', 1, 1, 1, 50, 16, NULL),
	(849, 2, 1, '2020-11-11 18:00:49', 1, 1, 1, 45, 23, NULL),
	(850, 2, 1, '2020-11-11 18:00:53', 1, 1, 1, 40, 31, NULL),
	(851, 2, 1, '2020-11-11 18:00:59', 1, 1, 1, 35, 41, NULL),
	(852, 2, 1, '2020-11-11 18:01:03', 1, 1, 1, 30, 48, NULL),
	(853, 2, 1, '2020-11-11 18:01:09', 1, 1, 1, 25, 58, NULL),
	(854, 2, 1, '2020-11-11 18:01:13', 1, 1, 1, 20, 65, NULL),
	(855, 2, 1, '2020-11-11 18:01:19', 1, 1, 1, 15, 75, NULL),
	(856, 2, 1, '2020-11-11 18:01:23', 1, 1, 1, 10, 81, NULL),
	(857, 2, 1, '2020-11-11 18:01:28', 1, 1, 1, 5, 91, NULL),
	(858, 2, 1, '2020-11-11 18:01:33', 1, 1, 2, 0, 100, NULL),
	(859, 2, 1, '2020-11-11 19:40:26', 1, 1, 1, 0, 0, NULL),
	(860, 2, 1, '2020-11-11 19:40:32', 1, 1, 1, 55, 6, NULL),
	(861, 2, 1, '2020-11-11 19:40:37', 1, 1, 1, 50, 16, NULL),
	(862, 2, 1, '2020-11-11 19:40:43', 1, 1, 1, 45, 23, NULL),
	(863, 2, 1, '2020-11-11 19:40:47', 1, 1, 1, 40, 31, NULL),
	(864, 2, 1, '2020-11-11 19:40:52', 1, 1, 1, 35, 41, NULL),
	(865, 2, 1, '2020-11-11 19:40:57', 1, 1, 1, 30, 48, NULL),
	(866, 2, 1, '2020-11-11 19:41:02', 1, 1, 1, 25, 56, NULL),
	(867, 2, 1, '2020-11-11 19:41:07', 1, 1, 1, 20, 66, NULL),
	(868, 2, 1, '2020-11-11 19:41:12', 1, 1, 1, 15, 73, NULL),
	(869, 2, 1, '2020-11-11 19:41:18', 1, 1, 1, 10, 83, NULL),
	(870, 2, 1, '2020-11-11 19:41:22', 1, 1, 1, 5, 90, NULL),
	(871, 2, 1, '2020-11-11 19:41:26', 1, 1, 2, 0, 100, NULL),
	(872, 2, 1, '2020-11-11 19:43:04', 1, 1, 1, 0, 0, NULL),
	(873, 2, 1, '2020-11-11 19:43:10', 1, 1, 1, 55, 6, NULL),
	(874, 2, 1, '2020-11-11 19:43:16', 1, 1, 1, 50, 16, NULL),
	(875, 2, 1, '2020-11-11 19:43:20', 1, 1, 1, 45, 23, NULL),
	(876, 2, 1, '2020-11-11 19:43:25', 1, 1, 1, 40, 33, NULL),
	(877, 2, 1, '2020-11-11 19:43:30', 1, 1, 1, 35, 40, NULL),
	(878, 2, 1, '2020-11-11 19:43:36', 1, 1, 1, 30, 50, NULL),
	(879, 2, 1, '2020-11-11 19:43:40', 1, 1, 1, 25, 56, NULL),
	(880, 2, 1, '2020-11-11 19:43:45', 1, 1, 1, 20, 66, NULL),
	(881, 2, 1, '2020-11-11 19:43:50', 1, 1, 1, 15, 73, NULL),
	(882, 2, 1, '2020-11-11 19:43:55', 1, 1, 1, 10, 81, NULL),
	(883, 2, 1, '2020-11-11 19:44:00', 1, 1, 1, 5, 91, NULL),
	(884, 2, 1, '2020-11-11 19:44:04', 1, 1, 2, 0, 100, NULL),
	(885, 2, 1, '2020-11-18 18:13:07', 1, 1, 1, 0, 0, NULL),
	(886, 2, 1, '2020-11-18 18:13:14', 1, 1, 1, 55, 6, NULL),
	(887, 2, 1, '2020-11-18 18:13:20', 1, 1, 1, 50, 16, NULL),
	(888, 2, 1, '2020-11-18 18:13:24', 1, 1, 1, 45, 23, NULL),
	(889, 2, 1, '2020-11-18 18:13:29', 1, 1, 1, 40, 33, NULL),
	(890, 2, 1, '2020-11-18 18:13:34', 1, 1, 1, 35, 40, NULL),
	(891, 2, 1, '2020-11-18 18:13:39', 1, 1, 1, 30, 50, NULL),
	(892, 2, 1, '2020-11-18 18:13:44', 1, 1, 1, 25, 56, NULL),
	(893, 2, 1, '2020-11-18 18:13:49', 1, 1, 1, 20, 65, NULL),
	(894, 2, 1, '2020-11-18 18:13:54', 1, 1, 1, 15, 75, NULL),
	(895, 2, 1, '2020-11-18 18:13:59', 1, 1, 1, 10, 81, NULL),
	(896, 2, 1, '2020-11-18 18:14:04', 1, 1, 1, 5, 90, NULL),
	(897, 2, 1, '2020-11-18 18:14:08', 1, 1, 2, 0, 100, NULL),
	(898, 2, 1, '2020-11-18 18:15:42', 1, 1, 1, 0, 0, NULL),
	(899, 2, 1, '2020-11-18 18:15:48', 1, 1, 1, 55, 6, NULL),
	(900, 2, 1, '2020-11-18 18:15:53', 1, 1, 1, 50, 16, NULL),
	(901, 2, 1, '2020-11-18 18:15:58', 1, 1, 1, 45, 23, NULL),
	(902, 2, 1, '2020-11-18 18:16:03', 1, 1, 1, 40, 33, NULL),
	(903, 2, 1, '2020-11-18 18:16:04', 1, 1, 3, 40, 100, NULL),
	(904, 2, 1, '2020-11-18 18:16:10', 2, 1, 1, 40, 0, NULL),
	(905, 2, 1, '2020-11-18 18:16:16', 2, 1, 1, 55, 6, NULL),
	(906, 2, 1, '2020-11-18 18:16:20', 2, 1, 1, 50, 15, NULL),
	(907, 2, 1, '2020-11-18 18:16:26', 2, 1, 1, 45, 25, NULL),
	(908, 2, 1, '2020-11-18 18:16:26', 2, 1, 3, 45, 100, NULL),
	(909, 2, 1, '2020-11-18 18:16:35', 3, 1, 1, 0, 0, NULL),
	(910, 2, 1, '2020-11-18 18:19:17', 3, 1, 3, 80, 100, NULL),
	(911, 2, 1, '2020-11-18 18:19:23', 1, 1, 1, 80, 0, NULL),
	(912, 2, 1, '2020-11-18 18:19:30', 1, 1, 1, 55, 6, NULL),
	(913, 2, 1, '2020-11-18 18:19:35', 1, 1, 1, 50, 16, NULL),
	(914, 2, 1, '2020-11-18 18:19:41', 1, 1, 1, 45, 23, NULL),
	(915, 2, 1, '2020-11-18 18:19:45', 1, 1, 1, 40, 31, NULL),
	(916, 2, 1, '2020-11-18 18:19:50', 1, 1, 1, 35, 41, NULL),
	(917, 2, 1, '2020-11-18 18:19:51', 1, 1, 3, 35, 100, NULL),
	(918, 2, 1, '2020-12-02 18:37:42', 1, 1, 1, 0, 0, NULL),
	(919, 2, 1, '2020-12-02 18:37:48', 1, 1, 1, 55, 6, NULL),
	(920, 2, 1, '2020-12-02 18:37:53', 1, 1, 1, 50, 16, NULL),
	(921, 2, 1, '2020-12-02 18:37:59', 1, 1, 1, 45, 23, NULL),
	(922, 2, 1, '2020-12-02 18:38:03', 1, 1, 1, 40, 31, NULL),
	(923, 2, 1, '2020-12-02 18:38:09', 1, 1, 1, 35, 41, NULL),
	(924, 2, 1, '2020-12-02 18:38:13', 1, 1, 1, 30, 48, NULL),
	(925, 2, 1, '2020-12-02 18:38:19', 1, 1, 1, 25, 58, NULL),
	(926, 2, 1, '2020-12-02 18:38:19', 1, 1, 3, 25, 100, NULL),
	(927, 2, 1, '2020-12-02 18:38:24', 1, 1, 1, 25, 0, NULL),
	(928, 2, 1, '2020-12-02 18:38:30', 1, 1, 1, 55, 6, NULL),
	(929, 2, 1, '2020-12-02 18:38:43', 1, 1, 1, 50, 15, NULL),
	(930, 2, 1, '2020-12-02 18:38:49', 1, 1, 1, 45, 25, NULL),
	(931, 2, 1, '2020-12-02 18:38:54', 1, 1, 1, 40, 31, NULL),
	(932, 2, 1, '2020-12-02 18:38:59', 1, 1, 1, 35, 41, NULL),
	(933, 2, 1, '2020-12-02 18:39:03', 1, 1, 1, 30, 48, NULL),
	(934, 2, 1, '2020-12-02 18:39:09', 1, 1, 1, 25, 58, NULL),
	(935, 2, 1, '2020-12-02 18:39:13', 1, 1, 1, 20, 65, NULL),
	(936, 2, 1, '2020-12-02 18:39:19', 1, 1, 1, 15, 75, NULL),
	(937, 2, 1, '2020-12-02 18:39:23', 1, 1, 1, 10, 81, NULL),
	(938, 2, 1, '2020-12-02 18:39:29', 1, 1, 1, 5, 91, NULL),
	(939, 2, 1, '2020-12-02 18:39:32', 1, 1, 2, 0, 100, NULL),
	(940, 2, 1, '2020-12-05 14:00:02', 1, 0, 1, 0, 0, NULL),
	(941, 2, 1, '2020-12-05 14:00:09', 1, 0, 1, 55, 6, NULL),
	(942, 2, 1, '2020-12-05 14:00:14', 1, 0, 1, 50, 16, NULL),
	(943, 2, 1, '2020-12-05 14:00:19', 1, 0, 1, 45, 23, NULL),
	(944, 2, 1, '2020-12-05 14:00:24', 1, 0, 1, 40, 31, NULL),
	(945, 2, 1, '2020-12-05 14:00:29', 1, 0, 1, 35, 41, NULL),
	(946, 2, 1, '2020-12-05 14:00:34', 1, 0, 1, 30, 48, NULL),
	(947, 2, 1, '2020-12-05 14:00:38', 1, 0, 1, 25, 56, NULL),
	(948, 2, 1, '2020-12-05 14:00:44', 1, 0, 1, 20, 66, NULL),
	(949, 2, 1, '2020-12-05 14:00:49', 1, 0, 1, 15, 73, NULL),
	(950, 2, 1, '2020-12-05 14:00:54', 1, 0, 1, 10, 83, NULL),
	(951, 2, 1, '2020-12-05 14:00:59', 1, 0, 1, 5, 90, NULL),
	(952, 2, 1, '2020-12-05 14:01:03', 1, 0, 2, 0, 100, NULL),
	(953, 2, 1, '2020-12-05 14:44:24', 1, 0, 1, 0, 0, NULL),
	(954, 2, 1, '2020-12-05 14:44:30', 1, 0, 1, 55, 6, NULL),
	(955, 2, 1, '2020-12-05 14:44:34', 1, 0, 1, 50, 15, NULL),
	(956, 2, 1, '2020-12-05 14:44:40', 1, 0, 1, 45, 25, NULL),
	(957, 2, 1, '2020-12-05 14:44:40', 1, 0, 3, 45, 100, NULL),
	(958, 2, 1, '2020-12-05 14:48:11', 1, 0, 1, 0, 0, NULL),
	(959, 2, 1, '2020-12-05 14:48:17', 1, 0, 1, 55, 6, NULL),
	(960, 2, 1, '2020-12-05 14:48:21', 1, 0, 1, 50, 16, NULL),
	(961, 2, 1, '2020-12-05 14:48:22', 1, 0, 3, 50, 100, NULL),
	(962, 2, 1, '2020-12-05 15:02:47', 1, 0, 1, 50, 0, NULL),
	(963, 2, 1, '2020-12-05 15:02:53', 1, 0, 1, 55, 6, NULL),
	(964, 2, 1, '2020-12-05 15:02:58', 1, 0, 1, 50, 15, NULL),
	(965, 2, 1, '2020-12-05 15:03:03', 1, 0, 1, 45, 25, NULL),
	(966, 2, 1, '2020-12-05 15:03:08', 1, 0, 1, 40, 31, NULL),
	(967, 2, 1, '2020-12-05 15:03:13', 1, 0, 1, 35, 41, NULL),
	(968, 2, 1, '2020-12-05 15:03:18', 1, 0, 1, 30, 48, NULL),
	(969, 2, 1, '2020-12-05 15:03:23', 1, 0, 1, 25, 58, NULL),
	(970, 2, 1, '2020-12-05 15:03:28', 1, 0, 1, 20, 65, NULL),
	(971, 2, 1, '2020-12-05 15:03:33', 1, 0, 1, 15, 75, NULL),
	(972, 2, 1, '2020-12-05 15:03:34', 1, 0, 3, 15, 100, NULL),
	(973, 2, 1, '2020-12-05 15:26:37', 1, 0, 1, 0, 0, NULL),
	(974, 2, 1, '2020-12-05 15:26:43', 1, 0, 1, 55, 6, NULL),
	(975, 2, 1, '2020-12-05 15:26:49', 1, 0, 1, 50, 16, NULL),
	(976, 2, 1, '2020-12-05 15:26:54', 1, 0, 1, 45, 23, NULL),
	(977, 2, 1, '2020-12-05 15:26:59', 1, 0, 1, 40, 33, NULL),
	(978, 2, 1, '2020-12-05 15:26:59', 1, 0, 3, 40, 100, NULL),
	(979, 2, 1, '2020-12-05 15:34:07', 1, 0, 1, 0, 0, NULL),
	(980, 2, 1, '2020-12-05 15:34:13', 1, 0, 1, 55, 6, NULL),
	(981, 2, 1, '2020-12-05 15:34:18', 1, 0, 1, 50, 16, NULL),
	(982, 2, 1, '2020-12-05 15:34:23', 1, 0, 1, 45, 23, NULL),
	(983, 2, 1, '2020-12-05 15:34:28', 1, 0, 1, 40, 31, NULL),
	(984, 2, 1, '2020-12-05 15:34:28', 1, 0, 3, 40, 100, NULL),
	(985, 2, 1, '2020-12-05 15:34:37', 1, 0, 1, 40, 0, NULL),
	(986, 2, 1, '2020-12-05 15:34:43', 1, 0, 1, 55, 6, NULL),
	(987, 2, 1, '2020-12-05 15:34:44', 1, 0, 3, 55, 100, NULL),
	(988, 2, 1, '2020-12-05 17:21:38', 2, 0, 1, 0, 0, NULL),
	(989, 2, 1, '2020-12-05 17:21:44', 2, 0, 1, 55, 6, NULL),
	(990, 2, 1, '2020-12-05 17:22:07', 2, 0, 1, 50, 15, NULL),
	(991, 2, 1, '2020-12-05 17:22:12', 2, 0, 1, 45, 25, NULL),
	(992, 2, 1, '2020-12-05 17:22:17', 2, 0, 1, 40, 31, NULL),
	(993, 2, 1, '2020-12-05 17:22:22', 2, 0, 1, 35, 41, NULL),
	(994, 2, 1, '2020-12-05 17:22:27', 2, 0, 1, 30, 48, NULL),
	(995, 2, 1, '2020-12-05 17:22:32', 2, 0, 1, 25, 58, NULL),
	(996, 2, 1, '2020-12-05 17:22:37', 2, 0, 1, 20, 65, NULL),
	(997, 2, 1, '2020-12-05 17:22:42', 2, 0, 1, 15, 75, NULL),
	(998, 2, 1, '2020-12-05 17:22:47', 2, 0, 1, 10, 81, NULL),
	(999, 2, 1, '2020-12-05 17:22:52', 2, 0, 1, 5, 91, NULL),
	(1000, 2, 1, '2020-12-05 17:22:56', 2, 0, 2, 0, 100, NULL),
	(1001, 2, 1, '2020-12-05 17:23:29', 1, 0, 1, 0, 0, NULL),
	(1002, 2, 1, '2020-12-05 17:23:36', 1, 0, 1, 55, 6, NULL),
	(1003, 2, 1, '2020-12-05 17:23:41', 1, 0, 1, 50, 16, NULL),
	(1004, 2, 1, '2020-12-05 17:23:46', 1, 0, 1, 45, 23, NULL),
	(1005, 2, 1, '2020-12-05 17:23:51', 1, 0, 1, 40, 33, NULL),
	(1006, 2, 1, '2020-12-05 17:23:56', 1, 0, 1, 35, 40, NULL),
	(1007, 2, 1, '2020-12-05 17:24:01', 1, 0, 1, 30, 50, NULL),
	(1008, 2, 1, '2020-12-05 17:24:06', 1, 0, 1, 25, 56, NULL),
	(1009, 2, 1, '2020-12-05 17:24:11', 1, 0, 1, 20, 65, NULL),
	(1010, 2, 1, '2020-12-05 17:24:11', 1, 0, 3, 20, 100, NULL),
	(1011, 2, 1, '2020-12-05 17:24:25', 2, 0, 1, 20, 0, NULL),
	(1012, 2, 1, '2020-12-05 17:24:31', 2, 0, 1, 55, 6, NULL),
	(1013, 2, 1, '2020-12-05 17:24:36', 2, 0, 1, 50, 16, NULL),
	(1014, 2, 1, '2020-12-05 17:24:41', 2, 0, 1, 45, 23, NULL),
	(1015, 2, 1, '2020-12-05 17:24:46', 2, 0, 1, 40, 33, NULL),
	(1016, 2, 1, '2020-12-05 17:24:46', 2, 0, 3, 40, 100, NULL),
	(1017, 2, 1, '2020-12-05 17:24:53', 2, 0, 1, 40, 0, NULL),
	(1018, 2, 1, '2020-12-05 17:25:00', 2, 0, 1, 55, 6, NULL),
	(1019, 2, 1, '2020-12-05 17:25:05', 2, 0, 1, 50, 16, NULL),
	(1020, 2, 1, '2020-12-05 17:25:10', 2, 0, 1, 45, 23, NULL),
	(1021, 2, 1, '2020-12-05 17:25:15', 2, 0, 1, 40, 33, NULL),
	(1022, 2, 1, '2020-12-05 17:25:20', 2, 0, 1, 35, 40, NULL),
	(1023, 2, 1, '2020-12-05 17:25:25', 2, 0, 1, 30, 50, NULL),
	(1024, 2, 1, '2020-12-05 17:25:30', 2, 0, 1, 25, 56, NULL),
	(1025, 2, 1, '2020-12-05 17:25:35', 2, 0, 1, 20, 66, NULL),
	(1026, 2, 1, '2020-12-05 17:25:39', 2, 0, 1, 15, 73, NULL),
	(1027, 2, 1, '2020-12-05 17:25:45', 2, 0, 1, 10, 83, NULL),
	(1028, 2, 1, '2020-12-05 17:25:50', 2, 0, 1, 5, 90, NULL),
	(1029, 2, 1, '2020-12-05 17:25:54', 2, 0, 2, 0, 100, NULL),
	(1030, 2, 1, '2020-12-05 17:26:32', 1, 1, 1, 0, 0, NULL),
	(1031, 2, 1, '2020-12-05 17:26:38', 1, 1, 1, 295, 1, NULL),
	(1032, 2, 1, '2020-12-05 17:26:43', 1, 1, 1, 290, 3, NULL),
	(1033, 2, 1, '2020-12-05 17:26:47', 1, 1, 1, 285, 4, NULL),
	(1034, 2, 1, '2020-12-05 17:26:53', 1, 1, 1, 280, 6, NULL),
	(1035, 2, 1, '2020-12-05 17:26:58', 1, 1, 1, 275, 8, NULL),
	(1036, 2, 1, '2020-12-05 17:27:03', 1, 1, 1, 270, 10, NULL),
	(1037, 2, 1, '2020-12-05 17:27:08', 1, 1, 1, 265, 11, NULL),
	(1038, 2, 1, '2020-12-05 17:27:13', 1, 1, 1, 260, 13, NULL),
	(1039, 2, 1, '2020-12-05 17:27:18', 1, 1, 1, 255, 14, NULL),
	(1040, 2, 1, '2020-12-05 17:27:23', 1, 1, 1, 250, 16, NULL),
	(1041, 2, 1, '2020-12-05 17:27:27', 1, 1, 1, 245, 18, NULL),
	(1042, 2, 1, '2020-12-05 17:27:33', 1, 1, 1, 240, 20, NULL),
	(1043, 2, 1, '2020-12-05 17:27:38', 1, 1, 1, 235, 21, NULL),
	(1044, 2, 1, '2020-12-05 17:27:43', 1, 1, 1, 230, 23, NULL),
	(1045, 2, 1, '2020-12-05 17:27:48', 1, 1, 1, 225, 24, NULL),
	(1046, 2, 1, '2020-12-05 17:27:53', 1, 1, 1, 220, 26, NULL),
	(1047, 2, 1, '2020-12-05 17:27:58', 1, 1, 1, 215, 28, NULL),
	(1048, 2, 1, '2020-12-05 17:28:03', 1, 1, 1, 210, 30, NULL),
	(1049, 2, 1, '2020-12-05 17:28:08', 1, 1, 1, 205, 31, NULL),
	(1050, 2, 1, '2020-12-05 17:28:13', 1, 1, 1, 200, 33, NULL),
	(1051, 2, 1, '2020-12-05 17:28:18', 1, 1, 1, 195, 34, NULL),
	(1052, 2, 1, '2020-12-05 17:28:23', 1, 1, 1, 190, 36, NULL),
	(1053, 2, 1, '2020-12-05 17:28:28', 1, 1, 1, 185, 38, NULL),
	(1054, 2, 1, '2020-12-05 17:28:33', 1, 1, 1, 180, 40, NULL),
	(1055, 2, 1, '2020-12-05 17:28:38', 1, 1, 1, 175, 41, NULL),
	(1056, 2, 1, '2020-12-05 17:28:43', 1, 1, 1, 170, 43, NULL),
	(1057, 2, 1, '2020-12-05 17:28:48', 1, 1, 1, 165, 45, NULL),
	(1058, 2, 1, '2020-12-05 17:28:53', 1, 1, 1, 160, 46, NULL),
	(1059, 2, 1, '2020-12-05 17:28:58', 1, 1, 1, 155, 48, NULL),
	(1060, 2, 1, '2020-12-05 17:29:03', 1, 1, 1, 150, 49, NULL),
	(1061, 2, 1, '2020-12-05 17:29:08', 1, 1, 1, 145, 51, NULL),
	(1062, 2, 1, '2020-12-05 17:29:13', 1, 1, 1, 140, 53, NULL),
	(1063, 2, 1, '2020-12-05 17:29:18', 1, 1, 1, 135, 55, NULL),
	(1064, 2, 1, '2020-12-05 17:29:22', 1, 1, 1, 130, 56, NULL),
	(1065, 2, 1, '2020-12-05 17:29:28', 1, 1, 1, 125, 58, NULL),
	(1066, 2, 1, '2020-12-05 17:29:33', 1, 1, 1, 120, 59, NULL),
	(1067, 2, 1, '2020-12-05 17:29:38', 1, 1, 1, 115, 61, NULL),
	(1068, 2, 1, '2020-12-05 17:29:43', 1, 1, 1, 110, 63, NULL),
	(1069, 2, 1, '2020-12-05 17:29:48', 1, 1, 1, 105, 65, NULL),
	(1070, 2, 1, '2020-12-05 17:29:53', 1, 1, 1, 100, 66, NULL),
	(1071, 2, 1, '2020-12-05 17:29:58', 1, 1, 1, 95, 68, NULL),
	(1072, 2, 1, '2020-12-05 17:30:03', 1, 1, 1, 90, 69, NULL),
	(1073, 2, 1, '2020-12-05 17:30:08', 1, 1, 1, 85, 71, NULL),
	(1074, 2, 1, '2020-12-05 17:30:13', 1, 1, 1, 80, 73, NULL),
	(1075, 2, 1, '2020-12-05 17:30:18', 1, 1, 1, 75, 74, NULL),
	(1076, 2, 1, '2020-12-05 17:30:23', 1, 1, 1, 70, 76, NULL),
	(1077, 2, 1, '2020-12-05 17:30:28', 1, 1, 1, 65, 78, NULL),
	(1078, 2, 1, '2020-12-05 17:30:33', 1, 1, 1, 60, 80, NULL),
	(1079, 2, 1, '2020-12-05 17:30:38', 1, 1, 1, 55, 81, NULL),
	(1080, 2, 1, '2020-12-05 17:30:43', 1, 1, 1, 50, 83, NULL),
	(1081, 2, 1, '2020-12-05 17:30:48', 1, 1, 1, 45, 85, NULL),
	(1082, 2, 1, '2020-12-05 17:30:53', 1, 1, 1, 40, 86, NULL),
	(1083, 2, 1, '2020-12-05 17:30:58', 1, 1, 1, 35, 88, NULL),
	(1084, 2, 1, '2020-12-05 17:31:03', 1, 1, 1, 30, 89, NULL),
	(1085, 2, 1, '2020-12-05 17:31:08', 1, 1, 1, 25, 91, NULL),
	(1086, 2, 1, '2020-12-05 17:31:13', 1, 1, 1, 20, 93, NULL),
	(1087, 2, 1, '2020-12-05 17:31:18', 1, 1, 1, 15, 95, NULL),
	(1088, 2, 1, '2020-12-05 17:31:22', 1, 1, 1, 10, 96, NULL),
	(1089, 2, 1, '2020-12-05 17:31:28', 1, 1, 1, 5, 98, NULL),
	(1090, 2, 1, '2020-12-05 17:31:32', 1, 1, 2, 0, 100, NULL),
	(1091, 2, 1, '2020-12-05 17:31:53', 1, 1, 1, 0, 0, NULL),
	(1092, 2, 1, '2020-12-05 17:31:59', 1, 1, 1, 295, 1, NULL),
	(1093, 2, 1, '2020-12-05 17:32:03', 1, 1, 1, 290, 3, NULL),
	(1094, 2, 1, '2020-12-05 17:32:09', 1, 1, 1, 285, 5, NULL),
	(1095, 2, 1, '2020-12-05 17:32:14', 1, 1, 1, 280, 6, NULL),
	(1096, 2, 1, '2020-12-05 17:32:19', 1, 1, 1, 275, 8, NULL),
	(1097, 2, 1, '2020-12-05 17:32:24', 1, 1, 1, 270, 9, NULL),
	(1098, 2, 1, '2020-12-05 17:32:29', 1, 1, 1, 265, 11, NULL),
	(1099, 2, 1, '2020-12-05 17:32:34', 1, 1, 1, 260, 13, NULL),
	(1100, 2, 1, '2020-12-05 17:32:39', 1, 1, 1, 255, 15, NULL),
	(1101, 2, 1, '2020-12-05 17:32:44', 1, 1, 1, 250, 16, NULL),
	(1102, 2, 1, '2020-12-05 17:32:49', 1, 1, 1, 245, 18, NULL),
	(1103, 2, 1, '2020-12-05 17:32:54', 1, 1, 1, 240, 20, NULL),
	(1104, 2, 1, '2020-12-05 17:32:59', 1, 1, 1, 235, 21, NULL),
	(1105, 2, 1, '2020-12-05 17:33:04', 1, 1, 1, 230, 23, NULL),
	(1106, 2, 1, '2020-12-05 17:33:09', 1, 1, 1, 225, 24, NULL),
	(1107, 2, 1, '2020-12-05 17:33:14', 1, 1, 1, 220, 26, NULL),
	(1108, 2, 1, '2020-12-05 17:33:19', 1, 1, 1, 215, 28, NULL),
	(1109, 2, 1, '2020-12-05 17:33:24', 1, 1, 1, 210, 30, NULL),
	(1110, 2, 1, '2020-12-05 17:33:28', 1, 1, 1, 205, 31, NULL),
	(1111, 2, 1, '2020-12-05 17:33:34', 1, 1, 1, 200, 33, NULL),
	(1112, 2, 1, '2020-12-05 17:33:39', 1, 1, 1, 195, 34, NULL),
	(1113, 2, 1, '2020-12-05 17:33:44', 1, 1, 1, 190, 36, NULL),
	(1114, 2, 1, '2020-12-05 17:33:49', 1, 1, 1, 185, 38, NULL),
	(1115, 2, 1, '2020-12-05 17:33:54', 1, 1, 1, 180, 40, NULL),
	(1116, 2, 1, '2020-12-05 17:33:59', 1, 1, 1, 175, 41, NULL),
	(1117, 2, 1, '2020-12-05 17:34:04', 1, 1, 1, 170, 43, NULL),
	(1118, 2, 1, '2020-12-05 17:34:08', 1, 1, 1, 165, 44, NULL),
	(1119, 2, 1, '2020-12-05 17:34:13', 1, 1, 1, 160, 46, NULL),
	(1120, 2, 1, '2020-12-05 17:34:19', 1, 1, 1, 155, 48, NULL),
	(1121, 2, 1, '2020-12-05 17:34:24', 1, 1, 1, 150, 50, NULL),
	(1122, 2, 1, '2020-12-05 17:34:29', 1, 1, 1, 145, 51, NULL),
	(1123, 2, 1, '2020-12-05 17:34:34', 1, 1, 1, 140, 53, NULL),
	(1124, 2, 1, '2020-12-05 17:34:39', 1, 1, 1, 135, 54, NULL),
	(1125, 2, 1, '2020-12-05 17:34:44', 1, 1, 1, 130, 56, NULL),
	(1126, 2, 1, '2020-12-05 17:34:49', 1, 1, 1, 125, 58, NULL),
	(1127, 2, 1, '2020-12-05 17:34:54', 1, 1, 1, 120, 60, NULL),
	(1128, 2, 1, '2020-12-05 17:34:59', 1, 1, 1, 115, 61, NULL),
	(1129, 2, 1, '2020-12-05 17:35:04', 1, 1, 1, 110, 63, NULL),
	(1130, 2, 1, '2020-12-05 17:35:09', 1, 1, 1, 105, 64, NULL),
	(1131, 2, 1, '2020-12-05 17:35:14', 1, 1, 1, 100, 66, NULL),
	(1132, 2, 1, '2020-12-05 17:35:19', 1, 1, 1, 95, 68, NULL),
	(1133, 2, 1, '2020-12-05 17:35:24', 1, 1, 1, 90, 70, NULL),
	(1134, 2, 1, '2020-12-05 17:35:29', 1, 1, 1, 85, 71, NULL),
	(1135, 2, 1, '2020-12-05 17:35:33', 1, 1, 1, 80, 73, NULL),
	(1136, 2, 1, '2020-12-05 17:35:39', 1, 1, 1, 75, 75, NULL),
	(1137, 2, 1, '2020-12-05 17:35:44', 1, 1, 1, 70, 76, NULL),
	(1138, 2, 1, '2020-12-05 17:35:49', 1, 1, 1, 65, 78, NULL),
	(1139, 2, 1, '2020-12-05 17:35:54', 1, 1, 1, 60, 79, NULL),
	(1140, 2, 1, '2020-12-05 17:35:59', 1, 1, 1, 55, 81, NULL),
	(1141, 2, 1, '2020-12-05 17:36:04', 1, 1, 1, 50, 83, NULL),
	(1142, 2, 1, '2020-12-05 17:36:09', 1, 1, 1, 45, 85, NULL),
	(1143, 2, 1, '2020-12-05 17:36:14', 1, 1, 1, 39, 87, NULL),
	(1144, 2, 1, '2020-12-05 17:36:20', 1, 1, 1, 34, 88, NULL),
	(1145, 2, 1, '2020-12-05 17:36:25', 1, 1, 1, 29, 90, NULL),
	(1146, 2, 1, '2020-12-05 17:36:30', 1, 1, 1, 24, 91, NULL),
	(1147, 2, 1, '2020-12-05 17:36:35', 1, 1, 1, 19, 93, NULL),
	(1148, 2, 1, '2020-12-05 17:36:40', 1, 1, 1, 14, 95, NULL),
	(1149, 2, 1, '2020-12-05 17:36:45', 1, 1, 1, 9, 97, NULL),
	(1150, 2, 1, '2020-12-05 17:36:50', 1, 1, 1, 4, 98, NULL),
	(1151, 2, 1, '2020-12-05 17:36:53', 1, 1, 2, 0, 100, NULL),
	(1152, 2, 1, '2020-12-05 17:37:15', 1, 1, 1, 0, 0, NULL),
	(1153, 2, 1, '2020-12-05 17:37:22', 1, 1, 1, 295, 1, NULL),
	(1154, 2, 1, '2020-12-05 17:37:27', 1, 1, 1, 290, 3, NULL),
	(1155, 2, 1, '2020-12-05 17:37:32', 1, 1, 1, 285, 4, NULL),
	(1156, 2, 1, '2020-12-05 17:37:37', 1, 1, 1, 280, 6, NULL),
	(1157, 2, 1, '2020-12-05 17:37:42', 1, 1, 1, 275, 8, NULL),
	(1158, 2, 1, '2020-12-05 17:37:47', 1, 1, 1, 270, 10, NULL),
	(1159, 2, 1, '2020-12-05 17:37:52', 1, 1, 1, 265, 11, NULL),
	(1160, 2, 1, '2020-12-05 17:37:57', 1, 1, 1, 260, 13, NULL),
	(1161, 2, 1, '2020-12-05 17:38:02', 1, 1, 1, 255, 14, NULL),
	(1162, 2, 1, '2020-12-05 17:38:07', 1, 1, 1, 250, 16, NULL),
	(1163, 2, 1, '2020-12-05 17:38:12', 1, 1, 1, 245, 18, NULL),
	(1164, 2, 1, '2020-12-05 17:38:17', 1, 1, 1, 240, 20, NULL),
	(1165, 2, 1, '2020-12-05 17:38:22', 1, 1, 1, 235, 21, NULL),
	(1166, 2, 1, '2020-12-05 17:38:27', 1, 1, 1, 230, 23, NULL),
	(1167, 2, 1, '2020-12-05 17:38:32', 1, 1, 1, 225, 24, NULL),
	(1168, 2, 1, '2020-12-05 17:38:37', 1, 1, 1, 220, 26, NULL),
	(1169, 2, 1, '2020-12-05 17:38:42', 1, 1, 1, 215, 28, NULL),
	(1170, 2, 1, '2020-12-05 17:38:47', 1, 1, 1, 210, 30, NULL),
	(1171, 2, 1, '2020-12-05 17:38:52', 1, 1, 1, 205, 31, NULL),
	(1172, 2, 1, '2020-12-05 17:38:57', 1, 1, 1, 200, 33, NULL),
	(1173, 2, 1, '2020-12-05 17:39:02', 1, 1, 1, 195, 34, NULL),
	(1174, 2, 1, '2020-12-05 17:39:07', 1, 1, 1, 190, 36, NULL),
	(1175, 2, 1, '2020-12-05 17:39:12', 1, 1, 1, 185, 38, NULL),
	(1176, 2, 1, '2020-12-05 17:39:17', 1, 1, 1, 180, 40, NULL),
	(1177, 2, 1, '2020-12-05 17:39:22', 1, 1, 1, 175, 41, NULL),
	(1178, 2, 1, '2020-12-05 17:39:27', 1, 1, 1, 170, 43, NULL),
	(1179, 2, 1, '2020-12-05 17:39:32', 1, 1, 1, 165, 44, NULL),
	(1180, 2, 1, '2020-12-05 17:39:37', 1, 1, 1, 160, 46, NULL),
	(1181, 2, 1, '2020-12-05 17:39:42', 1, 1, 1, 155, 48, NULL),
	(1182, 2, 1, '2020-12-05 17:39:47', 1, 1, 1, 150, 50, NULL),
	(1183, 2, 1, '2020-12-05 17:39:52', 1, 1, 1, 145, 51, NULL),
	(1184, 2, 1, '2020-12-05 17:39:57', 1, 1, 1, 140, 53, NULL),
	(1185, 2, 1, '2020-12-05 17:40:02', 1, 1, 1, 135, 55, NULL),
	(1186, 2, 1, '2020-12-05 17:40:07', 1, 1, 1, 130, 56, NULL),
	(1187, 2, 1, '2020-12-05 17:40:12', 1, 1, 1, 125, 58, NULL),
	(1188, 2, 1, '2020-12-05 17:40:17', 1, 1, 1, 120, 59, NULL),
	(1189, 2, 1, '2020-12-05 17:40:22', 1, 1, 1, 115, 61, NULL),
	(1190, 2, 1, '2020-12-05 17:40:27', 1, 1, 1, 110, 63, NULL),
	(1191, 2, 1, '2020-12-05 17:40:32', 1, 1, 1, 105, 65, NULL),
	(1192, 2, 1, '2020-12-05 17:40:33', 1, 1, 3, 105, 100, NULL),
	(1193, 2, 1, '2020-12-07 20:27:19', 1, 0, 1, 0, 0, NULL),
	(1194, 2, 1, '2020-12-07 20:27:26', 1, 0, 1, 55, 6, NULL),
	(1195, 2, 1, '2020-12-07 20:27:31', 1, 0, 1, 50, 16, NULL),
	(1196, 2, 1, '2020-12-07 20:27:35', 1, 0, 1, 45, 23, NULL),
	(1197, 2, 1, '2020-12-07 20:27:40', 1, 0, 1, 40, 33, NULL),
	(1198, 2, 1, '2020-12-07 20:27:45', 1, 0, 1, 35, 40, NULL),
	(1199, 2, 1, '2020-12-07 20:27:50', 1, 0, 1, 30, 50, NULL),
	(1200, 2, 1, '2020-12-07 20:27:56', 1, 0, 1, 25, 56, NULL),
	(1201, 2, 1, '2020-12-07 20:28:01', 1, 0, 1, 20, 66, NULL),
	(1202, 2, 1, '2020-12-07 20:28:05', 1, 0, 1, 15, 73, NULL),
	(1203, 2, 1, '2020-12-07 20:28:10', 1, 0, 1, 10, 83, NULL),
	(1204, 2, 1, '2020-12-07 20:28:15', 1, 0, 1, 5, 90, NULL),
	(1205, 2, 1, '2020-12-07 20:28:20', 1, 0, 2, 0, 100, NULL),
	(1206, 2, 1, '2020-12-07 20:29:19', 1, 0, 1, 0, 0, NULL),
	(1207, 2, 1, '2020-12-07 20:29:25', 1, 0, 1, 55, 6, NULL),
	(1208, 2, 1, '2020-12-07 20:29:30', 1, 0, 1, 50, 16, NULL),
	(1209, 2, 1, '2020-12-07 20:29:35', 1, 0, 1, 45, 23, NULL),
	(1210, 2, 1, '2020-12-07 20:29:59', 1, 0, 1, 40, 31, NULL),
	(1211, 2, 1, '2020-12-07 20:30:04', 1, 0, 1, 35, 41, NULL),
	(1212, 2, 1, '2020-12-07 20:30:09', 1, 0, 1, 30, 48, NULL),
	(1213, 2, 1, '2020-12-07 20:30:14', 1, 0, 1, 25, 58, NULL),
	(1214, 2, 1, '2020-12-07 20:30:20', 1, 0, 1, 20, 65, NULL),
	(1215, 2, 1, '2020-12-07 20:30:24', 1, 0, 1, 15, 73, NULL),
	(1216, 2, 1, '2020-12-07 20:31:41', 1, 0, 1, 10, 81, NULL),
	(1217, 2, 1, '2020-12-07 20:31:46', 1, 0, 1, 5, 91, NULL),
	(1218, 2, 1, '2020-12-07 20:31:50', 1, 0, 2, 0, 100, NULL),
	(1219, 2, 1, '2020-12-07 20:44:09', 1, 0, 1, 0, 0, NULL),
	(1220, 2, 1, '2020-12-07 20:44:15', 1, 0, 1, 55, 6, NULL),
	(1221, 2, 1, '2020-12-07 20:44:20', 1, 0, 1, 50, 16, NULL),
	(1222, 2, 1, '2020-12-07 20:44:25', 1, 0, 1, 45, 23, NULL),
	(1223, 2, 1, '2020-12-07 20:44:30', 1, 0, 1, 40, 33, NULL),
	(1224, 2, 1, '2020-12-07 20:44:36', 1, 0, 1, 35, 40, NULL),
	(1225, 2, 1, '2020-12-07 20:44:49', 1, 0, 1, 30, 48, NULL),
	(1226, 2, 1, '2020-12-07 20:44:54', 1, 0, 1, 25, 58, NULL),
	(1227, 2, 1, '2020-12-07 20:44:59', 1, 0, 1, 20, 65, NULL),
	(1228, 2, 1, '2020-12-07 20:45:05', 1, 0, 1, 15, 75, NULL),
	(1229, 2, 1, '2020-12-07 20:45:10', 1, 0, 1, 10, 81, NULL),
	(1230, 2, 1, '2020-12-07 20:45:14', 1, 0, 1, 5, 91, NULL),
	(1231, 2, 1, '2020-12-07 20:45:18', 1, 0, 1, 0, 100, NULL),
	(1232, 2, 1, '2020-12-07 20:46:17', 1, 0, 1, 30, 48, NULL),
	(1233, 2, 1, '2020-12-07 20:46:23', 1, 0, 1, 25, 58, NULL),
	(1234, 2, 1, '2020-12-07 20:46:27', 1, 0, 1, 20, 65, NULL),
	(1235, 2, 1, '2020-12-07 20:46:32', 1, 0, 1, 15, 75, NULL),
	(1236, 2, 1, '2020-12-07 20:46:37', 1, 0, 1, 10, 81, NULL),
	(1237, 2, 1, '2020-12-07 20:46:42', 1, 0, 1, 5, 91, NULL),
	(1238, 2, 1, '2020-12-07 20:46:47', 1, 0, 1, 0, 100, NULL),
	(1239, 2, 1, '2020-12-07 20:47:35', 1, 0, 1, 0, 0, NULL),
	(1240, 2, 1, '2020-12-07 20:47:42', 1, 0, 1, 55, 6, NULL),
	(1241, 2, 1, '2020-12-07 20:47:47', 1, 0, 1, 50, 16, NULL),
	(1242, 2, 1, '2020-12-07 20:47:51', 1, 0, 1, 45, 23, NULL),
	(1243, 2, 1, '2020-12-07 20:47:56', 1, 0, 1, 40, 33, NULL),
	(1244, 2, 1, '2020-12-07 20:48:01', 1, 0, 1, 35, 40, NULL),
	(1245, 2, 1, '2020-12-07 20:48:06', 1, 0, 1, 30, 50, NULL),
	(1246, 2, 1, '2020-12-07 20:48:06', 1, 0, 1, 30, 100, NULL),
	(1247, 2, 1, '2020-12-07 20:48:33', 1, 0, 1, 30, 0, NULL),
	(1248, 2, 1, '2020-12-07 20:48:39', 1, 0, 1, 55, 0, NULL),
	(1249, 2, 1, '2020-12-07 20:48:46', 1, 0, 1, 55, 6, NULL),
	(1250, 2, 1, '2020-12-07 20:48:51', 1, 0, 1, 50, 16, NULL),
	(1251, 2, 1, '2020-12-07 20:48:51', 1, 0, 1, 50, 100, NULL),
	(1252, 2, 1, '2020-12-07 20:48:51', 1, 0, 1, 50, 16, NULL),
	(1253, 2, 1, '2020-12-07 20:48:51', 1, 0, 1, 50, 100, NULL),
	(1254, 2, 1, '2020-12-07 21:03:57', 1, 0, 1, 45, 23, NULL),
	(1255, 2, 1, '2020-12-07 21:04:01', 1, 0, 1, 40, 31, NULL),
	(1256, 2, 1, '2020-12-07 21:04:06', 1, 0, 1, 35, 41, NULL),
	(1257, 2, 1, '2020-12-07 21:04:11', 1, 0, 1, 30, 48, NULL),
	(1258, 2, 1, '2020-12-07 21:04:16', 1, 0, 1, 25, 58, NULL),
	(1259, 2, 1, '2020-12-07 21:04:21', 1, 0, 1, 20, 65, NULL),
	(1260, 2, 1, '2020-12-07 21:04:27', 1, 0, 1, 15, 75, NULL),
	(1261, 2, 1, '2020-12-07 21:04:31', 1, 0, 1, 10, 81, NULL),
	(1262, 2, 1, '2020-12-07 21:04:36', 1, 0, 1, 5, 91, NULL),
	(1263, 2, 1, '2020-12-07 21:04:40', 1, 0, 1, 0, 100, NULL),
	(1264, 2, 1, '2020-12-07 21:08:29', 1, 0, 1, 0, 100, NULL),
	(1265, 2, 1, '2020-12-07 21:25:27', 1, 0, 1, 0, 100, NULL),
	(1266, 2, 1, '2020-12-07 21:27:35', 1, 0, 2, 0, 100, NULL),
	(1267, 2, 1, '2020-12-07 21:27:55', 1, 0, 1, 0, 0, NULL),
	(1268, 2, 1, '2020-12-07 21:28:01', 1, 0, 1, 55, 6, NULL),
	(1269, 2, 1, '2020-12-07 21:28:07', 1, 0, 1, 50, 16, NULL),
	(1270, 2, 1, '2020-12-07 21:28:12', 1, 0, 1, 45, 23, NULL),
	(1271, 2, 1, '2020-12-07 21:28:12', 1, 0, 2, 45, 100, NULL),
	(1272, 2, 1, '2020-12-07 21:28:21', 1, 1, 1, 45, 0, NULL),
	(1273, 2, 1, '2020-12-07 21:28:28', 1, 1, 1, 295, 1, NULL),
	(1274, 2, 1, '2020-12-07 21:28:52', 1, 1, 1, 290, 3, NULL),
	(1275, 2, 1, '2020-12-07 21:28:57', 1, 1, 1, 285, 5, NULL),
	(1276, 2, 1, '2020-12-07 21:29:02', 1, 1, 1, 280, 6, NULL),
	(1277, 2, 1, '2020-12-07 21:29:08', 1, 1, 1, 275, 8, NULL),
	(1278, 2, 1, '2020-12-07 21:29:13', 1, 1, 1, 270, 9, NULL),
	(1279, 2, 1, '2020-12-07 21:29:17', 1, 1, 1, 265, 11, NULL),
	(1280, 2, 1, '2020-12-07 21:29:22', 1, 1, 1, 260, 13, NULL),
	(1281, 2, 1, '2020-12-07 21:29:27', 1, 1, 1, 255, 15, NULL),
	(1282, 2, 1, '2020-12-07 21:29:32', 1, 1, 1, 250, 16, NULL),
	(1283, 2, 1, '2020-12-07 21:29:37', 1, 1, 1, 245, 18, NULL),
	(1284, 2, 1, '2020-12-07 21:29:42', 1, 1, 1, 240, 19, NULL),
	(1285, 2, 1, '2020-12-07 21:29:48', 1, 1, 1, 235, 21, NULL),
	(1286, 2, 1, '2020-12-07 21:29:53', 1, 1, 1, 230, 23, NULL),
	(1287, 2, 1, '2020-12-07 21:29:58', 1, 1, 1, 225, 25, NULL),
	(1288, 2, 1, '2020-12-07 21:30:02', 1, 1, 1, 220, 26, NULL),
	(1289, 2, 1, '2020-12-07 21:30:07', 1, 1, 1, 215, 28, NULL),
	(1290, 2, 1, '2020-12-07 21:30:12', 1, 1, 1, 210, 29, NULL),
	(1291, 2, 1, '2020-12-07 21:30:17', 1, 1, 1, 205, 31, NULL),
	(1292, 2, 1, '2020-12-07 21:30:22', 1, 1, 1, 200, 33, NULL),
	(1293, 2, 1, '2020-12-07 21:30:28', 1, 1, 1, 195, 35, NULL),
	(1294, 2, 1, '2020-12-07 21:30:33', 1, 1, 1, 190, 36, NULL),
	(1295, 2, 1, '2020-12-07 21:30:37', 1, 1, 1, 185, 38, NULL),
	(1296, 2, 1, '2020-12-07 21:30:42', 1, 1, 1, 180, 40, NULL),
	(1297, 2, 1, '2020-12-07 21:30:47', 1, 1, 1, 175, 41, NULL),
	(1298, 2, 1, '2020-12-07 21:30:52', 1, 1, 1, 170, 43, NULL),
	(1299, 2, 1, '2020-12-07 21:30:57', 1, 1, 1, 165, 44, NULL),
	(1300, 2, 1, '2020-12-07 21:31:02', 1, 1, 1, 160, 46, NULL),
	(1301, 2, 1, '2020-12-07 21:31:08', 1, 1, 1, 155, 48, NULL),
	(1302, 2, 1, '2020-12-07 21:31:13', 1, 1, 1, 150, 50, NULL),
	(1303, 2, 1, '2020-12-07 21:31:17', 1, 1, 1, 145, 51, NULL),
	(1304, 2, 1, '2020-12-07 21:31:22', 1, 1, 1, 140, 53, NULL),
	(1305, 2, 1, '2020-12-07 21:31:27', 1, 1, 1, 135, 54, NULL),
	(1306, 2, 1, '2020-12-07 21:31:32', 1, 1, 1, 130, 56, NULL),
	(1307, 2, 1, '2020-12-07 21:31:37', 1, 1, 1, 125, 58, NULL),
	(1308, 2, 1, '2020-12-07 21:31:43', 1, 1, 1, 120, 60, NULL),
	(1309, 2, 1, '2020-12-07 21:31:48', 1, 1, 1, 115, 61, NULL),
	(1310, 2, 1, '2020-12-07 21:31:53', 1, 1, 1, 110, 63, NULL),
	(1311, 2, 1, '2020-12-07 21:31:57', 1, 1, 1, 105, 64, NULL),
	(1312, 2, 1, '2020-12-07 21:32:02', 1, 1, 1, 100, 66, NULL),
	(1313, 2, 1, '2020-12-07 21:33:46', 1, 1, 1, 95, 68, NULL),
	(1314, 2, 1, '2020-12-07 21:33:50', 1, 1, 1, 90, 69, NULL),
	(1315, 2, 1, '2020-12-07 21:33:55', 1, 1, 1, 85, 71, NULL),
	(1316, 2, 1, '2020-12-07 21:34:00', 1, 1, 1, 80, 73, NULL),
	(1317, 2, 1, '2020-12-07 21:34:05', 1, 1, 1, 75, 75, NULL),
	(1318, 2, 1, '2020-12-07 21:34:10', 1, 1, 1, 70, 76, NULL),
	(1319, 2, 1, '2020-12-07 21:34:16', 1, 1, 1, 65, 78, NULL),
	(1320, 2, 1, '2020-12-07 21:34:21', 1, 1, 1, 60, 79, NULL),
	(1321, 2, 1, '2020-12-07 21:34:25', 1, 1, 1, 55, 81, NULL),
	(1322, 2, 1, '2020-12-07 21:34:30', 1, 1, 1, 50, 83, NULL),
	(1323, 2, 1, '2020-12-07 21:34:35', 1, 1, 1, 45, 84, NULL),
	(1324, 2, 1, '2020-12-07 21:34:40', 1, 1, 1, 40, 86, NULL),
	(1325, 2, 1, '2020-12-07 21:34:46', 1, 1, 1, 35, 88, NULL),
	(1326, 2, 1, '2020-12-07 21:34:51', 1, 1, 1, 30, 90, NULL),
	(1327, 2, 1, '2020-12-07 21:34:55', 1, 1, 1, 25, 91, NULL),
	(1328, 2, 1, '2020-12-07 21:35:00', 1, 1, 1, 20, 93, NULL),
	(1329, 2, 1, '2020-12-07 21:35:05', 1, 1, 1, 15, 94, NULL),
	(1330, 2, 1, '2020-12-07 21:35:10', 1, 1, 1, 10, 96, NULL),
	(1331, 2, 1, '2020-12-07 21:35:15', 1, 1, 1, 5, 98, NULL),
	(1332, 2, 1, '2020-12-07 21:35:20', 1, 1, 2, 0, 100, NULL),
	(1333, 2, 1, '2020-12-07 21:35:33', 1, 0, 1, 0, 0, NULL),
	(1334, 2, 1, '2020-12-07 21:35:39', 1, 0, 1, 55, 6, NULL),
	(1335, 2, 1, '2020-12-07 21:35:44', 1, 0, 1, 50, 16, NULL),
	(1336, 2, 1, '2020-12-07 21:35:46', 1, 0, 2, 49, 100, NULL),
	(1337, 2, 1, '2020-12-07 21:35:49', 1, 0, 1, 49, 0, NULL),
	(1338, 2, 1, '2020-12-07 21:35:54', 1, 0, 2, 56, 100, NULL),
	(1339, 2, 1, '2020-12-07 21:35:57', 1, 1, 1, 56, 0, NULL),
	(1340, 2, 1, '2020-12-07 21:36:03', 1, 1, 1, 295, 1, NULL),
	(1341, 2, 1, '2020-12-07 21:36:05', 1, 1, 2, 293, 100, NULL),
	(1342, 2, 1, '2020-12-07 22:05:39', 1, 1, 1, 0, 0, NULL),
	(1343, 2, 1, '2020-12-07 22:05:45', 1, 1, 1, 295, 1, NULL),
	(1344, 2, 1, '2020-12-07 22:05:50', 1, 1, 1, 290, 3, NULL),
	(1345, 2, 1, '2020-12-07 22:05:54', 1, 1, 1, 285, 4, NULL),
	(1346, 2, 1, '2020-12-07 22:05:59', 1, 1, 1, 280, 6, NULL),
	(1347, 2, 1, '2020-12-07 22:06:00', 1, 1, 2, 280, 100, NULL),
	(1348, 2, 1, '2020-12-07 22:06:09', 1, 1, 1, 280, 0, NULL),
	(1349, 2, 1, '2020-12-07 22:06:14', 1, 1, 1, 295, 1, NULL),
	(1350, 2, 1, '2020-12-07 22:06:41', 1, 1, 1, 290, 3, NULL),
	(1351, 2, 1, '2020-12-07 22:06:44', 1, 1, 2, 287, 100, NULL),
	(1352, 2, 1, '2020-12-07 22:11:37', 2, 1, 1, 0, 0, NULL),
	(1353, 2, 1, '2020-12-07 22:11:37', 2, 1, 2, 0, 100, NULL),
	(1354, 2, 1, '2020-12-07 22:11:44', 2, 0, 1, 0, 0, NULL),
	(1355, 2, 1, '2020-12-07 22:11:50', 2, 0, 1, 55, 6, NULL),
	(1356, 2, 1, '2020-12-07 22:11:54', 2, 0, 1, 50, 16, NULL),
	(1357, 2, 1, '2020-12-07 22:12:00', 2, 0, 1, 45, 23, NULL),
	(1358, 2, 1, '2020-12-07 22:12:01', 2, 0, 2, 44, 100, NULL),
	(1359, 2, 1, '2020-12-07 22:13:28', 3, 0, 1, 0, 0, NULL),
	(1360, 2, 1, '2020-12-07 22:13:37', 3, 0, 2, 232, 100, NULL),
	(1361, 2, 1, '2020-12-07 22:13:42', 4, 0, 1, 232, 0, NULL),
	(1362, 2, 1, '2020-12-07 22:13:47', 4, 0, 1, 7889245, 0, NULL),
	(1363, 2, 1, '2020-12-07 22:13:53', 4, 0, 1, 7889240, 0, NULL),
	(1364, 2, 1, '2020-12-07 22:13:55', 4, 0, 2, 7889238, 100, NULL),
	(1365, 2, 1, '2020-12-08 13:49:05', 3, 0, 1, 0, 0, NULL),
	(1366, 2, 1, '2020-12-08 13:53:06', 3, 0, 2, 0, 100, NULL),
	(1367, 2, 1, '2020-12-08 14:00:23', 3, 0, 1, 0, 0, NULL),
	(1368, 2, 1, '2020-12-08 14:00:24', 3, 0, 2, 240, 100, NULL),
	(1369, 2, 1, '2020-12-08 14:00:59', 3, 0, 1, 0, 0, NULL),
	(1370, 2, 1, '2020-12-08 14:01:05', 3, 0, 2, 236, 100, NULL),
	(1371, 2, 1, '2020-12-08 14:01:28', 3, 0, 1, 0, 0, NULL),
	(1372, 2, 1, '2020-12-08 14:01:37', 3, 0, 2, 232, 100, NULL),
	(1373, 2, 1, '2020-12-08 19:47:13', 4, 0, 1, 0, 0, NULL),
	(1374, 2, 1, '2020-12-08 19:47:18', 4, 0, 1, 7889245, 0, NULL),
	(1375, 2, 1, '2020-12-08 19:47:21', 4, 0, 2, 7889242, 100, NULL),
	(1376, 2, 1, '2020-12-08 19:55:52', 4, 0, 1, 0, 0, NULL),
	(1377, 2, 1, '2020-12-08 19:55:57', 4, 0, 1, 7889245, 0, NULL),
	(1378, 2, 1, '2020-12-08 19:56:03', 4, 0, 1, 7889240, 0, NULL),
	(1379, 2, 1, '2020-12-08 19:56:08', 4, 0, 1, 7889235, 0, NULL),
	(1380, 2, 1, '2020-12-08 19:56:09', 1, 0, 1, 7889233, 0, NULL),
	(1381, 2, 1, '2020-12-08 19:56:13', 1, 0, 2, 57, 100, NULL),
	(1382, 2, 1, '2020-12-08 19:56:13', 1, 0, 2, 57, 100, NULL),
	(1383, 2, 1, '2020-12-08 19:56:18', 4, 0, 1, 57, 0, NULL),
	(1384, 2, 1, '2020-12-08 19:56:24', 4, 0, 1, 7889245, 0, NULL),
	(1385, 2, 1, '2020-12-08 19:56:28', 4, 0, 1, 7889240, 0, NULL),
	(1386, 2, 1, '2020-12-08 19:56:29', 4, 0, 2, 7889239, 100, NULL),
	(1387, 2, 1, '2020-12-08 19:56:31', 1, 0, 1, 7889239, 0, NULL),
	(1388, 2, 1, '2020-12-08 19:56:35', 3, 0, 1, 0, 0, NULL),
	(1389, 2, 1, '2020-12-08 19:56:41', 3, 0, 2, 236, 100, NULL),
	(1390, 2, 1, '2020-12-08 19:56:47', 3, 0, 2, 230, 100, NULL),
	(1391, 2, 1, '2020-12-08 20:04:33', 1, 0, 1, 0, 0, NULL),
	(1392, 2, 1, '2020-12-08 20:04:38', 1, 0, 1, 56, 0, NULL),
	(1393, 2, 1, '2020-12-08 20:04:43', 1, 0, 1, 55, 6, NULL),
	(1394, 2, 1, '2020-12-08 20:04:44', 1, 0, 2, 55, 100, NULL),
	(1395, 2, 1, '2020-12-08 20:04:44', 1, 0, 2, 55, 100, NULL),
	(1396, 2, 1, '2020-12-08 20:18:19', 1, 0, 1, 0, 0, NULL),
	(1397, 2, 1, '2020-12-08 20:18:24', 1, 0, 1, 55, 6, NULL),
	(1398, 2, 1, '2020-12-08 20:18:28', 1, 0, 1, 52, 0, NULL),
	(1399, 2, 1, '2020-12-08 20:18:34', 1, 0, 1, 55, 6, NULL),
	(1400, 2, 1, '2020-12-08 20:18:36', 1, 0, 2, 53, 100, NULL),
	(1401, 2, 1, '2020-12-08 20:18:36', 1, 0, 2, 53, 100, NULL),
	(1402, 2, 1, '2020-12-08 20:27:01', 1, 0, 1, 0, 0, NULL),
	(1403, 2, 1, '2020-12-08 20:27:07', 1, 0, 1, 55, 6, NULL),
	(1404, 2, 1, '2020-12-08 20:27:07', 1, 0, 2, 55, 100, NULL),
	(1405, 2, 1, '2020-12-08 20:37:49', 1, 0, 1, 50, 15, NULL),
	(1406, 2, 1, '2020-12-08 20:37:55', 1, 0, 1, 45, 25, NULL),
	(1407, 2, 1, '2020-12-08 20:38:00', 1, 0, 1, 40, 31, NULL),
	(1408, 2, 1, '2020-12-08 20:38:04', 1, 0, 1, 35, 41, NULL),
	(1409, 2, 1, '2020-12-08 20:38:10', 1, 0, 1, 30, 48, NULL),
	(1410, 2, 1, '2020-12-08 20:38:15', 1, 0, 1, 25, 58, NULL),
	(1411, 2, 1, '2020-12-08 20:38:22', 1, 0, 1, 50, 15, NULL),
	(1412, 2, 1, '2020-12-08 20:38:25', 1, 0, 2, 48, 100, NULL),
	(1413, 2, 1, '2020-12-08 20:38:25', 1, 0, 2, 48, 100, NULL),
	(1414, 2, 1, '2020-12-08 20:39:35', 1, 0, 1, 0, 0, NULL),
	(1415, 2, 1, '2020-12-08 20:39:40', 1, 0, 1, 55, 6, NULL),
	(1416, 2, 1, '2020-12-08 20:39:46', 1, 0, 1, 50, 16, NULL),
	(1417, 2, 1, '2020-12-08 20:39:50', 1, 0, 1, 45, 23, NULL),
	(1418, 2, 1, '2020-12-08 20:39:56', 1, 0, 1, 40, 33, NULL),
	(1419, 2, 1, '2020-12-08 20:40:00', 1, 0, 1, 35, 40, NULL),
	(1420, 2, 1, '2020-12-08 20:40:05', 1, 0, 1, 30, 50, NULL),
	(1421, 2, 1, '2020-12-08 20:40:11', 1, 0, 1, 25, 56, NULL),
	(1422, 2, 1, '2020-12-08 20:40:15', 1, 0, 1, 20, 66, NULL),
	(1423, 2, 1, '2020-12-08 20:40:20', 1, 0, 1, 15, 73, NULL),
	(1424, 2, 1, '2020-12-08 20:40:26', 1, 0, 1, 10, 83, NULL),
	(1425, 2, 1, '2020-12-08 20:40:30', 1, 0, 1, 5, 90, NULL),
	(1426, 2, 1, '2020-12-08 20:40:35', 1, 0, 2, 0, 100, NULL),
	(1427, 2, 1, '2020-12-08 20:46:58', 1, 0, 1, 0, 0, NULL),
	(1428, 2, 1, '2020-12-08 20:47:04', 1, 0, 1, 55, 6, NULL),
	(1429, 2, 1, '2020-12-08 20:47:07', 1, 0, 2, 52, 100, NULL),
	(1430, 2, 1, '2020-12-08 21:01:58', 1, 0, 1, 0, 0, NULL),
	(1431, 2, 1, '2020-12-08 21:02:03', 1, 0, 1, 55, 6, NULL),
	(1432, 2, 1, '2020-12-08 21:02:08', 1, 0, 1, 50, 16, NULL),
	(1433, 2, 1, '2020-12-08 21:02:14', 1, 0, 1, 45, 23, NULL),
	(1434, 2, 1, '2020-12-08 21:02:14', 1, 0, 2, 45, 100, NULL),
	(1435, 2, 1, '2020-12-08 21:16:48', 1, 0, 1, 40, 31, NULL),
	(1436, 2, 1, '2020-12-08 21:16:52', 1, 0, 1, 35, 41, NULL),
	(1437, 2, 1, '2020-12-08 21:16:57', 1, 0, 1, 30, 48, NULL),
	(1438, 2, 1, '2020-12-08 21:17:03', 1, 0, 1, 25, 58, NULL),
	(1439, 2, 1, '2020-12-08 21:17:08', 1, 0, 1, 20, 65, NULL),
	(1440, 2, 1, '2020-12-08 21:17:12', 1, 0, 1, 15, 75, NULL),
	(1441, 2, 1, '2020-12-08 21:17:17', 1, 0, 1, 10, 81, NULL),
	(1442, 2, 1, '2020-12-08 21:17:23', 1, 0, 1, 5, 91, NULL),
	(1443, 2, 1, '2020-12-08 21:17:27', 1, 0, 2, 0, 100, NULL),
	(1444, 2, 1, '2021-01-27 19:35:27', 1, 0, 1, 0, 0, NULL),
	(1445, 2, 1, '2021-01-27 19:40:09', 1, 0, 2, 60, 100, NULL),
	(1446, 2, 1, '2021-01-27 19:47:07', 1, 0, 1, 0, 0, NULL),
	(1447, 2, 1, '2021-01-27 19:47:11', 1, 0, 2, 57, 100, NULL),
	(1448, 2, 1, '2021-01-27 19:49:21', 1, 0, 1, 0, 0, NULL),
	(1449, 2, 1, '2021-01-27 19:49:27', 1, 0, 1, 55, 6, NULL),
	(1450, 2, 1, '2021-01-27 19:49:32', 1, 0, 1, 50, 16, NULL),
	(1451, 2, 1, '2021-01-27 19:49:37', 1, 0, 1, 45, 23, NULL),
	(1452, 2, 1, '2021-01-27 19:49:42', 1, 0, 1, 40, 33, NULL),
	(1453, 2, 1, '2021-01-27 19:49:46', 1, 0, 1, 35, 40, NULL),
	(1454, 2, 1, '2021-01-27 19:49:52', 1, 0, 1, 30, 50, NULL),
	(1455, 2, 1, '2021-01-27 19:49:57', 1, 0, 1, 25, 56, NULL),
	(1456, 2, 1, '2021-01-27 19:50:02', 1, 0, 1, 20, 66, NULL),
	(1457, 2, 1, '2021-01-27 19:50:06', 1, 0, 1, 15, 73, NULL),
	(1458, 2, 1, '2021-01-27 19:50:12', 1, 0, 1, 10, 83, NULL),
	(1459, 2, 1, '2021-01-27 19:50:17', 1, 0, 1, 5, 90, NULL),
	(1460, 2, 1, '2021-01-27 19:50:21', 1, 0, 2, 0, 100, NULL),
	(1461, 2, 1, '2021-01-27 20:17:56', 1, 0, 1, 0, 0, NULL),
	(1462, 2, 1, '2021-01-27 20:18:02', 1, 0, 1, 55, 6, NULL),
	(1463, 2, 1, '2021-01-27 20:18:07', 1, 0, 1, 50, 16, NULL),
	(1464, 2, 1, '2021-01-27 20:18:08', 1, 0, 2, 49, 100, NULL),
	(1465, 2, 1, '2021-01-27 20:30:49', 1, 0, 1, 0, 0, NULL),
	(1466, 2, 1, '2021-01-27 20:30:53', 1, 0, 2, 56, 100, NULL),
	(1467, 2, 1, '2021-01-27 21:03:10', 1, 0, 1, 0, 0, NULL),
	(1468, 2, 1, '2021-01-27 21:03:13', 1, 0, 2, 58, 100, NULL),
	(1469, 2, 1, '2021-01-27 21:03:16', 1, 0, 1, 58, 0, NULL),
	(1470, 2, 1, '2021-01-27 21:03:22', 1, 0, 1, 55, 6, NULL),
	(1471, 2, 1, '2021-01-27 21:03:22', 1, 0, 2, 55, 100, NULL),
	(1472, 2, 1, '2021-01-27 21:25:08', 1, 0, 1, 50, 15, NULL),
	(1473, 2, 1, '2021-01-27 21:25:13', 1, 0, 1, 45, 25, NULL),
	(1474, 2, 1, '2021-01-27 21:25:18', 1, 0, 1, 40, 31, NULL),
	(1475, 2, 1, '2021-01-27 21:25:23', 1, 0, 1, 35, 41, NULL),
	(1476, 2, 1, '2021-01-27 21:25:28', 1, 0, 1, 30, 48, NULL),
	(1477, 2, 1, '2021-01-27 21:25:33', 1, 0, 1, 25, 58, NULL),
	(1478, 2, 1, '2021-01-27 21:25:38', 1, 0, 1, 20, 65, NULL),
	(1479, 2, 1, '2021-01-27 21:25:43', 1, 0, 1, 15, 75, NULL),
	(1480, 2, 1, '2021-01-27 21:25:48', 1, 0, 1, 10, 81, NULL),
	(1481, 2, 1, '2021-01-27 21:25:53', 1, 0, 1, 5, 91, NULL),
	(1482, 2, 1, '2021-01-27 21:25:57', 1, 0, 2, 0, 100, NULL),
	(1483, 2, 1, '2021-01-29 15:26:33', 3, 0, 1, 0, 0, NULL),
	(1484, 2, 1, '2021-01-29 15:28:03', 3, 0, 2, 151, 100, NULL),
	(1485, 2, 1, '2021-01-29 15:28:08', 1, 0, 1, 151, 0, NULL),
	(1486, 2, 1, '2021-01-29 15:28:13', 1, 0, 1, 55, 6, NULL),
	(1487, 2, 1, '2021-01-29 15:28:18', 1, 0, 1, 50, 16, NULL),
	(1488, 2, 1, '2021-01-29 15:28:23', 1, 0, 1, 45, 23, NULL),
	(1489, 2, 1, '2021-01-29 15:28:27', 1, 0, 2, 41, 100, NULL),
	(1490, 2, 1, '2021-01-29 15:28:36', 2, 0, 1, 41, 0, NULL),
	(1491, 2, 1, '2021-01-29 15:28:41', 2, 0, 2, 56, 100, NULL),
	(1492, 2, 1, '2021-02-01 16:48:33', 1, 0, 1, 0, 0, NULL),
	(1493, 2, 1, '2021-02-01 16:48:38', 1, 0, 1, 55, 6, NULL),
	(1494, 2, 1, '2021-02-01 16:48:43', 1, 0, 1, 50, 16, NULL),
	(1495, 2, 1, '2021-02-01 16:48:48', 1, 0, 1, 45, 23, NULL),
	(1496, 2, 1, '2021-02-01 16:48:53', 1, 0, 1, 40, 33, NULL),
	(1497, 2, 1, '2021-02-01 16:48:58', 1, 0, 1, 35, 40, NULL),
	(1498, 2, 1, '2021-02-01 16:49:03', 1, 0, 1, 30, 50, NULL),
	(1499, 2, 1, '2021-02-01 16:49:08', 1, 0, 1, 25, 56, NULL),
	(1500, 2, 1, '2021-02-01 16:49:08', 1, 0, 2, 25, 100, NULL),
	(1501, 2, 1, '2021-02-01 17:57:19', 1, 0, 1, 20, 65, NULL),
	(1502, 2, 1, '2021-02-01 17:57:24', 1, 0, 1, 15, 75, NULL),
	(1503, 2, 1, '2021-02-01 17:57:29', 1, 0, 1, 10, 81, NULL),
	(1504, 2, 1, '2021-02-01 17:57:34', 1, 0, 1, 5, 91, NULL),
	(1505, 2, 1, '2021-02-01 17:57:38', 1, 0, 2, 0, 100, NULL),
	(1506, 2, 1, '2021-02-01 18:06:34', 1, 0, 1, 0, 0, NULL),
	(1507, 2, 1, '2021-02-01 18:06:40', 1, 0, 1, 55, 6, NULL),
	(1508, 2, 1, '2021-02-01 18:06:45', 1, 0, 1, 50, 16, NULL),
	(1509, 2, 1, '2021-02-01 18:06:50', 1, 0, 1, 45, 23, NULL),
	(1510, 2, 1, '2021-02-01 18:06:55', 1, 0, 1, 40, 33, NULL),
	(1511, 2, 1, '2021-02-01 18:07:00', 1, 0, 1, 35, 40, NULL),
	(1512, 2, 1, '2021-02-01 18:07:05', 1, 0, 1, 30, 50, NULL),
	(1513, 2, 1, '2021-02-01 18:07:10', 1, 0, 1, 25, 56, NULL),
	(1514, 2, 1, '2021-02-01 18:07:15', 1, 0, 1, 20, 66, NULL),
	(1515, 2, 1, '2021-02-01 18:07:20', 1, 0, 1, 15, 73, NULL),
	(1516, 2, 1, '2021-02-01 18:07:25', 1, 0, 1, 10, 83, NULL),
	(1517, 2, 1, '2021-02-01 18:07:30', 1, 0, 1, 5, 90, NULL),
	(1518, 2, 1, '2021-02-01 18:07:34', 1, 0, 2, 0, 100, NULL),
	(1519, 2, 1, '2021-02-01 18:10:27', 1, 0, 1, 0, 0, NULL),
	(1520, 2, 1, '2021-02-01 18:10:33', 1, 0, 1, 55, 6, NULL),
	(1521, 2, 1, '2021-02-01 18:10:38', 1, 0, 1, 50, 16, NULL),
	(1522, 2, 1, '2021-02-01 18:10:43', 1, 0, 1, 45, 23, NULL),
	(1523, 2, 1, '2021-02-01 18:10:48', 1, 0, 1, 40, 33, NULL),
	(1524, 2, 1, '2021-02-01 18:10:53', 1, 0, 1, 35, 40, NULL),
	(1525, 2, 1, '2021-02-01 18:10:58', 1, 0, 1, 30, 50, NULL),
	(1526, 2, 1, '2021-02-01 18:11:03', 1, 0, 1, 25, 56, NULL),
	(1527, 2, 1, '2021-02-01 18:11:08', 1, 0, 1, 20, 66, NULL),
	(1528, 2, 1, '2021-02-01 18:11:13', 1, 0, 1, 15, 73, NULL),
	(1529, 2, 1, '2021-02-01 18:11:18', 1, 0, 1, 10, 83, NULL),
	(1530, 2, 1, '2021-02-01 18:11:23', 1, 0, 1, 5, 90, NULL),
	(1531, 2, 1, '2021-02-01 18:11:27', 1, 0, 2, 0, 100, NULL),
	(1532, 2, 1, '2021-02-01 18:13:00', 1, 0, 1, 0, 0, NULL),
	(1533, 2, 1, '2021-02-01 18:13:06', 1, 0, 1, 55, 6, NULL),
	(1534, 2, 1, '2021-02-01 18:13:11', 1, 0, 1, 50, 16, NULL),
	(1535, 2, 1, '2021-02-01 18:13:16', 1, 0, 1, 45, 23, NULL),
	(1536, 2, 1, '2021-02-01 18:13:21', 1, 0, 1, 40, 33, NULL),
	(1537, 2, 1, '2021-02-01 18:13:26', 1, 0, 1, 35, 40, NULL),
	(1538, 2, 1, '2021-02-01 18:13:31', 1, 0, 1, 30, 50, NULL),
	(1539, 2, 1, '2021-02-01 18:13:36', 1, 0, 1, 25, 56, NULL),
	(1540, 2, 1, '2021-02-01 18:13:41', 1, 0, 1, 20, 66, NULL),
	(1541, 2, 1, '2021-02-01 18:13:46', 1, 0, 1, 15, 73, NULL),
	(1542, 2, 1, '2021-02-01 18:13:51', 1, 0, 1, 10, 83, NULL),
	(1543, 2, 1, '2021-02-01 18:13:56', 1, 0, 1, 5, 90, NULL),
	(1544, 2, 1, '2021-02-01 18:14:00', 1, 0, 2, 0, 100, NULL),
	(1545, 2, 1, '2021-02-01 18:17:06', 1, 0, 1, 0, 0, NULL),
	(1546, 2, 1, '2021-02-01 18:17:11', 1, 0, 1, 55, 6, NULL),
	(1547, 2, 1, '2021-02-01 18:17:16', 1, 0, 1, 50, 16, NULL),
	(1548, 2, 1, '2021-02-01 18:17:21', 1, 0, 1, 45, 23, NULL),
	(1549, 2, 1, '2021-02-01 18:17:26', 1, 0, 1, 40, 33, NULL),
	(1550, 2, 1, '2021-02-01 18:17:31', 1, 0, 1, 35, 40, NULL),
	(1551, 2, 1, '2021-02-01 18:17:36', 1, 0, 1, 30, 50, NULL),
	(1552, 2, 1, '2021-02-01 18:17:41', 1, 0, 1, 25, 56, NULL),
	(1553, 2, 1, '2021-02-01 18:17:46', 1, 0, 1, 20, 66, NULL),
	(1554, 2, 1, '2021-02-01 18:17:51', 1, 0, 1, 15, 73, NULL),
	(1555, 2, 1, '2021-02-01 18:17:56', 1, 0, 1, 10, 83, NULL),
	(1556, 2, 1, '2021-02-01 18:18:01', 1, 0, 1, 5, 90, NULL),
	(1557, 2, 1, '2021-02-01 18:18:05', 1, 0, 2, 0, 100, NULL),
	(1558, 2, 1, '2021-02-01 18:21:03', 1, 0, 1, 0, 0, NULL),
	(1559, 2, 1, '2021-02-01 18:21:08', 1, 0, 1, 55, 6, NULL),
	(1560, 2, 1, '2021-02-01 18:21:13', 1, 0, 1, 50, 16, NULL),
	(1561, 2, 1, '2021-02-01 18:21:18', 1, 0, 1, 45, 23, NULL),
	(1562, 2, 1, '2021-02-01 18:21:23', 1, 0, 1, 40, 33, NULL),
	(1563, 2, 1, '2021-02-01 18:21:28', 1, 0, 1, 35, 40, NULL),
	(1564, 2, 1, '2021-02-01 18:21:33', 1, 0, 1, 30, 50, NULL),
	(1565, 2, 1, '2021-02-01 18:21:38', 1, 0, 1, 25, 56, NULL),
	(1566, 2, 1, '2021-02-01 18:21:43', 1, 0, 1, 20, 66, NULL),
	(1567, 2, 1, '2021-02-01 18:21:48', 1, 0, 1, 15, 73, NULL),
	(1568, 2, 1, '2021-02-01 18:21:53', 1, 0, 1, 10, 83, NULL),
	(1569, 2, 1, '2021-02-01 18:21:57', 1, 0, 1, 5, 90, NULL),
	(1570, 2, 1, '2021-02-01 18:22:02', 1, 0, 2, 0, 100, NULL),
	(1571, 2, 1, '2021-02-01 19:08:15', 1, 0, 1, 0, 0, NULL),
	(1572, 2, 1, '2021-02-01 19:08:20', 1, 0, 1, 55, 6, NULL),
	(1573, 2, 1, '2021-02-01 19:08:25', 1, 0, 1, 50, 16, NULL),
	(1574, 2, 1, '2021-02-01 19:08:30', 1, 0, 1, 45, 23, NULL),
	(1575, 2, 1, '2021-02-01 19:08:35', 1, 0, 1, 40, 33, NULL),
	(1576, 2, 1, '2021-02-01 19:08:40', 1, 0, 1, 35, 40, NULL),
	(1577, 2, 1, '2021-02-01 19:08:45', 1, 0, 1, 30, 50, NULL),
	(1578, 2, 1, '2021-02-01 19:08:50', 1, 0, 1, 25, 56, NULL),
	(1579, 2, 1, '2021-02-01 19:08:55', 1, 0, 1, 20, 66, NULL),
	(1580, 2, 1, '2021-02-01 19:09:00', 1, 0, 1, 15, 73, NULL),
	(1581, 2, 1, '2021-02-01 19:09:05', 1, 0, 1, 10, 83, NULL),
	(1582, 2, 1, '2021-02-01 19:09:10', 1, 0, 1, 5, 90, NULL),
	(1583, 2, 1, '2021-02-01 19:09:15', 1, 0, 2, 0, 100, NULL),
	(1584, 2, 1, '2021-02-01 19:10:40', 1, 0, 1, 0, 0, NULL),
	(1585, 2, 1, '2021-02-01 19:10:45', 1, 0, 1, 55, 6, NULL),
	(1586, 2, 1, '2021-02-01 19:10:50', 1, 0, 1, 50, 16, NULL),
	(1587, 2, 1, '2021-02-01 19:10:55', 1, 0, 1, 45, 23, NULL),
	(1588, 2, 1, '2021-02-01 19:11:00', 1, 0, 1, 40, 33, NULL),
	(1589, 2, 1, '2021-02-01 19:11:05', 1, 0, 1, 35, 40, NULL),
	(1590, 2, 1, '2021-02-01 19:11:10', 1, 0, 1, 30, 50, NULL),
	(1591, 2, 1, '2021-02-01 19:11:15', 1, 0, 1, 25, 56, NULL),
	(1592, 2, 1, '2021-02-01 19:12:07', 1, 0, 1, 20, 65, NULL),
	(1593, 2, 1, '2021-02-01 19:12:12', 1, 0, 1, 15, 75, NULL),
	(1594, 2, 1, '2021-02-01 19:12:17', 1, 0, 1, 10, 81, NULL),
	(1595, 2, 1, '2021-02-01 19:12:22', 1, 0, 1, 5, 91, NULL),
	(1596, 2, 1, '2021-02-01 19:12:26', 1, 0, 2, 0, 100, NULL),
	(1597, 2, 1, '2021-02-01 19:12:56', 1, 0, 1, 0, 0, NULL),
	(1598, 2, 1, '2021-02-01 19:13:02', 1, 0, 1, 55, 6, NULL),
	(1599, 2, 1, '2021-02-01 19:13:07', 1, 0, 1, 50, 16, NULL),
	(1600, 2, 1, '2021-02-01 19:13:12', 1, 0, 1, 45, 23, NULL),
	(1601, 2, 1, '2021-02-01 19:13:17', 1, 0, 1, 40, 33, NULL),
	(1602, 2, 1, '2021-02-01 19:13:22', 1, 0, 1, 35, 40, NULL),
	(1603, 2, 1, '2021-02-01 19:13:27', 1, 0, 1, 30, 50, NULL),
	(1604, 2, 1, '2021-02-01 19:13:32', 1, 0, 1, 25, 56, NULL),
	(1605, 2, 1, '2021-02-01 19:13:37', 1, 0, 1, 20, 66, NULL),
	(1606, 2, 1, '2021-02-01 19:13:42', 1, 0, 1, 15, 73, NULL),
	(1607, 2, 1, '2021-02-01 19:13:47', 1, 0, 1, 10, 83, NULL),
	(1608, 2, 1, '2021-02-01 19:13:52', 1, 0, 1, 5, 90, NULL),
	(1609, 2, 1, '2021-02-01 19:13:57', 1, 0, 2, 0, 100, NULL),
	(1610, 2, 1, '2021-02-01 19:15:31', 1, 0, 1, 0, 0, NULL),
	(1611, 2, 1, '2021-02-01 19:15:36', 1, 0, 1, 55, 6, NULL),
	(1612, 2, 1, '2021-02-01 19:15:41', 1, 0, 1, 50, 16, NULL),
	(1613, 2, 1, '2021-02-01 19:15:46', 1, 0, 1, 45, 23, NULL),
	(1614, 2, 1, '2021-02-01 19:15:51', 1, 0, 1, 40, 33, NULL),
	(1615, 2, 1, '2021-02-01 19:15:56', 1, 0, 1, 35, 40, NULL),
	(1616, 2, 1, '2021-02-01 19:16:01', 1, 0, 1, 30, 50, NULL),
	(1617, 2, 1, '2021-02-01 19:16:06', 1, 0, 1, 25, 56, NULL),
	(1618, 2, 1, '2021-02-01 19:16:11', 1, 0, 1, 20, 66, NULL),
	(1619, 2, 1, '2021-02-01 19:16:16', 1, 0, 1, 15, 73, NULL),
	(1620, 2, 1, '2021-02-01 19:16:21', 1, 0, 1, 10, 83, NULL),
	(1621, 2, 1, '2021-02-01 19:16:26', 1, 0, 1, 5, 90, NULL),
	(1622, 2, 1, '2021-02-01 19:16:31', 1, 0, 2, 0, 100, NULL),
	(1623, 2, 1, '2021-02-01 19:17:30', 1, 0, 1, 0, 0, NULL),
	(1624, 2, 1, '2021-02-01 19:17:35', 1, 0, 1, 55, 6, NULL),
	(1625, 2, 1, '2021-02-01 19:17:40', 1, 0, 1, 50, 16, NULL),
	(1626, 2, 1, '2021-02-01 19:17:45', 1, 0, 1, 45, 23, NULL),
	(1627, 2, 1, '2021-02-01 19:17:50', 1, 0, 1, 40, 33, NULL),
	(1628, 2, 1, '2021-02-01 19:17:55', 1, 0, 1, 35, 40, NULL),
	(1629, 2, 1, '2021-02-01 19:18:00', 1, 0, 1, 30, 50, NULL),
	(1630, 2, 1, '2021-02-01 19:18:05', 1, 0, 1, 25, 56, NULL),
	(1631, 2, 1, '2021-02-01 19:18:10', 1, 0, 1, 20, 66, NULL),
	(1632, 2, 1, '2021-02-01 19:18:15', 1, 0, 1, 15, 73, NULL),
	(1633, 2, 1, '2021-02-01 19:18:20', 1, 0, 1, 10, 83, NULL),
	(1634, 2, 1, '2021-02-01 19:18:25', 1, 0, 1, 5, 90, NULL),
	(1635, 2, 1, '2021-02-01 19:18:29', 1, 0, 2, 0, 100, NULL),
	(1636, 2, 1, '2021-02-01 19:20:34', 1, 0, 1, 0, 0, NULL),
	(1637, 2, 1, '2021-02-01 19:20:39', 1, 0, 1, 55, 6, NULL),
	(1638, 2, 1, '2021-02-01 19:20:44', 1, 0, 1, 50, 16, NULL),
	(1639, 2, 1, '2021-02-01 19:20:49', 1, 0, 1, 45, 23, NULL),
	(1640, 2, 1, '2021-02-01 19:20:54', 1, 0, 1, 40, 33, NULL),
	(1641, 2, 1, '2021-02-01 19:20:59', 1, 0, 1, 35, 40, NULL),
	(1642, 2, 1, '2021-02-01 19:21:04', 1, 0, 1, 30, 50, NULL),
	(1643, 2, 1, '2021-02-01 19:21:09', 1, 0, 1, 25, 56, NULL),
	(1644, 2, 1, '2021-02-01 19:21:14', 1, 0, 1, 20, 66, NULL),
	(1645, 2, 1, '2021-02-01 19:21:19', 1, 0, 1, 15, 73, NULL),
	(1646, 2, 1, '2021-02-01 19:21:24', 1, 0, 1, 10, 83, NULL),
	(1647, 2, 1, '2021-02-01 19:21:29', 1, 0, 1, 5, 90, NULL),
	(1648, 2, 1, '2021-02-01 19:21:33', 1, 0, 2, 0, 100, NULL),
	(1649, 2, 1, '2021-02-01 19:23:36', 1, 0, 1, 0, 0, NULL),
	(1650, 2, 1, '2021-02-01 19:23:41', 1, 0, 1, 55, 6, NULL),
	(1651, 2, 1, '2021-02-01 19:23:46', 1, 0, 1, 50, 16, NULL),
	(1652, 2, 1, '2021-02-01 19:23:51', 1, 0, 1, 45, 23, NULL),
	(1653, 2, 1, '2021-02-01 19:23:56', 1, 0, 1, 40, 33, NULL),
	(1654, 2, 1, '2021-02-01 19:24:01', 1, 0, 1, 35, 40, NULL),
	(1655, 2, 1, '2021-02-01 19:24:06', 1, 0, 1, 30, 50, NULL),
	(1656, 2, 1, '2021-02-01 19:24:11', 1, 0, 1, 25, 56, NULL),
	(1657, 2, 1, '2021-02-01 19:24:16', 1, 0, 1, 20, 66, NULL),
	(1658, 2, 1, '2021-02-01 19:24:21', 1, 0, 1, 15, 73, NULL),
	(1659, 2, 1, '2021-02-01 19:24:26', 1, 0, 1, 10, 83, NULL),
	(1660, 2, 1, '2021-02-01 19:24:31', 1, 0, 1, 5, 90, NULL),
	(1661, 2, 1, '2021-02-01 19:24:35', 1, 0, 2, 0, 100, NULL),
	(1662, 2, 1, '2021-02-01 19:58:15', 1, 0, 1, 0, 0, 0),
	(1663, 2, 1, '2021-02-01 19:58:20', 1, 0, 1, 55, 6, 30.3897),
	(1664, 2, 1, '2021-02-01 19:58:25', 1, 0, 1, 50, 16, 29.0361),
	(1665, 2, 1, '2021-02-01 19:58:30', 1, 0, 1, 45, 23, 27.5859),
	(1666, 2, 1, '2021-02-01 19:58:35', 1, 0, 1, 40, 33, 29.4228),
	(1667, 2, 1, '2021-02-01 19:58:45', 1, 0, 1, 30, 50, 31.4209),
	(1668, 2, 1, '2021-02-01 19:58:50', 1, 0, 1, 25, 56, 30.3897),
	(1669, 2, 1, '2021-02-01 19:58:55', 1, 0, 1, 20, 66, 30.0352),
	(1670, 2, 1, '2021-02-01 19:59:00', 1, 0, 1, 15, 73, 29.3584),
	(1671, 2, 1, '2021-02-01 19:59:05', 1, 0, 1, 10, 83, 29.9707),
	(1672, 2, 1, '2021-02-01 19:59:10', 1, 0, 1, 5, 90, 30.1641),
	(1673, 2, 1, '2021-02-01 19:59:15', 1, 0, 2, 0, 100, 0),
	(1674, 2, 1, '2021-02-01 20:00:42', 1, 0, 1, 50, 16, 29.6),
	(1675, 2, 1, '2021-02-01 20:00:47', 1, 0, 1, 45, 23, 28.9),
	(1676, 2, 1, '2021-02-01 20:00:52', 1, 0, 1, 40, 33, 30.1),
	(1677, 2, 1, '2021-02-01 20:00:57', 1, 0, 1, 35, 40, 30.2),
	(1678, 2, 1, '2021-02-01 20:01:02', 1, 0, 1, 30, 50, 32.4),
	(1679, 2, 1, '2021-02-01 20:01:07', 1, 0, 1, 25, 56, 30.1),
	(1680, 2, 1, '2021-02-01 20:01:12', 1, 0, 1, 20, 66, 30.1),
	(1681, 2, 1, '2021-02-01 20:01:17', 1, 0, 1, 15, 73, 30.1),
	(1682, 2, 1, '2021-02-01 20:01:22', 1, 0, 1, 10, 83, 30.3),
	(1683, 2, 1, '2021-02-01 20:01:27', 1, 0, 1, 5, 90, 30),
	(1684, 2, 1, '2021-02-01 20:01:32', 1, 0, 2, 0, 100, 0),
	(1685, 2, 1, '2021-02-01 20:24:17', 1, 0, 1, 0, 0, 0),
	(1686, 2, 1, '2021-02-01 20:24:22', 1, 0, 1, 55, 6, 30.2),
	(1687, 2, 1, '2021-02-01 20:24:27', 1, 0, 1, 50, 16, 32.3),
	(1688, 2, 1, '2021-02-01 20:24:32', 1, 0, 1, 45, 23, 29.3),
	(1689, 2, 1, '2021-02-01 20:24:36', 1, 0, 2, 42, 100, 0),
	(1690, 2, 1, '2021-02-01 20:26:53', 1, 0, 1, 0, 0, 0),
	(1691, 2, 1, '2021-02-01 20:26:58', 1, 0, 1, 55, 6, 32.5),
	(1692, 2, 1, '2021-02-01 20:26:59', 1, 0, 2, 55, 100, 0),
	(1693, 2, 1, '2021-02-01 20:27:03', 1, 0, 1, 55, 0, 0),
	(1694, 2, 1, '2021-02-01 20:27:08', 1, 0, 2, 56, 100, 0),
	(1695, 2, 1, '2021-02-02 09:09:11', 1, 0, 1, 35, 40, 0),
	(1696, 2, 1, '2021-02-02 09:09:35', 1, 0, 1, 10, 83, 0),
	(1697, 2, 1, '2021-02-02 09:10:26', 1, 0, 1, 5, 90, 0),
	(1698, 2, 1, '2021-02-02 09:13:58', 1, 0, 2, 0, 100, 0),
	(1699, 2, 1, '2021-02-06 17:24:17', 1, 0, 1, 0, 0, 0),
	(1700, 2, 1, '2021-02-06 17:24:22', 1, 0, 1, 55, 6, 0),
	(1701, 2, 1, '2021-02-06 17:24:27', 1, 0, 1, 50, 16, 0),
	(1702, 2, 1, '2021-02-06 17:24:32', 1, 0, 1, 45, 23, 0),
	(1703, 2, 1, '2021-02-06 17:24:37', 1, 0, 1, 40, 33, 0),
	(1704, 2, 1, '2021-02-06 17:24:42', 1, 0, 1, 35, 40, 0),
	(1705, 2, 1, '2021-02-06 17:24:47', 1, 0, 1, 30, 50, 0),
	(1706, 2, 1, '2021-02-06 17:24:52', 1, 0, 1, 25, 56, 0),
	(1707, 2, 1, '2021-02-06 17:24:57', 1, 0, 1, 20, 66, 0),
	(1708, 2, 1, '2021-02-06 17:25:02', 1, 0, 1, 15, 73, 0),
	(1709, 2, 1, '2021-02-06 17:25:08', 1, 0, 1, 10, 83, 0),
	(1710, 2, 1, '2021-02-06 17:25:13', 1, 0, 1, 5, 90, 0),
	(1711, 2, 1, '2021-02-06 17:25:18', 1, 0, 2, 0, 100, 0),
	(1712, 2, 1, '2021-02-06 17:25:38', 3, 0, 1, 0, 0, 0),
	(1713, 2, 1, '2021-02-06 17:25:54', 3, 0, 2, 225, 100, 0),
	(1714, 2, 1, '2021-02-06 17:26:07', 3, 0, 1, 0, 0, 0),
	(1715, 2, 1, '2021-02-06 17:27:24', 3, 0, 2, 164, 100, 0),
	(1716, 2, 1, '2021-02-06 17:30:07', 1, 0, 1, 164, 0, 0),
	(1717, 2, 1, '2021-02-06 17:30:12', 1, 0, 1, 55, 6, 0),
	(1718, 2, 1, '2021-02-06 17:30:15', 1, 0, 2, 52, 100, 0),
	(1719, 2, 1, '2021-02-06 17:30:22', 3, 0, 1, 0, 0, 0),
	(1720, 2, 1, '2021-02-06 17:30:26', 3, 0, 2, 236, 100, 0),
	(1721, 2, 1, '2021-02-06 17:31:37', 3, 0, 1, 0, 0, 0),
	(1722, 2, 1, '2021-02-06 17:31:41', 3, 0, 2, 237, 100, 0),
	(1723, 2, 1, '2021-02-06 17:31:44', 1, 0, 1, 237, 0, 0),
	(1724, 2, 1, '2021-02-06 17:33:28', 1, 0, 1, 212, 1, 0),
	(1725, 2, 1, '2021-02-06 17:33:33', 1, 0, 1, 207, 11, 0),
	(1726, 2, 1, '2021-02-06 17:33:38', 1, 0, 1, 202, 18, 0),
	(1727, 2, 1, '2021-02-06 17:33:43', 1, 0, 1, 197, 28, 0),
	(1728, 2, 1, '2021-02-06 17:33:48', 1, 0, 1, 192, 35, 0),
	(1729, 2, 1, '2021-02-06 17:33:53', 1, 0, 1, 187, 45, 0),
	(1730, 2, 1, '2021-02-06 17:33:58', 1, 0, 1, 182, 51, 0),
	(1731, 2, 1, '2021-02-06 17:34:03', 1, 0, 1, 177, 61, 0),
	(1732, 2, 1, '2021-02-06 17:34:08', 1, 0, 1, 172, 68, 0),
	(1733, 2, 1, '2021-02-06 17:34:13', 1, 0, 1, 167, 78, 0),
	(1734, 2, 1, '2021-02-06 17:34:18', 1, 0, 1, 162, 85, 0),
	(1735, 2, 1, '2021-02-06 17:34:23', 1, 0, 1, 157, 95, 0),
	(1736, 2, 1, '2021-02-06 17:34:28', 1, 0, 1, 152, 101, 0),
	(1737, 2, 1, '2021-02-06 17:34:33', 1, 0, 1, 147, 111, 0),
	(1738, 2, 1, '2021-02-06 17:34:36', 1, 0, 2, 145, 100, 0),
	(1739, 2, 1, '2021-02-06 17:35:00', 1, 0, 1, 145, 0, 0),
	(1740, 2, 1, '2021-02-06 17:35:04', 1, 0, 1, 55, 6, 0),
	(1741, 2, 1, '2021-02-06 17:35:09', 1, 0, 1, 50, 16, 0),
	(1742, 2, 1, '2021-02-06 17:35:14', 1, 0, 1, 45, 23, 0),
	(1743, 2, 1, '2021-02-06 17:35:19', 1, 0, 1, 40, 33, 0),
	(1744, 2, 1, '2021-02-06 17:35:40', 1, 0, 1, 35, 40, 0),
	(1745, 2, 1, '2021-02-06 17:35:45', 1, 0, 1, 30, 50, 0),
	(1746, 2, 1, '2021-02-06 17:35:50', 1, 0, 1, 25, 56, 0),
	(1747, 2, 1, '2021-02-06 17:35:55', 1, 0, 1, 20, 66, 0),
	(1748, 2, 1, '2021-02-06 17:36:00', 1, 0, 1, 15, 73, 0),
	(1749, 2, 1, '2021-02-06 17:36:05', 1, 0, 1, 10, 83, 0),
	(1750, 2, 1, '2021-02-06 17:36:10', 1, 0, 1, 5, 90, 0),
	(1751, 2, 1, '2021-02-06 17:36:15', 1, 0, 2, 0, 100, 0),
	(1752, 2, 1, '2021-02-06 17:36:51', 1, 0, 1, 0, 0, 0),
	(1753, 2, 1, '2021-02-06 17:36:56', 1, 0, 1, 55, 6, 0),
	(1754, 2, 1, '2021-02-06 17:37:01', 1, 0, 1, 50, 16, 0),
	(1755, 2, 1, '2021-02-06 17:37:07', 1, 0, 2, 46, 100, 0),
	(1756, 2, 1, '2021-02-06 17:37:08', 1, 0, 1, 46, 0, 0),
	(1757, 2, 1, '2021-02-06 17:37:13', 1, 0, 1, 55, 6, 0),
	(1758, 2, 1, '2021-02-06 17:37:16', 1, 0, 2, 53, 100, 0),
	(1759, 2, 1, '2021-02-06 21:33:15', 1, 0, 1, 1, 0, 0),
	(1760, 2, 1, '2021-02-06 21:33:19', 1, 0, 1, 55, 6, 0),
	(1761, 2, 1, '2021-02-06 21:33:24', 1, 0, 1, 50, 16, 0),
	(1762, 2, 1, '2021-02-06 21:33:29', 1, 0, 1, 45, 23, 0),
	(1763, 2, 1, '2021-02-06 21:33:35', 1, 0, 1, 40, 33, 0),
	(1764, 2, 1, '2021-02-06 21:33:40', 1, 0, 1, 35, 40, 0),
	(1765, 2, 1, '2021-02-06 21:33:45', 1, 0, 1, 30, 50, 0),
	(1766, 2, 1, '2021-02-06 21:33:50', 1, 0, 1, 25, 56, 0),
	(1767, 2, 1, '2021-02-06 21:33:55', 1, 0, 1, 20, 66, 0),
	(1768, 2, 1, '2021-02-06 21:34:00', 1, 0, 1, 15, 73, 0),
	(1769, 2, 1, '2021-02-06 21:34:05', 1, 0, 1, 10, 83, 0),
	(1770, 2, 1, '2021-02-06 21:34:10', 1, 0, 1, 5, 90, 0),
	(1771, 2, 1, '2021-02-06 21:34:15', 1, 0, 2, 0, 100, 0),
	(1772, 2, 1, '2021-02-06 21:39:06', 1, 0, 1, 1, 0, 0),
	(1773, 2, 1, '2021-02-06 21:39:11', 1, 0, 1, 55, 6, 0),
	(1774, 2, 1, '2021-02-06 21:39:16', 1, 0, 1, 50, 16, 0),
	(1775, 2, 1, '2021-02-06 21:39:20', 1, 0, 1, 45, 23, 0),
	(1776, 2, 1, '2021-02-06 21:39:25', 1, 0, 1, 40, 33, 0),
	(1777, 2, 1, '2021-02-06 21:39:30', 1, 0, 1, 35, 40, 0),
	(1778, 2, 1, '2021-02-06 21:39:36', 1, 0, 1, 30, 50, 0),
	(1779, 2, 1, '2021-02-06 21:39:41', 1, 0, 2, 26, 100, 0),
	(1780, 2, 1, '2021-02-06 21:50:55', 1, 0, 1, 1, 0, 0),
	(1781, 2, 1, '2021-02-06 21:51:00', 1, 0, 1, 55, 6, 0),
	(1782, 2, 1, '2021-02-06 21:51:05', 1, 0, 1, 50, 16, 0),
	(1783, 2, 1, '2021-02-06 21:51:10', 1, 0, 1, 45, 23, 0),
	(1784, 2, 1, '2021-02-06 21:51:15', 1, 0, 1, 40, 33, 0),
	(1785, 2, 1, '2021-02-06 21:51:20', 1, 0, 1, 35, 40, 0),
	(1786, 2, 1, '2021-02-06 21:51:25', 1, 0, 1, 30, 50, 0),
	(1787, 2, 1, '2021-02-06 21:51:30', 1, 0, 1, 25, 56, 0),
	(1788, 2, 1, '2021-02-06 21:51:34', 1, 0, 1, 20, 66, 0),
	(1789, 2, 1, '2021-02-06 21:51:39', 1, 0, 1, 15, 73, 0),
	(1790, 2, 1, '2021-02-06 21:51:44', 1, 0, 1, 10, 83, 0),
	(1791, 2, 1, '2021-02-06 21:51:50', 1, 0, 1, 5, 90, 0),
	(1792, 2, 1, '2021-02-06 21:51:55', 1, 0, 2, 0, 100, 0);
/*!40000 ALTER TABLE `placas_data` ENABLE KEYS */;

-- Volcando estructura para tabla cervecero.placas_firmwares
CREATE TABLE IF NOT EXISTS `placas_firmwares` (
  `version` varchar(10) CHARACTER SET utf8mb4 COLLATE utf8mb4_unicode_ci NOT NULL DEFAULT '0.0.0',
  `fechaSalida` timestamp NOT NULL DEFAULT current_timestamp(),
  PRIMARY KEY (`version`)
) ENGINE=InnoDB DEFAULT CHARSET=utf8 COLLATE=utf8_unicode_ci;

-- Volcando datos para la tabla cervecero.placas_firmwares: ~0 rows (aproximadamente)
/*!40000 ALTER TABLE `placas_firmwares` DISABLE KEYS */;
REPLACE INTO `placas_firmwares` (`version`, `fechaSalida`) VALUES
	('0.0.6', '2020-12-08 21:18:58');
/*!40000 ALTER TABLE `placas_firmwares` ENABLE KEYS */;

-- Volcando estructura para tabla cervecero.procesos
CREATE TABLE IF NOT EXISTS `procesos` (
  `id` int(11) NOT NULL AUTO_INCREMENT,
  `proceso` varchar(17) CHARACTER SET utf8mb4 DEFAULT NULL,
  PRIMARY KEY (`id`)
) ENGINE=InnoDB AUTO_INCREMENT=7 DEFAULT CHARSET=utf8 COLLATE=utf8_unicode_ci;

-- Volcando datos para la tabla cervecero.procesos: ~4 rows (aproximadamente)
/*!40000 ALTER TABLE `procesos` DISABLE KEYS */;
REPLACE INTO `procesos` (`id`, `proceso`) VALUES
	(1, 'Maceracion'),
	(2, 'Coccion'),
	(3, 'Fermentacion'),
	(4, 'Transvase');
/*!40000 ALTER TABLE `procesos` ENABLE KEYS */;

-- Volcando estructura para tabla cervecero.recetas
CREATE TABLE IF NOT EXISTS `recetas` (
  `ID` int(11) NOT NULL AUTO_INCREMENT,
  `nombre` varchar(50) CHARACTER SET utf8mb4 NOT NULL DEFAULT '0',
  `tempMacer` varchar(50) CHARACTER SET utf8mb4 NOT NULL DEFAULT '0',
  `tiempoMacer` varchar(50) CHARACTER SET utf8mb4 NOT NULL DEFAULT '0',
  `tempCoc` varchar(50) CHARACTER SET utf8mb4 NOT NULL DEFAULT '0',
  `tiempoCoc` varchar(50) CHARACTER SET utf8mb4 NOT NULL DEFAULT '0',
  `tempFermen` varchar(50) CHARACTER SET utf8mb4 NOT NULL DEFAULT '0',
  `tiempoFermen` varchar(50) CHARACTER SET utf8mb4 NOT NULL DEFAULT '0',
  `procesosOrden` varchar(50) CHARACTER SET utf8mb4 NOT NULL DEFAULT '1:2:3:4',
  PRIMARY KEY (`ID`)
) ENGINE=InnoDB AUTO_INCREMENT=3 DEFAULT CHARSET=utf8 COLLATE=utf8_unicode_ci;

-- Volcando datos para la tabla cervecero.recetas: ~2 rows (aproximadamente)
/*!40000 ALTER TABLE `recetas` DISABLE KEYS */;
REPLACE INTO `recetas` (`ID`, `nombre`, `tempMacer`, `tiempoMacer`, `tempCoc`, `tiempoCoc`, `tempFermen`, `tiempoFermen`, `procesosOrden`) VALUES
	(1, 'Pinta', '54:78:89:34', '1:5:7:3', '30', '1', '42', '3', '1:2:3:4'),
	(2, 'Alcahchofa', '78:45:56:12', '2:5:7:10', '74:41:10:45', '10:45:41:23', '15:45:78:98', '12:45:78:89', '1:2:3:4');
/*!40000 ALTER TABLE `recetas` ENABLE KEYS */;

-- Volcando estructura para tabla cervecero.sondas
CREATE TABLE IF NOT EXISTS `sondas` (
  `id_Sonda` int(11) NOT NULL AUTO_INCREMENT,
  `id_User` int(11) unsigned NOT NULL DEFAULT 0,
  PRIMARY KEY (`id_Sonda`),
  KEY `FK_sodas_users` (`id_User`),
  CONSTRAINT `FK_sodas_users` FOREIGN KEY (`id_User`) REFERENCES `users` (`id`)
) ENGINE=InnoDB AUTO_INCREMENT=3 DEFAULT CHARSET=utf8mb4 COLLATE=utf8mb4_unicode_ci;

-- Volcando datos para la tabla cervecero.sondas: ~0 rows (aproximadamente)
/*!40000 ALTER TABLE `sondas` DISABLE KEYS */;
REPLACE INTO `sondas` (`id_Sonda`, `id_User`) VALUES
	(2, 1);
/*!40000 ALTER TABLE `sondas` ENABLE KEYS */;

-- Volcando estructura para tabla cervecero.sondas_data
CREATE TABLE IF NOT EXISTS `sondas_data` (
  `id` int(11) unsigned NOT NULL AUTO_INCREMENT,
  `id_Sonda` int(11) NOT NULL DEFAULT 0,
  `tilt` float NOT NULL DEFAULT 0,
  `temp` int(11) NOT NULL DEFAULT 0,
  `temp_Unit` varchar(50) COLLATE utf8_unicode_ci NOT NULL,
  `battery` float NOT NULL DEFAULT 0,
  `gravity` float NOT NULL DEFAULT 0,
  `interval` tinyint(4) NOT NULL DEFAULT 0,
  `RSSI` float NOT NULL DEFAULT 0,
  `date` timestamp NULL DEFAULT current_timestamp(),
  PRIMARY KEY (`id`),
  KEY `id_Sonda` (`id_Sonda`),
  CONSTRAINT `FK_sonda_data_sodas` FOREIGN KEY (`id_Sonda`) REFERENCES `sondas` (`id_Sonda`)
) ENGINE=InnoDB AUTO_INCREMENT=78 DEFAULT CHARSET=utf8 COLLATE=utf8_unicode_ci;

-- Volcando datos para la tabla cervecero.sondas_data: ~30 rows (aproximadamente)
/*!40000 ALTER TABLE `sondas_data` DISABLE KEYS */;
REPLACE INTO `sondas_data` (`id`, `id_Sonda`, `tilt`, `temp`, `temp_Unit`, `battery`, `gravity`, `interval`, `RSSI`, `date`) VALUES
	(3, 2, 30.6419, 23, 'C', 3.85819, 2.72247, 5, -49, '2021-02-06 17:49:53'),
	(4, 2, 46.3238, 21, 'C', 3.87904, 11.0831, 5, -45, '2021-02-06 18:55:50'),
	(5, 2, 32.4304, 23, 'C', 3.85819, 3.6837, 5, -46, '2021-02-06 19:01:12'),
	(6, 2, 8.34627, 22, 'C', 3.88425, -9.42672, 5, -40, '2021-02-06 19:14:15'),
	(7, 2, 43.1728, 22, 'C', 3.90511, 9.41544, 5, -54, '2021-02-06 19:15:16'),
	(8, 2, 16.2228, 22, 'C', 3.8999, -5.09949, 5, -39, '2021-02-06 19:29:12'),
	(9, 2, 17.3655, 22, 'C', 3.8634, -4.4749, 5, -39, '2021-02-06 19:29:28'),
	(10, 2, 41.0112, 22, 'C', 3.95203, 8.26784, 5, -44, '2021-02-06 19:29:37'),
	(11, 2, 46.0768, 22, 'C', 3.95203, 10.9526, 5, -46, '2021-02-06 19:29:43'),
	(12, 2, 2.62195, 22, 'C', 3.95203, -12.5957, 5, -54, '2021-02-06 19:30:02'),
	(13, 2, 2.60507, 22, 'C', 3.95203, -12.6051, 5, -49, '2021-02-06 19:30:11'),
	(14, 2, 2.62564, 22, 'C', 3.95203, -12.5937, 5, -55, '2021-02-06 19:30:20'),
	(15, 2, 2.59368, 22, 'C', 3.95725, -12.6114, 5, -53, '2021-02-06 19:30:30'),
	(16, 2, 2.62365, 22, 'C', 3.95203, -12.5948, 5, -51, '2021-02-06 19:30:42'),
	(17, 2, 2.63751, 22, 'C', 3.95725, -12.5871, 5, -52, '2021-02-06 19:30:51'),
	(18, 2, 2.63208, 22, 'C', 3.95725, -12.5901, 5, -54, '2021-02-06 19:31:04'),
	(19, 2, 2.62225, 22, 'C', 3.95203, -12.5955, 5, -51, '2021-02-06 19:31:13'),
	(20, 2, 2.63328, 22, 'C', 3.95203, -12.5894, 5, -50, '2021-02-06 19:31:22'),
	(21, 2, 2.61727, 23, 'C', 3.93118, -12.5983, 5, -52, '2021-02-06 19:31:29'),
	(22, 2, 2.64101, 23, 'C', 3.95203, -12.5851, 5, -49, '2021-02-06 19:31:47'),
	(23, 2, 2.65437, 23, 'C', 3.95203, -12.5777, 5, -51, '2021-02-06 19:31:53'),
	(24, 2, 2.63662, 23, 'C', 3.95203, -12.5876, 5, -53, '2021-02-06 19:32:03'),
	(25, 2, 2.61312, 23, 'C', 3.95203, -12.6006, 5, -52, '2021-02-06 19:32:12'),
	(26, 2, 2.66585, 23, 'C', 3.95725, -12.5713, 5, -54, '2021-02-06 19:32:21'),
	(27, 2, 2.64079, 23, 'C', 3.95203, -12.5852, 5, -51, '2021-02-06 19:32:27'),
	(28, 2, 2.63951, 23, 'C', 3.95725, -12.5859, 5, -54, '2021-02-06 19:32:46'),
	(29, 2, 2.63131, 23, 'C', 3.95203, -12.5905, 5, -55, '2021-02-06 19:33:02'),
	(30, 2, 2.67221, 23, 'C', 3.95203, -12.5678, 5, -53, '2021-02-06 19:33:08'),
	(31, 2, 2.68844, 23, 'C', 3.95203, -12.5588, 5, -52, '2021-02-06 19:33:24'),
	(32, 2, 2.64448, 23, 'C', 3.95203, -12.5832, 5, -53, '2021-02-06 19:33:30'),
	(33, 2, 57.2785, 21, 'C', 3.88947, 16.833, 5, -43, '2021-02-06 20:36:54'),
	(34, 2, 52.1293, 21, 'C', 3.93118, 14.1396, 5, -48, '2021-02-06 20:37:07'),
	(35, 2, 57.4276, 21, 'C', 3.93118, 16.9108, 5, -44, '2021-02-06 20:37:19'),
	(36, 2, 35.6985, 21, 'C', 3.91032, 5.43501, 5, -54, '2021-02-06 21:11:21'),
	(37, 2, 46.7789, 21, 'C', 3.88947, 11.3235, 5, -46, '2021-02-06 21:21:38'),
	(38, 2, 50.196, 22, 'C', 3.88947, 13.1241, 5, -41, '2021-02-06 21:23:37'),
	(39, 2, 74.0505, 22, 'C', 3.89468, 25.4922, 5, -46, '2021-02-06 21:23:43'),
	(40, 2, 85.6253, 22, 'C', 3.89468, 31.3665, 5, -56, '2021-02-06 21:23:52'),
	(41, 2, 84.7005, 22, 'C', 3.8999, 30.9002, 5, -51, '2021-02-06 21:24:02'),
	(42, 2, 4.57752, 22, 'C', 3.8999, -11.5108, 5, -54, '2021-02-06 21:24:08'),
	(43, 2, 65.7346, 22, 'C', 3.8999, 21.2206, 5, -49, '2021-02-06 21:24:17'),
	(44, 2, 2.36624, 22, 'C', 3.8999, -12.7377, 5, -54, '2021-02-06 21:24:26'),
	(45, 2, 2.36473, 22, 'C', 3.8999, -12.7386, 5, -57, '2021-02-06 21:24:36'),
	(46, 2, 2.38461, 22, 'C', 3.8999, -12.7275, 5, -57, '2021-02-06 21:24:46'),
	(47, 2, 2.37472, 22, 'C', 3.8999, -12.733, 5, -57, '2021-02-06 21:24:52'),
	(48, 2, 2.39728, 23, 'C', 3.8999, -12.7205, 5, -57, '2021-02-06 21:25:17'),
	(49, 2, 2.40544, 23, 'C', 3.8999, -12.716, 5, -57, '2021-02-06 21:25:23'),
	(50, 2, 61.2379, 23, 'C', 3.88425, 18.893, 5, -56, '2021-02-06 21:25:33'),
	(51, 2, 89.7227, 25, 'C', 3.89468, 0, 5, -53, '2021-02-06 21:28:23'),
	(52, 2, 177.132, 25, 'C', 3.8999, 74.882, 5, -58, '2021-02-06 21:28:30'),
	(53, 2, 177.123, 25, 'C', 3.8999, 74.878, 5, -59, '2021-02-06 21:28:39'),
	(54, 2, 177.109, 25, 'C', 3.8999, 74.8718, 5, -53, '2021-02-06 21:28:49'),
	(55, 2, 177.111, 25, 'C', 3.8999, 74.8729, 5, -53, '2021-02-06 21:28:58'),
	(56, 2, 177.125, 25, 'C', 3.8999, 74.8791, 5, -56, '2021-02-06 21:29:07'),
	(57, 2, 177.138, 25, 'C', 3.8999, 74.8848, 5, -57, '2021-02-06 21:29:16'),
	(58, 2, 177.16, 25, 'C', 3.8999, 74.8947, 5, -51, '2021-02-06 21:29:26'),
	(59, 2, 177.094, 25, 'C', 3.8999, 74.8649, 5, -50, '2021-02-06 21:29:32'),
	(60, 2, 177.145, 25, 'C', 3.8999, 74.8877, 5, -55, '2021-02-06 21:29:41'),
	(61, 2, 177.143, 25, 'C', 3.8999, 74.8868, 5, -52, '2021-02-06 21:29:54'),
	(62, 2, 177.139, 25, 'C', 3.8999, 74.885, 5, -53, '2021-02-06 21:30:03'),
	(63, 2, 177.156, 25, 'C', 3.8999, 74.8929, 5, -51, '2021-02-06 21:30:12'),
	(64, 2, 177.162, 25, 'C', 3.8999, 74.8955, 5, -51, '2021-02-06 21:30:25'),
	(65, 2, 177.151, 25, 'C', 3.8999, 74.8906, 5, -51, '2021-02-06 21:30:43'),
	(66, 2, 177.185, 25, 'C', 3.8999, 74.9059, 5, -50, '2021-02-06 21:30:53'),
	(67, 2, 177.158, 25, 'C', 3.8999, 74.8938, 5, -51, '2021-02-06 21:31:02'),
	(68, 2, 177.161, 25, 'C', 3.8999, 74.895, 5, -52, '2021-02-06 21:31:20'),
	(69, 2, 177.169, 25, 'C', 3.8999, 74.8986, 5, -56, '2021-02-06 21:31:36'),
	(70, 2, 177.155, 25, 'C', 3.87904, 74.8924, 5, -57, '2021-02-06 21:31:43'),
	(71, 2, 177.161, 25, 'C', 3.8999, 74.8949, 5, -56, '2021-02-06 21:31:52'),
	(72, 2, 177.168, 25, 'C', 3.8999, 74.8983, 5, -51, '2021-02-06 21:31:58'),
	(73, 2, 177.161, 25, 'C', 3.8999, 74.8951, 5, -54, '2021-02-06 21:32:17'),
	(74, 2, 177.151, 25, 'C', 3.8999, 74.8904, 5, -57, '2021-02-06 21:32:26'),
	(75, 2, 177.163, 25, 'C', 3.87904, 74.8959, 5, -54, '2021-02-06 21:32:32'),
	(76, 2, 177.165, 25, 'C', 3.90511, 74.8966, 5, -57, '2021-02-06 21:32:41'),
	(77, 2, 177.193, 25, 'C', 3.8999, 74.9091, 5, -55, '2021-02-06 21:32:48');
/*!40000 ALTER TABLE `sondas_data` ENABLE KEYS */;

-- Volcando estructura para tabla cervecero.users
CREATE TABLE IF NOT EXISTS `users` (
  `id` int(11) unsigned NOT NULL AUTO_INCREMENT,
  `first_name` varchar(255) CHARACTER SET utf8mb4 COLLATE utf8mb4_unicode_ci DEFAULT NULL,
  `last_name` varchar(255) CHARACTER SET utf8mb4 COLLATE utf8mb4_unicode_ci DEFAULT NULL,
  `phone` varchar(100) CHARACTER SET utf8mb4 COLLATE utf8mb4_unicode_ci DEFAULT NULL,
  `city` varchar(50) CHARACTER SET utf8mb4 COLLATE utf8mb4_unicode_ci DEFAULT NULL,
  `zip` varchar(10) CHARACTER SET utf8mb4 COLLATE utf8mb4_unicode_ci DEFAULT NULL,
  `updated_date` datetime DEFAULT NULL,
  `registered_date` datetime DEFAULT NULL,
  `removed_date` datetime DEFAULT NULL,
  PRIMARY KEY (`id`)
) ENGINE=InnoDB AUTO_INCREMENT=37 DEFAULT CHARSET=utf8 COLLATE=utf8_unicode_ci;

-- Volcando datos para la tabla cervecero.users: ~36 rows (aproximadamente)
/*!40000 ALTER TABLE `users` DISABLE KEYS */;
REPLACE INTO `users` (`id`, `first_name`, `last_name`, `phone`, `city`, `zip`, `updated_date`, `registered_date`, `removed_date`) VALUES
	(1, 'Quynn', 'Contreras', '1-971-977-4681', 'Slidell', '81080', '2020-03-29 20:59:25', '2012-04-06 18:53:00', NULL),
	(2, 'Kaitlin', 'Smith', '1-436-523-6103', 'Orlando', 'U5G 7J3', '2020-03-29 20:59:25', '2012-11-20 05:58:25', NULL),
	(3, 'Cruz', 'Reynolds', '1-776-102-6352', 'Lynn', 'EJ89 9DQ', '2020-03-29 20:59:25', '2011-12-31 23:34:03', NULL),
	(4, 'Sophia', 'Morris', '1-463-224-1405', 'Belleville', 'T1F 2X1', '2020-03-29 20:59:25', '2012-08-04 02:55:53', NULL),
	(5, 'Kamal', 'Roberson', '1-134-408-5227', 'Rehoboth Beach', 'V7I 6T5', '2020-03-29 20:59:25', '2012-12-23 00:17:03', NULL),
	(6, 'Dustin', 'Rosa', '1-875-919-3188', 'Jersey City', 'E4 8ZE', '2020-03-29 20:59:25', '2012-10-05 22:18:59', NULL),
	(7, 'Xantha', 'George', '1-106-884-4754', 'Billings', 'Y2I 6J7', '2020-03-29 20:59:25', '2012-11-25 12:50:16', NULL),
	(8, 'Bryar', 'Long', '1-918-114-8083', 'San Bernardino', '82983', '2020-03-29 20:59:25', '2012-05-14 23:32:25', NULL),
	(9, 'Kuame', 'Wynn', '1-101-692-4039', 'Truth or Consequences', '21290', '2020-03-29 20:59:25', '2011-06-21 16:27:07', NULL),
	(10, 'Indigo', 'Brennan', '1-756-756-8161', 'Moline', 'NO8 3UY', '2020-03-29 20:59:25', '2011-02-19 12:51:08', NULL),
	(11, 'Avram', 'Allison', '1-751-507-2640', 'Rancho Palos Verdes', 'I7Q 8H4', '2020-03-29 20:59:25', '2012-12-30 17:02:10', NULL),
	(12, 'Martha', 'Burgess', '1-971-722-1203', 'Toledo', 'Q5R 9HI', '2020-03-29 20:59:25', '2011-02-04 17:25:55', NULL),
	(13, 'Lael', 'Kim', '1-626-697-2194', 'Lake Charles', '34209', '2020-03-29 20:59:25', '2012-07-24 06:44:22', NULL),
	(14, 'Lyle', 'Lewis', '1-231-793-3520', 'Simi Valley', 'H9B 2H4', '2020-03-29 20:59:25', '2012-08-30 03:28:54', NULL),
	(15, 'Veronica', 'Marks', '1-750-981-6759', 'Glens Falls', 'E3C 5D1', '2020-03-29 20:59:25', '2012-08-14 12:09:24', NULL),
	(16, 'Wynne', 'Ruiz', '1-983-744-5362', 'Branson', 'L9E 6E2', '2020-03-29 20:59:25', '2012-11-06 01:04:07', NULL),
	(17, 'Jessica', 'Bryan', '1-949-932-6772', 'Boulder City', 'F5P 6NU', '2020-03-29 20:59:25', '2013-02-01 20:22:33', NULL),
	(18, 'Quinlan', 'Hyde', '1-625-664-6072', 'Sheridan', 'Y8A 1LQ', '2020-03-29 20:59:25', '2011-10-25 16:53:45', NULL),
	(19, 'Mona', 'Terry', '1-443-179-7343', 'Juneau', 'G62 1OF', '2020-03-29 20:59:25', '2012-01-15 09:26:59', NULL),
	(20, 'Medge', 'Patterson', '1-636-979-0497', 'Texarkana', 'I5U 6E0', '2020-03-29 20:59:25', '2012-10-20 16:26:18', NULL),
	(21, 'Perry', 'Gamble', '1-440-976-9560', 'Arcadia', '98923', '2020-03-29 20:59:25', '2012-06-06 02:03:49', NULL),
	(22, 'Pandora', 'Armstrong', '1-197-431-4390', 'Glendora', '34124', '2020-03-29 20:59:25', '2011-08-29 01:45:06', NULL),
	(23, 'Pandora', 'Briggs', '1-278-288-9221', 'Oneida', 'T9M 4H9', '2020-03-29 20:59:25', '2012-07-16 08:44:41', NULL),
	(24, 'Maris', 'Leblanc', '1-936-114-2921', 'Cohoes', 'V1H 6Z7', '2020-03-29 20:59:25', '2011-05-04 13:07:04', NULL),
	(25, 'Ishmael', 'Crosby', '1-307-243-2684', 'Midwest City', 'T6 8PS', '2020-03-29 20:59:25', '2011-07-02 23:11:11', NULL),
	(26, 'Quintessa', 'Pickett', '1-801-122-7471', 'North Tonawanda', '09166', '2020-03-29 20:59:25', '2013-02-05 10:33:22', NULL),
	(27, 'Ifeoma', 'Mays', '1-103-883-0962', 'Parkersburg', '87377', '2020-03-29 20:59:25', '2011-08-22 12:19:09', NULL),
	(28, 'Basia', 'Harrell', '1-528-238-4178', 'Cody', 'LJ54 1IU', '2020-03-29 20:59:25', '2012-05-07 14:42:55', NULL),
	(29, 'Hamilton', 'Blackburn', '1-676-857-1423', 'Delta Junction', 'X5 9HE', '2020-03-29 20:59:25', '2011-05-19 07:39:48', NULL),
	(30, 'Dexter', 'Burton', '1-275-332-8186', 'Gainesville', '65914', '2020-03-29 20:59:25', '2013-02-01 16:21:20', NULL),
	(31, 'Quinn', 'Mccall', '1-808-916-4497', 'Fallon', 'X4 8UB', '2020-03-29 20:59:25', '2012-03-24 19:31:51', NULL),
	(32, 'Alexa', 'Wilder', '1-727-307-1997', 'Johnson City', '16765', '2020-03-29 20:59:25', '2011-10-14 08:21:14', NULL),
	(33, 'Rhonda', 'Harrell', '1-934-906-6474', 'Minnetonka', 'I2R 1H2', '2020-03-29 20:59:25', '2011-11-15 00:08:02', NULL),
	(34, 'Jocelyn', 'England', '1-826-860-7773', 'Chico', '71102', '2020-03-29 20:59:25', '2012-05-31 18:01:43', NULL),
	(35, 'Vincent', 'Banks', '1-225-418-0941', 'Palo Alto', '03281', '2020-03-29 20:59:25', '2011-08-07 07:22:43', NULL),
	(36, 'Stewart', 'Chan', '1-781-793-2340', 'Grand Forks', 'L1U 3ED', '2020-03-29 20:59:25', '2012-11-01 23:14:44', NULL);
/*!40000 ALTER TABLE `users` ENABLE KEYS */;

/*!40101 SET SQL_MODE=IFNULL(@OLD_SQL_MODE, '') */;
/*!40014 SET FOREIGN_KEY_CHECKS=IF(@OLD_FOREIGN_KEY_CHECKS IS NULL, 1, @OLD_FOREIGN_KEY_CHECKS) */;
/*!40101 SET CHARACTER_SET_CLIENT=@OLD_CHARACTER_SET_CLIENT */;
/*!40111 SET SQL_NOTES=@OLD_SQL_NOTES */;
