-- --------------------------------------------------------
-- Host:                         192.168.1.230
-- Versión del servidor:         10.1.47-MariaDB-0ubuntu0.18.04.1 - Ubuntu 18.04
-- SO del servidor:              debian-linux-gnueabihf
-- HeidiSQL Versión:             11.1.0.6116
-- --------------------------------------------------------

/*!40101 SET @OLD_CHARACTER_SET_CLIENT=@@CHARACTER_SET_CLIENT */;
/*!40101 SET NAMES utf8 */;
/*!50503 SET NAMES utf8mb4 */;
/*!40014 SET @OLD_FOREIGN_KEY_CHECKS=@@FOREIGN_KEY_CHECKS, FOREIGN_KEY_CHECKS=0 */;
/*!40101 SET @OLD_SQL_MODE=@@SQL_MODE, SQL_MODE='NO_AUTO_VALUE_ON_ZERO' */;
/*!40111 SET @OLD_SQL_NOTES=@@SQL_NOTES, SQL_NOTES=0 */;

-- Volcando estructura para tabla cervecero.actual_Process
CREATE TABLE IF NOT EXISTS `actual_Process` (
  `idPlaca` int(11) NOT NULL AUTO_INCREMENT,
  `process` int(11) NOT NULL,
  `recipe` int(11) NOT NULL,
  `user` int(10) unsigned NOT NULL,
  `state` int(11) NOT NULL,
  PRIMARY KEY (`idPlaca`),
  KEY `FK_actual_Process_procesos` (`process`),
  KEY `actual_Process_FK` (`recipe`),
  KEY `actual_Process_FK_1` (`user`),
  KEY `actual_Process_FK_2` (`state`),
  CONSTRAINT `FK_actual_Process_placas` FOREIGN KEY (`idPlaca`) REFERENCES `placas` (`IDplaca`),
  CONSTRAINT `FK_actual_Process_procesos` FOREIGN KEY (`process`) REFERENCES `procesos` (`id`),
  CONSTRAINT `actual_Process_FK` FOREIGN KEY (`recipe`) REFERENCES `recetas` (`ID`),
  CONSTRAINT `actual_Process_FK_1` FOREIGN KEY (`user`) REFERENCES `users` (`id_User`),
  CONSTRAINT `actual_Process_FK_2` FOREIGN KEY (`state`) REFERENCES `estados` (`id`)
) ENGINE=InnoDB AUTO_INCREMENT=3 DEFAULT CHARSET=utf8 COLLATE=utf8_unicode_ci;

-- Volcando datos para la tabla cervecero.actual_Process: ~0 rows (aproximadamente)
DELETE FROM `actual_Process`;
/*!40000 ALTER TABLE `actual_Process` DISABLE KEYS */;
INSERT INTO `actual_Process` (`idPlaca`, `process`, `recipe`, `user`, `state`) VALUES
	(2, 1, 1, 1, 2);
/*!40000 ALTER TABLE `actual_Process` ENABLE KEYS */;

-- Volcando estructura para tabla cervecero.estados
CREATE TABLE IF NOT EXISTS `estados` (
  `id` int(11) NOT NULL AUTO_INCREMENT,
  `estado` varchar(50) CHARACTER SET utf8mb4 DEFAULT NULL,
  PRIMARY KEY (`id`)
) ENGINE=InnoDB AUTO_INCREMENT=4 DEFAULT CHARSET=utf8 COLLATE=utf8_unicode_ci;

-- Volcando datos para la tabla cervecero.estados: ~3 rows (aproximadamente)
DELETE FROM `estados`;
/*!40000 ALTER TABLE `estados` DISABLE KEYS */;
INSERT INTO `estados` (`id`, `estado`) VALUES
	(1, 'Iniciado'),
	(2, 'Finalizado'),
	(3, 'Fallo');
/*!40000 ALTER TABLE `estados` ENABLE KEYS */;

-- Volcando estructura para tabla cervecero.log_placas_firmwares
CREATE TABLE IF NOT EXISTS `log_placas_firmwares` (
  `IDplaca` int(11) NOT NULL,
  `fecha_update` timestamp NULL DEFAULT NULL,
  `oldVersion` varchar(10) CHARACTER SET utf8mb4 DEFAULT NULL,
  `newVersion` varchar(10) CHARACTER SET utf8mb4 DEFAULT NULL,
  `id` int(11) NOT NULL AUTO_INCREMENT,
  PRIMARY KEY (`id`),
  KEY `version` (`oldVersion`) USING BTREE,
  KEY `FK_log_updates_placas` (`IDplaca`)
) ENGINE=InnoDB DEFAULT CHARSET=utf8 COLLATE=utf8_unicode_ci;

-- Volcando datos para la tabla cervecero.log_placas_firmwares: ~0 rows (aproximadamente)
DELETE FROM `log_placas_firmwares`;
/*!40000 ALTER TABLE `log_placas_firmwares` DISABLE KEYS */;
/*!40000 ALTER TABLE `log_placas_firmwares` ENABLE KEYS */;

-- Volcando estructura para tabla cervecero.menu
CREATE TABLE IF NOT EXISTS `menu` (
  `IDplaca` int(11) NOT NULL DEFAULT '0',
  `menu` int(11) NOT NULL DEFAULT '0',
  `dato1` int(11) NOT NULL DEFAULT '0',
  `dato2` int(11) NOT NULL DEFAULT '0',
  `needUpdate` int(1) NOT NULL DEFAULT '0',
  `updateNextBoot` int(11) NOT NULL DEFAULT '0',
  `continuar` int(11) NOT NULL DEFAULT '0',
  PRIMARY KEY (`IDplaca`) USING BTREE,
  CONSTRAINT `FK_menu_placas` FOREIGN KEY (`IDplaca`) REFERENCES `placas` (`IDplaca`) ON DELETE CASCADE ON UPDATE CASCADE
) ENGINE=InnoDB DEFAULT CHARSET=utf8 COLLATE=utf8_unicode_ci;

-- Volcando datos para la tabla cervecero.menu: ~2 rows (aproximadamente)
DELETE FROM `menu`;
/*!40000 ALTER TABLE `menu` DISABLE KEYS */;
INSERT INTO `menu` (`IDplaca`, `menu`, `dato1`, `dato2`, `needUpdate`, `updateNextBoot`, `continuar`) VALUES
	(2, 2, 1, 0, 0, 0, 0);
/*!40000 ALTER TABLE `menu` ENABLE KEYS */;

-- Volcando estructura para tabla cervecero.placas
CREATE TABLE IF NOT EXISTS `placas` (
  `IDplaca` int(11) NOT NULL AUTO_INCREMENT,
  `mac` varchar(17) CHARACTER SET utf8mb4 COLLATE utf8mb4_unicode_ci NOT NULL,
  `id_User` int(11) unsigned DEFAULT NULL,
  `updated` tinyint(1) NOT NULL DEFAULT '0',
  PRIMARY KEY (`IDplaca`) USING BTREE,
  KEY `FK_placas_users` (`id_User`),
  CONSTRAINT `FK_placas_users` FOREIGN KEY (`id_User`) REFERENCES `users` (`id_User`)
) ENGINE=InnoDB AUTO_INCREMENT=3 DEFAULT CHARSET=utf8 COLLATE=utf8_unicode_ci;

-- Volcando datos para la tabla cervecero.placas: ~2 rows (aproximadamente)
DELETE FROM `placas`;
/*!40000 ALTER TABLE `placas` DISABLE KEYS */;
INSERT INTO `placas` (`IDplaca`, `mac`, `id_User`, `updated`) VALUES
	(2, 'C4:4F:33:76:F1:45', 1, 0);
/*!40000 ALTER TABLE `placas` ENABLE KEYS */;

-- Volcando estructura para tabla cervecero.placas_data
CREATE TABLE IF NOT EXISTS `placas_data` (
  `ID` int(11) NOT NULL AUTO_INCREMENT,
  `IDplaca` int(11) DEFAULT NULL,
  `receta` int(11) DEFAULT NULL,
  `time` timestamp NOT NULL DEFAULT CURRENT_TIMESTAMP,
  `proceso` int(11) DEFAULT NULL,
  `pasoProceso` int(11) DEFAULT NULL,
  `estado` int(11) DEFAULT NULL,
  `tiempoRestante` int(11) DEFAULT NULL,
  `porcentaje` tinyint(4) DEFAULT NULL,
  `temp` float DEFAULT NULL,
  PRIMARY KEY (`ID`),
  KEY `estado` (`estado`),
  KEY `proceso` (`proceso`),
  KEY `placaID` (`IDplaca`) USING BTREE,
  KEY `FK_log_recetas` (`receta`),
  CONSTRAINT `FK_log_estados` FOREIGN KEY (`estado`) REFERENCES `estados` (`id`) ON DELETE SET NULL ON UPDATE CASCADE,
  CONSTRAINT `FK_log_placas` FOREIGN KEY (`IDplaca`) REFERENCES `placas` (`IDplaca`) ON DELETE SET NULL ON UPDATE CASCADE,
  CONSTRAINT `FK_log_procesos` FOREIGN KEY (`proceso`) REFERENCES `procesos` (`id`) ON DELETE SET NULL ON UPDATE CASCADE,
  CONSTRAINT `FK_log_recetas` FOREIGN KEY (`receta`) REFERENCES `recetas` (`ID`) ON DELETE SET NULL ON UPDATE CASCADE
) ENGINE=InnoDB AUTO_INCREMENT=1819 DEFAULT CHARSET=utf8 COLLATE=utf8_unicode_ci;

-- Volcando datos para la tabla cervecero.placas_data: ~1.719 rows (aproximadamente)
DELETE FROM `placas_data`;
/*!40000 ALTER TABLE `placas_data` DISABLE KEYS */;
INSERT INTO `placas_data` (`ID`, `IDplaca`, `receta`, `time`, `proceso`, `pasoProceso`, `estado`, `tiempoRestante`, `porcentaje`, `temp`) VALUES
	(70, NULL, 1, '2020-03-23 02:27:46', 1, 1, 1, 120, 0, NULL),
	(71, NULL, 1, '2020-03-23 13:31:05', 1, 1, 2, 120, 96, NULL),
	(72, NULL, 1, '2020-03-23 13:38:32', 1, 1, 1, 120, 96, NULL),
	(73, NULL, 1, '2020-03-23 19:32:02', 1, 1, 1, 30, 96, NULL),
	(74, NULL, 1, '2020-03-24 20:25:44', 1, 1, 1, 30, 50, NULL),
	(79, NULL, 1, '2020-03-24 21:21:25', 1, 1, 2, 0, 100, NULL),
	(80, NULL, 1, '2020-03-26 19:32:49', 1, 1, 1, 0, 0, NULL),
	(81, NULL, 1, '2020-03-26 19:32:57', 1, 1, 1, 55, 6, NULL),
	(82, NULL, 1, '2020-03-26 19:33:01', 1, 1, 1, 50, 16, NULL),
	(83, NULL, 1, '2020-03-26 19:33:06', 1, 1, 1, 45, 25, NULL),
	(84, NULL, 1, '2020-03-26 19:33:11', 1, 1, 1, 40, 33, NULL),
	(85, NULL, 1, '2020-03-26 19:33:17', 1, 1, 1, 35, 40, NULL),
	(86, NULL, 1, '2020-03-26 19:33:21', 1, 1, 1, 30, 50, NULL),
	(87, NULL, 1, '2020-03-26 19:50:15', 1, 1, 1, 25, 56, NULL),
	(88, NULL, 1, '2020-03-26 19:50:20', 1, 1, 1, 20, 66, NULL),
	(89, NULL, 1, '2020-03-26 19:50:24', 1, 1, 1, 15, 73, NULL),
	(90, NULL, 1, '2020-03-26 19:50:30', 1, 1, 1, 10, 81, NULL),
	(91, NULL, 1, '2020-03-26 19:50:34', 1, 1, 1, 5, 91, NULL),
	(92, NULL, 1, '2020-03-26 19:50:52', 1, 1, 2, 0, 100, NULL),
	(93, NULL, 1, '2020-03-26 19:51:57', 1, 2, 1, 0, 0, NULL),
	(94, NULL, 1, '2020-03-26 19:52:05', 1, 2, 1, 295, 1, NULL),
	(95, NULL, 1, '2020-03-26 19:52:11', 1, 2, 1, 290, 3, NULL),
	(96, NULL, 1, '2020-03-26 19:52:15', 1, 2, 1, 285, 5, NULL),
	(97, NULL, 1, '2020-03-26 19:52:20', 1, 2, 1, 280, 6, NULL),
	(98, NULL, 1, '2020-03-26 19:52:27', 1, 2, 1, 275, 8, NULL),
	(99, NULL, 1, '2020-03-26 19:52:34', 1, 2, 1, 270, 9, NULL),
	(100, NULL, 1, '2020-03-26 19:52:36', 1, 2, 1, 264, 12, NULL),
	(101, NULL, 1, '2020-03-26 19:52:41', 1, 2, 1, 259, 13, NULL),
	(102, NULL, 1, '2020-03-26 19:52:46', 1, 2, 1, 254, 15, NULL),
	(103, NULL, 1, '2020-03-26 19:52:52', 1, 2, 1, 249, 16, NULL),
	(104, NULL, 1, '2020-03-26 19:52:56', 1, 2, 1, 244, 18, NULL),
	(105, NULL, 1, '2020-03-26 19:53:01', 1, 2, 1, 239, 20, NULL),
	(106, NULL, 1, '2020-03-26 19:53:06', 1, 2, 1, 234, 22, NULL),
	(107, NULL, 1, '2020-03-26 19:53:12', 1, 2, 1, 229, 23, NULL),
	(108, NULL, 1, '2020-03-26 19:53:17', 1, 2, 1, 224, 25, NULL),
	(109, NULL, 1, '2020-03-26 19:53:21', 1, 2, 1, 219, 27, NULL),
	(110, NULL, 1, '2020-03-26 19:53:26', 1, 2, 1, 214, 28, NULL),
	(111, NULL, 1, '2020-03-26 19:53:40', 1, 2, 1, 209, 30, NULL),
	(112, NULL, 1, '2020-03-26 19:53:47', 1, 2, 1, 204, 32, NULL),
	(113, NULL, 1, '2020-03-26 19:53:50', 1, 2, 1, 199, 33, NULL),
	(114, NULL, 1, '2020-03-26 19:54:35', 1, 2, 1, 194, 35, NULL),
	(115, NULL, 1, '2020-03-26 19:54:40', 1, 2, 1, 189, 37, NULL),
	(116, NULL, 1, '2020-03-26 19:54:45', 1, 2, 1, 184, 38, NULL),
	(117, NULL, 1, '2020-03-26 19:54:51', 1, 2, 1, 179, 40, NULL),
	(118, NULL, 1, '2020-03-26 19:54:55', 1, 2, 1, 174, 42, NULL),
	(119, NULL, 1, '2020-03-26 19:55:00', 1, 2, 1, 169, 43, NULL),
	(120, NULL, 1, '2020-03-26 19:55:05', 1, 2, 1, 164, 45, NULL),
	(121, NULL, 1, '2020-03-26 19:55:11', 1, 2, 1, 159, 46, NULL),
	(122, NULL, 1, '2020-03-26 19:55:16', 1, 2, 1, 154, 48, NULL),
	(123, NULL, 1, '2020-03-26 19:55:20', 1, 2, 1, 149, 50, NULL),
	(124, NULL, 1, '2020-03-26 19:55:25', 1, 2, 1, 144, 52, NULL),
	(125, NULL, 1, '2020-03-26 19:55:30', 1, 2, 1, 139, 53, NULL),
	(126, NULL, 1, '2020-03-26 19:55:35', 1, 2, 1, 134, 55, NULL),
	(127, NULL, 1, '2020-03-26 19:55:40', 1, 2, 1, 129, 57, NULL),
	(128, NULL, 1, '2020-03-26 19:55:45', 1, 2, 1, 124, 58, NULL),
	(129, NULL, 1, '2020-03-26 19:56:29', 1, 2, 1, 119, 60, NULL),
	(130, NULL, 1, '2020-03-26 19:56:35', 1, 2, 1, 114, 61, NULL),
	(131, NULL, 1, '2020-03-26 19:56:39', 1, 2, 1, 109, 63, NULL),
	(132, NULL, 1, '2020-03-26 19:56:44', 1, 2, 1, 104, 65, NULL),
	(133, NULL, 1, '2020-03-26 19:56:49', 1, 2, 1, 99, 67, NULL),
	(134, NULL, 1, '2020-03-26 19:56:55', 1, 2, 1, 94, 68, NULL),
	(135, NULL, 1, '2020-03-26 19:56:59', 1, 2, 1, 89, 70, NULL),
	(136, NULL, 1, '2020-03-26 19:57:04', 1, 2, 1, 84, 72, NULL),
	(137, NULL, 1, '2020-03-26 19:57:18', 1, 2, 1, 79, 73, NULL),
	(138, NULL, 1, '2020-03-26 19:57:21', 1, 2, 1, 68, 77, NULL),
	(139, NULL, 1, '2020-03-26 19:57:25', 1, 2, 1, 63, 79, NULL),
	(140, NULL, 1, '2020-03-26 19:57:32', 1, 2, 1, 58, 80, NULL),
	(141, NULL, 1, '2020-03-26 19:57:35', 1, 2, 1, 53, 82, NULL),
	(142, NULL, 1, '2020-03-26 19:57:40', 1, 2, 1, 48, 84, NULL),
	(143, NULL, 1, '2020-03-26 19:57:45', 1, 2, 1, 43, 85, NULL),
	(144, NULL, 1, '2020-03-26 19:57:51', 1, 2, 1, 38, 87, NULL),
	(145, NULL, 1, '2020-03-26 19:57:55', 1, 2, 1, 33, 89, NULL),
	(146, NULL, 1, '2020-03-26 19:58:00', 1, 2, 1, 28, 90, NULL),
	(147, NULL, 1, '2020-03-26 19:58:05', 1, 2, 1, 23, 92, NULL),
	(148, NULL, 1, '2020-03-26 19:58:10', 1, 2, 1, 18, 94, NULL),
	(149, NULL, 1, '2020-03-26 19:58:16', 1, 2, 1, 13, 95, NULL),
	(150, NULL, 1, '2020-03-26 19:58:29', 1, 2, 1, 8, 97, NULL),
	(151, NULL, 1, '2020-03-26 19:58:34', 1, 2, 1, 3, 99, NULL),
	(152, NULL, 1, '2020-03-26 19:58:38', 1, 2, 2, 0, 100, NULL),
	(153, NULL, 1, '2020-03-26 19:58:57', 1, 1, 1, 0, 0, NULL),
	(154, NULL, 1, '2020-03-26 19:59:05', 1, 1, 1, 55, 6, NULL),
	(155, NULL, 1, '2020-03-26 19:59:10', 1, 1, 1, 50, 16, NULL),
	(156, NULL, 1, '2020-03-26 19:59:16', 1, 1, 1, 45, 23, NULL),
	(157, NULL, 1, '2020-03-26 19:59:20', 1, 1, 1, 40, 33, NULL),
	(158, NULL, 1, '2020-03-26 19:59:25', 1, 1, 1, 35, 41, NULL),
	(159, NULL, 1, '2020-03-26 19:59:30', 1, 1, 1, 30, 50, NULL),
	(160, NULL, 1, '2020-03-26 19:59:36', 1, 1, 1, 25, 56, NULL),
	(161, NULL, 1, '2020-03-26 19:59:51', 1, 1, 1, 20, 65, NULL),
	(162, NULL, 1, '2020-03-26 19:59:55', 1, 1, 1, 15, 73, NULL),
	(163, NULL, 1, '2020-03-26 20:00:01', 1, 1, 1, 10, 81, NULL),
	(164, NULL, 1, '2020-03-26 20:00:05', 1, 1, 1, 5, 91, NULL),
	(165, NULL, 1, '2020-03-26 20:00:11', 1, 1, 2, 0, 100, NULL),
	(166, NULL, 1, '2020-03-26 20:29:04', 4, 0, 1, 0, 100, NULL),
	(167, NULL, 1, '2020-03-26 20:49:21', 1, 1, 1, 515, 0, NULL),
	(168, NULL, 1, '2020-03-26 20:49:28', 1, 1, 1, 55, 6, NULL),
	(169, NULL, 1, '2020-03-26 20:49:29', 1, 1, 3, 55, 100, NULL),
	(170, NULL, 1, '2020-03-26 21:17:45', 4, 0, 1, 0, 0, NULL),
	(171, NULL, 1, '2020-03-26 21:48:05', 4, 0, 3, 105, 100, NULL),
	(172, NULL, 1, '2020-03-26 22:20:01', 4, 0, 1, 0, 0, NULL),
	(173, NULL, 1, '2020-03-26 22:40:39', 4, 0, 3, 225, 100, NULL),
	(174, NULL, 1, '2020-03-26 23:32:04', 3, 4, 1, 225, 0, NULL),
	(175, NULL, 1, '2020-03-26 23:32:09', 3, 4, 2, -2862, 100, NULL),
	(176, NULL, 1, '2020-03-26 23:39:06', 3, 1, 1, -2862, 0, NULL),
	(177, NULL, 1, '2020-03-26 23:39:11', 3, 1, 2, -3284, 100, NULL),
	(178, NULL, 1, '2020-03-26 23:47:35', 1, 7, 1, 0, 0, NULL),
	(179, NULL, 1, '2020-03-26 23:47:39', 1, 7, 2, 0, 100, NULL),
	(180, NULL, 1, '2020-03-26 23:47:51', 3, 1, 1, 0, 0, NULL),
	(181, NULL, 1, '2020-03-26 23:47:58', 3, 1, 1, 7889245, 0, NULL),
	(182, NULL, 1, '2020-03-26 23:48:04', 3, 1, 1, 7889240, 0, NULL),
	(183, NULL, 1, '2020-03-26 23:48:09', 3, 1, 1, 7889235, 0, NULL),
	(184, NULL, 1, '2020-03-26 23:48:13', 3, 1, 1, 7889230, 0, NULL),
	(185, NULL, 1, '2020-03-26 23:48:18', 3, 1, 1, 7889225, 0, NULL),
	(186, NULL, 1, '2020-03-26 23:48:24', 3, 1, 1, 7889220, 0, NULL),
	(187, NULL, 1, '2020-03-26 23:48:28', 3, 1, 1, 7889215, 0, NULL),
	(188, NULL, 1, '2020-03-26 23:48:35', 3, 1, 1, 7889210, 0, NULL),
	(189, NULL, 1, '2020-03-26 23:48:41', 3, 1, 1, 7889205, 0, NULL),
	(190, NULL, 1, '2020-03-26 23:48:44', 3, 1, 1, 7889200, 0, NULL),
	(191, NULL, 1, '2020-03-26 23:48:49', 3, 1, 1, 7889195, 0, NULL),
	(192, NULL, 1, '2020-03-26 23:48:55', 3, 1, 1, 7889190, 0, NULL),
	(193, NULL, 1, '2020-03-26 23:48:59', 3, 1, 1, 7889185, 0, NULL),
	(194, NULL, 1, '2020-03-26 23:49:04', 3, 1, 1, 7889180, 0, NULL),
	(195, NULL, 1, '2020-03-26 23:49:08', 3, 1, 1, 7889175, 0, NULL),
	(196, NULL, 1, '2020-03-26 23:49:13', 3, 1, 1, 7889170, 0, NULL),
	(197, NULL, 1, '2020-03-26 23:49:19', 3, 1, 1, 7889165, 0, NULL),
	(198, NULL, 1, '2020-03-26 23:49:24', 3, 1, 1, 7889160, 0, NULL),
	(199, NULL, 1, '2020-03-26 23:49:28', 3, 1, 1, 7889155, 0, NULL),
	(200, NULL, 1, '2020-03-26 23:49:35', 3, 1, 1, 7889150, 0, NULL),
	(201, NULL, 1, '2020-03-26 23:49:40', 3, 1, 1, 7889145, 0, NULL),
	(202, NULL, 1, '2020-03-26 23:49:44', 3, 1, 1, 7889140, 0, NULL),
	(203, NULL, 1, '2020-03-26 23:49:48', 3, 1, 1, 7889135, 0, NULL),
	(204, NULL, 1, '2020-03-26 23:49:56', 3, 1, 1, 7889130, 0, NULL),
	(205, NULL, 1, '2020-03-26 23:49:59', 3, 1, 1, 7889124, 0, NULL),
	(206, NULL, 1, '2020-03-26 23:50:05', 3, 1, 1, 7889119, 0, NULL),
	(207, NULL, 1, '2020-03-26 23:50:10', 3, 1, 1, 7889114, 0, NULL),
	(208, NULL, 1, '2020-03-26 23:50:16', 3, 1, 1, 7889109, 0, NULL),
	(209, NULL, 1, '2020-03-26 23:50:27', 3, 1, 1, 7889104, 0, NULL),
	(210, NULL, 1, '2020-03-26 23:50:31', 3, 1, 1, 7889094, 0, NULL),
	(211, NULL, 1, '2020-03-26 23:50:40', 3, 1, 1, 7889089, 0, NULL),
	(212, NULL, 1, '2020-03-26 23:50:45', 3, 1, 1, 7889080, 0, NULL),
	(213, NULL, 1, '2020-03-26 23:50:48', 3, 1, 1, 7889075, 0, NULL),
	(214, NULL, 1, '2020-03-26 23:51:00', 3, 1, 1, 7889070, 0, NULL),
	(215, NULL, 1, '2020-03-26 23:51:03', 3, 1, 1, 7889061, 0, NULL),
	(216, NULL, 1, '2020-03-26 23:51:08', 3, 1, 1, 7889056, 0, NULL),
	(217, NULL, 1, '2020-03-26 23:51:12', 3, 1, 1, 7889051, 0, NULL),
	(218, NULL, 1, '2020-03-26 23:51:17', 3, 1, 1, 7889046, 0, NULL),
	(219, NULL, 1, '2020-03-26 23:51:22', 3, 1, 1, 7889041, 0, NULL),
	(220, NULL, 1, '2020-03-26 23:51:28', 3, 1, 1, 7889036, 0, NULL),
	(221, NULL, 1, '2020-03-26 23:51:33', 3, 1, 1, 7889031, 0, NULL),
	(222, NULL, 1, '2020-03-26 23:51:37', 3, 1, 1, 7889026, 0, NULL),
	(223, NULL, 1, '2020-03-26 23:51:42', 3, 1, 1, 7889021, 0, NULL),
	(224, NULL, 1, '2020-03-26 23:51:47', 3, 1, 1, 7889016, 0, NULL),
	(225, NULL, 1, '2020-03-26 23:51:55', 3, 1, 1, 7889011, 0, NULL),
	(226, NULL, 1, '2020-03-26 23:51:58', 3, 1, 1, 7889005, 0, NULL),
	(227, NULL, 1, '2020-03-26 23:52:04', 3, 1, 1, 7889000, 0, NULL),
	(228, NULL, 1, '2020-03-26 23:52:09', 3, 1, 1, 7888995, 0, NULL),
	(229, NULL, 1, '2020-03-26 23:52:13', 3, 1, 1, 7888990, 0, NULL),
	(230, NULL, 1, '2020-03-26 23:52:18', 3, 1, 1, 7888985, 0, NULL),
	(231, NULL, 1, '2020-03-26 23:52:24', 3, 1, 1, 7888979, 0, NULL),
	(232, NULL, 1, '2020-03-26 23:52:30', 3, 1, 1, 7888974, 0, NULL),
	(233, NULL, 1, '2020-03-26 23:52:34', 3, 1, 1, 7888969, 0, NULL),
	(234, NULL, 1, '2020-03-26 23:52:39', 3, 1, 1, 7888964, 0, NULL),
	(235, NULL, 1, '2020-03-26 23:52:44', 3, 1, 1, 7888959, 0, NULL),
	(236, NULL, 1, '2020-03-26 23:52:50', 3, 1, 1, 7888954, 0, NULL),
	(237, NULL, 1, '2020-03-26 23:52:54', 3, 1, 1, 7888949, 0, NULL),
	(238, NULL, 1, '2020-03-26 23:52:59', 3, 1, 1, 7888944, 0, NULL),
	(239, NULL, 1, '2020-03-26 23:53:04', 3, 1, 1, 7888939, 0, NULL),
	(240, NULL, 1, '2020-03-26 23:53:10', 3, 1, 1, 7888934, 0, NULL),
	(241, NULL, 1, '2020-03-26 23:53:15', 3, 1, 1, 7888929, 0, NULL),
	(242, NULL, 1, '2020-03-26 23:53:19', 3, 1, 1, 7888924, 0, NULL),
	(243, NULL, 1, '2020-03-26 23:53:24', 3, 1, 1, 7888919, 0, NULL),
	(244, NULL, 1, '2020-03-26 23:53:29', 3, 1, 1, 7888914, 0, NULL),
	(245, NULL, 1, '2020-03-26 23:53:35', 3, 1, 1, 7888909, 0, NULL),
	(246, NULL, 1, '2020-03-26 23:53:40', 3, 1, 1, 7888904, 0, NULL),
	(247, NULL, 1, '2020-03-26 23:53:44', 3, 1, 1, 7888899, 0, NULL),
	(248, NULL, 1, '2020-03-26 23:53:49', 3, 1, 1, 7888894, 0, NULL),
	(249, NULL, 1, '2020-03-26 23:53:55', 3, 1, 1, 7888889, 0, NULL),
	(250, NULL, 1, '2020-03-26 23:54:00', 3, 1, 1, 7888884, 0, NULL),
	(251, NULL, 1, '2020-03-26 23:54:04', 3, 1, 1, 7888879, 0, NULL),
	(252, NULL, 1, '2020-03-26 23:54:09', 3, 1, 1, 7888874, 0, NULL),
	(253, NULL, 1, '2020-03-26 23:54:15', 3, 1, 1, 7888869, 0, NULL),
	(254, NULL, 1, '2020-03-26 23:54:20', 3, 1, 1, 7888864, 0, NULL),
	(255, NULL, 1, '2020-03-26 23:54:24', 3, 1, 1, 7888859, 0, NULL),
	(256, NULL, 1, '2020-03-26 23:54:29', 3, 1, 1, 7888854, 0, NULL),
	(257, NULL, 1, '2020-03-26 23:54:35', 3, 1, 1, 7888849, 0, NULL),
	(258, NULL, 1, '2020-03-26 23:54:40', 3, 1, 1, 7888844, 0, NULL),
	(259, NULL, 1, '2020-03-26 23:54:44', 3, 1, 1, 7888839, 0, NULL),
	(260, NULL, 1, '2020-03-26 23:54:52', 3, 1, 1, 7888834, 0, NULL),
	(261, NULL, 1, '2020-03-26 23:54:54', 3, 1, 1, 7888829, 0, NULL),
	(262, NULL, 1, '2020-03-26 23:54:59', 3, 1, 1, 7888824, 0, NULL),
	(263, NULL, 1, '2020-03-26 23:55:04', 3, 1, 1, 7888819, 0, NULL),
	(264, NULL, 1, '2020-03-26 23:55:10', 3, 1, 1, 7888814, 0, NULL),
	(265, NULL, 1, '2020-03-26 23:55:15', 3, 1, 1, 7888809, 0, NULL),
	(266, NULL, 1, '2020-03-26 23:55:19', 3, 1, 1, 7888804, 0, NULL),
	(267, NULL, 1, '2020-03-26 23:55:24', 3, 1, 1, 7888799, 0, NULL),
	(268, NULL, 1, '2020-03-26 23:55:30', 3, 1, 1, 7888794, 0, NULL),
	(269, NULL, 1, '2020-03-26 23:55:35', 3, 1, 1, 7888789, 0, NULL),
	(270, NULL, 1, '2020-03-26 23:55:39', 3, 1, 1, 7888784, 0, NULL),
	(271, NULL, 1, '2020-03-26 23:55:44', 3, 1, 1, 7888779, 0, NULL),
	(272, NULL, 1, '2020-03-26 23:55:50', 3, 1, 1, 7888774, 0, NULL),
	(273, NULL, 1, '2020-03-26 23:55:55', 3, 1, 1, 7888769, 0, NULL),
	(274, NULL, 1, '2020-03-26 23:55:55', 3, 1, 3, 7888769, 100, NULL),
	(275, NULL, 1, '2020-03-26 23:56:15', 3, 1, 1, 7888769, 0, NULL),
	(276, NULL, 1, '2020-03-26 23:56:21', 3, 1, 1, 7889245, 0, NULL),
	(277, NULL, 1, '2020-03-26 23:56:36', 3, 1, 1, 7889240, 0, NULL),
	(278, NULL, 1, '2020-03-26 23:56:42', 3, 1, 1, 7889235, 0, NULL),
	(279, NULL, 1, '2020-03-26 23:56:47', 3, 1, 1, 7889230, 0, NULL),
	(280, NULL, 1, '2020-03-26 23:57:03', 3, 1, 1, 7889225, 0, NULL),
	(281, NULL, 1, '2020-03-26 23:57:12', 3, 1, 1, 7889220, 0, NULL),
	(282, NULL, 1, '2020-03-26 23:58:19', 3, 1, 1, 7889215, 0, NULL),
	(283, NULL, 1, '2020-03-26 23:58:22', 3, 1, 1, 7889207, 0, NULL),
	(284, NULL, 1, '2020-03-26 23:58:27', 3, 1, 1, 7889202, 0, NULL),
	(285, NULL, 1, '2020-03-26 23:59:09', 3, 1, 1, 7889197, 0, NULL),
	(286, NULL, 1, '2020-03-26 23:59:16', 3, 1, 1, 7889192, 0, NULL),
	(287, NULL, 1, '2020-03-26 23:59:23', 3, 1, 1, 7889185, 0, NULL),
	(288, NULL, 1, '2020-03-26 23:59:35', 3, 1, 1, 7889178, 0, NULL),
	(289, NULL, 1, '2020-03-26 23:59:39', 3, 1, 1, 7889166, 0, NULL),
	(290, NULL, 1, '2020-03-26 23:59:42', 3, 1, 1, 7889161, 0, NULL),
	(291, NULL, 1, '2020-03-26 23:59:47', 3, 1, 1, 7889156, 0, NULL),
	(292, NULL, 1, '2020-03-26 23:59:52', 3, 1, 1, 7889151, 0, NULL),
	(293, NULL, 1, '2020-03-26 23:59:58', 3, 1, 1, 7889146, 0, NULL),
	(294, NULL, 1, '2020-03-27 00:00:03', 3, 1, 1, 7889141, 0, NULL),
	(295, NULL, 1, '2020-03-27 00:00:07', 3, 1, 1, 7889136, 0, NULL),
	(296, NULL, 1, '2020-03-27 00:00:15', 3, 1, 1, 7889131, 0, NULL),
	(297, NULL, 1, '2020-03-27 00:00:17', 3, 1, 1, 7889126, 0, NULL),
	(298, NULL, 1, '2020-03-27 00:00:22', 3, 1, 1, 7889121, 0, NULL),
	(299, NULL, 1, '2020-03-27 00:00:27', 3, 1, 1, 7889116, 0, NULL),
	(300, NULL, 1, '2020-03-27 00:00:33', 3, 1, 1, 7889111, 0, NULL),
	(301, NULL, 1, '2020-03-27 00:00:38', 3, 1, 1, 7889106, 0, NULL),
	(302, NULL, 1, '2020-03-27 00:00:44', 3, 1, 1, 7889101, 0, NULL),
	(303, NULL, 1, '2020-03-27 00:00:45', 3, 1, 3, 7889101, 100, NULL),
	(304, NULL, 1, '2020-03-27 00:02:11', 2, 1, 1, 0, 0, NULL),
	(305, NULL, 1, '2020-03-27 00:02:19', 2, 1, 1, 55, 6, NULL),
	(306, NULL, 1, '2020-03-27 00:02:25', 2, 1, 1, 50, 15, NULL),
	(307, NULL, 1, '2020-03-27 00:02:29', 2, 1, 1, 45, 25, NULL),
	(308, NULL, 1, '2020-03-27 00:02:34', 2, 1, 1, 40, 33, NULL),
	(309, NULL, 1, '2020-03-27 00:02:39', 2, 1, 1, 35, 41, NULL),
	(310, NULL, 1, '2020-03-27 00:03:02', 2, 1, 1, 30, 48, NULL),
	(311, NULL, 1, '2020-03-27 00:03:05', 2, 1, 1, 22, 63, NULL),
	(312, NULL, 1, '2020-03-27 00:03:11', 2, 1, 1, 17, 71, NULL),
	(313, NULL, 1, '2020-03-27 00:03:23', 2, 1, 1, 12, 80, NULL),
	(314, NULL, 1, '2020-03-27 00:03:29', 2, 1, 1, 1, 98, NULL),
	(315, NULL, 1, '2020-03-27 00:03:40', 2, 1, 2, -5, 100, NULL),
	(316, NULL, 1, '2020-03-28 19:16:50', 1, 1, 1, 0, 0, NULL),
	(317, NULL, 1, '2020-03-28 19:16:57', 1, 1, 1, 55, 6, NULL),
	(318, NULL, 1, '2020-03-28 19:17:02', 1, 1, 1, 50, 16, NULL),
	(319, NULL, 1, '2020-03-28 19:17:07', 1, 1, 1, 45, 25, NULL),
	(320, NULL, 1, '2020-03-28 19:17:12', 1, 1, 1, 40, 33, NULL),
	(321, NULL, 1, '2020-03-28 19:17:18', 1, 1, 1, 35, 40, NULL),
	(322, NULL, 1, '2020-03-28 19:17:22', 1, 1, 1, 30, 50, NULL),
	(323, NULL, 1, '2020-03-28 19:17:27', 1, 1, 1, 25, 58, NULL),
	(324, NULL, 1, '2020-03-28 19:17:32', 1, 1, 1, 20, 66, NULL),
	(325, NULL, 1, '2020-03-28 19:17:36', 1, 1, 1, 15, 75, NULL),
	(326, NULL, 1, '2020-03-28 19:17:42', 1, 1, 1, 10, 81, NULL),
	(327, NULL, 1, '2020-03-28 19:17:47', 1, 1, 1, 5, 91, NULL),
	(328, NULL, 1, '2020-03-28 19:17:53', 1, 1, 2, 0, 100, NULL),
	(329, NULL, 1, '2020-04-01 12:14:02', 1, 1, 1, 0, 0, NULL),
	(330, NULL, 1, '2020-04-01 12:14:10', 1, 1, 1, 55, 6, NULL),
	(331, NULL, 1, '2020-04-01 12:14:15', 1, 1, 1, 50, 16, NULL),
	(332, NULL, 1, '2020-04-01 12:14:24', 1, 1, 1, 45, 23, NULL),
	(333, NULL, 1, '2020-04-01 12:14:26', 1, 1, 1, 39, 35, NULL),
	(334, NULL, 1, '2020-04-01 12:14:46', 1, 1, 1, 34, 41, NULL),
	(335, NULL, 1, '2020-04-01 12:14:52', 1, 1, 1, 29, 50, NULL),
	(336, NULL, 1, '2020-04-01 12:14:57', 1, 1, 1, 24, 60, NULL),
	(337, NULL, 1, '2020-04-01 12:15:01', 1, 1, 1, 19, 68, NULL),
	(338, NULL, 1, '2020-04-01 12:15:07', 1, 1, 1, 14, 76, NULL),
	(339, NULL, 1, '2020-04-01 12:15:12', 1, 1, 1, 9, 85, NULL),
	(340, NULL, 1, '2020-04-01 12:15:16', 1, 1, 1, 4, 91, NULL),
	(341, NULL, 1, '2020-04-01 12:15:22', 1, 1, 2, 0, 100, NULL),
	(342, NULL, 1, '2020-04-03 13:49:55', 1, 1, 1, 0, 0, NULL),
	(343, NULL, 1, '2020-04-03 13:50:03', 1, 1, 1, 55, 6, NULL),
	(344, NULL, 1, '2020-04-03 13:50:04', 1, 1, 3, 55, 100, NULL),
	(345, NULL, 1, '2020-04-03 13:50:16', 1, 1, 1, 55, 0, NULL),
	(346, NULL, 1, '2020-04-03 13:50:24', 1, 1, 1, 55, 6, NULL),
	(347, NULL, 1, '2020-04-03 13:50:25', 1, 1, 3, 55, 100, NULL),
	(348, NULL, 1, '2020-04-05 16:57:06', 1, 1, 1, 0, 0, NULL),
	(349, NULL, 1, '2020-04-05 16:57:15', 1, 1, 1, 55, 6, NULL),
	(350, NULL, 1, '2020-04-05 16:57:22', 1, 1, 1, 50, 15, NULL),
	(351, NULL, 1, '2020-04-05 16:57:26', 1, 1, 1, 44, 26, NULL),
	(352, NULL, 1, '2020-04-05 16:57:31', 1, 1, 1, 39, 33, NULL),
	(353, NULL, 1, '2020-04-05 16:57:39', 1, 1, 1, 34, 41, NULL),
	(354, NULL, 1, '2020-04-05 16:57:45', 1, 1, 1, 27, 55, NULL),
	(355, NULL, 1, '2020-04-05 16:57:48', 1, 1, 1, 21, 65, NULL),
	(356, NULL, 1, '2020-04-05 16:57:52', 1, 1, 1, 16, 73, NULL),
	(357, NULL, 1, '2020-04-05 16:57:58', 1, 1, 1, 11, 80, NULL),
	(358, NULL, 1, '2020-04-05 16:58:03', 1, 1, 1, 6, 90, NULL),
	(359, NULL, 1, '2020-04-05 16:58:08', 1, 1, 1, 1, 98, NULL),
	(360, NULL, 1, '2020-04-05 16:58:12', 1, 1, 2, -2, 100, NULL),
	(361, NULL, 1, '2020-04-05 18:12:24', 1, 2, 1, 0, 0, NULL),
	(362, NULL, 1, '2020-04-05 18:12:32', 1, 2, 1, 295, 1, NULL),
	(363, NULL, 1, '2020-04-05 18:12:37', 1, 2, 1, 290, 3, NULL),
	(364, NULL, 1, '2020-04-05 18:12:43', 1, 2, 1, 285, 4, NULL),
	(365, NULL, 1, '2020-04-05 18:12:48', 1, 2, 1, 280, 6, NULL),
	(366, NULL, 1, '2020-04-05 18:12:52', 1, 2, 1, 275, 8, NULL),
	(367, NULL, 1, '2020-04-05 18:12:57', 1, 2, 1, 270, 10, NULL),
	(368, NULL, 1, '2020-04-05 18:13:03', 1, 2, 1, 265, 11, NULL),
	(369, NULL, 1, '2020-04-05 18:13:07', 1, 2, 1, 260, 13, NULL),
	(370, NULL, 1, '2020-04-05 18:13:12', 1, 2, 1, 255, 15, NULL),
	(371, NULL, 1, '2020-04-05 18:13:17', 1, 2, 1, 250, 16, NULL),
	(372, NULL, 1, '2020-04-05 18:13:23', 1, 2, 1, 245, 18, NULL),
	(373, NULL, 1, '2020-04-05 18:13:27', 1, 2, 1, 240, 20, NULL),
	(374, NULL, 1, '2020-04-05 18:13:32', 1, 2, 1, 235, 21, NULL),
	(375, NULL, 1, '2020-04-05 18:13:40', 1, 2, 1, 230, 23, NULL),
	(376, NULL, 1, '2020-04-05 18:16:02', 1, 2, 1, 172, 42, NULL),
	(377, NULL, 1, '2020-04-06 12:56:02', 1, 2, 1, 167, 44, NULL),
	(378, NULL, 1, '2020-04-06 12:56:07', 1, 2, 1, 162, 46, NULL),
	(379, NULL, 1, '2020-04-06 12:56:16', 1, 2, 1, 157, 47, NULL),
	(380, NULL, 1, '2020-04-06 12:56:20', 1, 2, 1, 151, 49, NULL),
	(381, NULL, 1, '2020-04-06 12:56:24', 1, 2, 1, 146, 51, NULL),
	(382, NULL, 1, '2020-04-06 12:56:29', 1, 2, 1, 141, 53, NULL),
	(383, NULL, 1, '2020-04-06 12:56:41', 1, 2, 1, 136, 54, NULL),
	(384, NULL, 1, '2020-04-06 12:56:52', 1, 2, 1, 126, 58, NULL),
	(385, NULL, 1, '2020-04-06 12:56:58', 1, 2, 1, 114, 62, NULL),
	(386, NULL, 1, '2020-04-06 12:57:01', 1, 2, 1, 109, 63, NULL),
	(387, NULL, 1, '2020-04-06 12:57:07', 1, 2, 1, 104, 65, NULL),
	(388, NULL, 1, '2020-04-06 12:57:15', 1, 2, 1, 99, 66, NULL),
	(389, NULL, 1, '2020-04-06 12:57:23', 1, 2, 1, 92, 69, NULL),
	(390, NULL, 1, '2020-04-06 12:57:27', 1, 2, 1, 84, 72, NULL),
	(391, NULL, 1, '2020-04-06 12:57:51', 1, 2, 1, 62, 79, NULL),
	(392, NULL, 1, '2020-04-06 12:58:02', 1, 2, 1, 56, 81, NULL),
	(393, NULL, 1, '2020-04-06 12:58:16', 1, 2, 1, 45, 85, NULL),
	(394, NULL, 1, '2020-04-06 12:58:19', 1, 2, 1, 31, 89, NULL),
	(395, NULL, 1, '2020-04-06 12:58:34', 1, 2, 1, 26, 91, NULL),
	(396, NULL, 1, '2020-04-06 12:58:46', 1, 2, 1, 18, 94, NULL),
	(397, NULL, 1, '2020-04-06 12:58:49', 1, 2, 1, 1, 99, NULL),
	(398, NULL, 1, '2020-04-06 12:58:56', 1, 2, 2, -2, 100, NULL),
	(399, NULL, 1, '2020-04-06 17:10:18', 1, 1, 1, 0, 0, NULL),
	(400, NULL, 1, '2020-04-06 17:10:30', 1, 1, 1, 55, 6, NULL),
	(401, NULL, 1, '2020-04-06 17:10:47', 1, 1, 1, 47, 21, NULL),
	(402, NULL, 1, '2020-04-06 17:10:48', 1, 1, 1, 36, 40, NULL),
	(403, NULL, 1, '2020-04-06 17:11:02', 1, 1, 1, 18, 70, NULL),
	(404, NULL, 1, '2020-04-06 17:11:06', 1, 1, 1, 29, 51, NULL),
	(405, NULL, 1, '2020-04-06 17:11:10', 1, 1, 1, 13, 78, NULL),
	(406, NULL, 1, '2020-04-06 17:11:18', 1, 1, 1, 7, 88, NULL),
	(407, NULL, 1, '2020-04-06 17:11:25', 1, 1, 2, -1, 100, NULL),
	(408, NULL, 1, '2020-04-06 17:11:51', 1, 1, 1, -1, 0, NULL),
	(409, NULL, 1, '2020-04-06 17:11:58', 1, 1, 1, 55, 6, NULL),
	(410, NULL, 1, '2020-04-06 17:12:03', 1, 1, 1, 50, 16, NULL),
	(411, NULL, 1, '2020-04-06 17:12:04', 1, 1, 3, 50, 100, NULL),
	(412, NULL, 1, '2020-04-06 17:12:11', 1, 1, 1, 50, 0, NULL),
	(413, NULL, 1, '2020-04-06 17:12:22', 1, 1, 1, 55, 6, NULL),
	(414, NULL, 1, '2020-04-06 17:14:47', 1, 1, 1, 50, 15, NULL),
	(415, NULL, 1, '2020-04-06 17:14:48', 1, 1, 3, 50, 100, NULL),
	(416, NULL, 1, '2020-04-09 00:30:31', 1, 1, 1, 0, 0, NULL),
	(417, NULL, 1, '2020-04-09 00:30:39', 1, 1, 1, 55, 6, NULL),
	(418, NULL, 1, '2020-04-09 00:30:45', 1, 1, 1, 50, 15, NULL),
	(419, NULL, 1, '2020-04-09 00:30:46', 1, 1, 3, 50, 100, NULL),
	(420, NULL, 1, '2020-04-09 00:31:19', 1, 1, 1, 50, 0, NULL),
	(421, NULL, 1, '2020-04-09 00:31:27', 1, 1, 1, 55, 6, NULL),
	(422, NULL, 1, '2020-04-09 00:31:28', 1, 1, 3, 55, 100, NULL),
	(423, NULL, 1, '2020-04-09 00:32:24', 1, 1, 1, 55, 6, NULL),
	(424, NULL, 1, '2020-04-09 00:32:26', 1, 1, 1, 55, 0, NULL),
	(425, NULL, 1, '2020-04-09 00:32:29', 1, 1, 1, 44, 26, NULL),
	(426, NULL, 1, '2020-04-09 00:32:32', 1, 1, 1, 39, 35, NULL),
	(427, NULL, 1, '2020-04-09 00:39:27', 1, 1, 1, 34, 41, NULL),
	(428, NULL, 1, '2020-04-09 00:39:29', 1, 1, 1, 28, 53, NULL),
	(429, NULL, 1, '2020-04-09 00:39:36', 1, 1, 1, 23, 61, NULL),
	(430, NULL, 1, '2020-04-09 00:39:39', 1, 1, 1, 18, 68, NULL),
	(431, NULL, 1, '2020-04-09 00:39:44', 1, 1, 1, 13, 78, NULL),
	(432, NULL, 1, '2020-04-09 00:39:50', 1, 1, 1, 8, 85, NULL),
	(433, NULL, 1, '2020-04-09 00:39:58', 1, 1, 1, 3, 95, NULL),
	(434, NULL, 1, '2020-04-09 00:40:02', 1, 1, 2, -3, 100, NULL),
	(435, NULL, 1, '2020-04-09 00:47:10', 1, 1, 1, 20, 65, NULL),
	(436, NULL, 1, '2020-04-09 00:47:15', 1, 1, 1, 15, 75, NULL),
	(437, NULL, 1, '2020-04-09 00:47:20', 1, 1, 1, 10, 83, NULL),
	(438, NULL, 1, '2020-04-09 00:47:25', 1, 1, 1, 5, 91, NULL),
	(439, NULL, 1, '2020-04-09 00:47:31', 1, 1, 2, 0, 100, NULL),
	(440, NULL, 1, '2020-04-09 11:10:15', 1, 1, 1, 0, 0, NULL),
	(441, NULL, 1, '2020-04-09 11:10:23', 1, 1, 1, 55, 6, NULL),
	(442, NULL, 1, '2020-04-09 11:10:28', 1, 1, 1, 50, 16, NULL),
	(443, NULL, 1, '2020-04-09 11:10:33', 1, 1, 1, 45, 23, NULL),
	(444, NULL, 1, '2020-04-09 11:10:38', 1, 1, 1, 40, 33, NULL),
	(445, NULL, 1, '2020-04-09 11:10:43', 1, 1, 1, 35, 41, NULL),
	(446, NULL, 1, '2020-04-09 11:11:55', 1, 1, 1, 30, 48, NULL),
	(447, NULL, 1, '2020-04-09 11:11:58', 1, 1, 1, 18, 70, NULL),
	(448, NULL, 1, '2020-04-09 11:12:23', 1, 1, 2, -3, 100, NULL),
	(449, NULL, 1, '2020-04-09 11:14:10', 1, 1, 1, 0, 0, NULL),
	(450, NULL, 1, '2020-04-09 11:14:27', 1, 1, 1, 55, 6, NULL),
	(451, NULL, 1, '2020-04-09 11:14:38', 1, 1, 1, 43, 28, NULL),
	(452, NULL, 1, '2020-04-09 11:15:22', 1, 1, 1, 4, 93, NULL),
	(453, NULL, 1, '2020-04-09 11:15:30', 1, 1, 2, -13, 100, NULL),
	(454, NULL, 1, '2020-04-09 11:28:27', 1, 1, 1, 0, 0, NULL),
	(455, NULL, 1, '2020-04-09 11:28:35', 1, 1, 1, 55, 6, NULL),
	(456, NULL, 1, '2020-04-09 11:28:40', 1, 1, 1, 50, 16, NULL),
	(457, NULL, 1, '2020-04-09 11:28:45', 1, 1, 1, 45, 25, NULL),
	(458, NULL, 1, '2020-04-09 11:28:50', 1, 1, 1, 40, 33, NULL),
	(459, NULL, 1, '2020-04-09 11:28:55', 1, 1, 1, 35, 41, NULL),
	(460, NULL, 1, '2020-04-09 11:29:00', 1, 1, 1, 30, 48, NULL),
	(461, NULL, 1, '2020-04-09 11:29:05', 1, 1, 1, 25, 58, NULL),
	(462, NULL, 1, '2020-04-09 11:29:10', 1, 1, 1, 20, 66, NULL),
	(463, NULL, 1, '2020-04-09 11:29:15', 1, 1, 1, 15, 75, NULL),
	(464, NULL, 1, '2020-04-09 11:29:20', 1, 1, 1, 10, 83, NULL),
	(465, NULL, 1, '2020-04-09 11:29:25', 1, 1, 1, 5, 91, NULL),
	(466, NULL, 1, '2020-04-09 11:29:31', 1, 1, 2, 0, 100, NULL),
	(467, NULL, 1, '2020-04-09 11:33:58', 2, 1, 1, 0, 0, NULL),
	(468, NULL, 1, '2020-04-09 11:34:06', 2, 1, 1, 55, 6, NULL),
	(469, NULL, 1, '2020-04-09 11:34:11', 2, 1, 1, 50, 16, NULL),
	(470, NULL, 1, '2020-04-09 11:34:16', 2, 1, 1, 45, 25, NULL),
	(471, NULL, 1, '2020-04-09 11:34:20', 2, 1, 1, 40, 33, NULL),
	(472, NULL, 1, '2020-04-09 11:34:26', 2, 1, 1, 35, 40, NULL),
	(473, NULL, 1, '2020-04-09 11:34:31', 2, 1, 1, 30, 50, NULL),
	(474, NULL, 1, '2020-04-09 11:34:36', 2, 1, 1, 25, 58, NULL),
	(475, NULL, 1, '2020-04-09 11:34:41', 2, 1, 1, 20, 66, NULL),
	(476, NULL, 1, '2020-04-09 11:34:46', 2, 1, 1, 15, 75, NULL),
	(477, NULL, 1, '2020-04-09 11:34:52', 2, 1, 1, 10, 83, NULL),
	(478, NULL, 1, '2020-04-09 11:34:56', 2, 1, 1, 5, 90, NULL),
	(479, NULL, 1, '2020-04-09 11:35:02', 2, 1, 2, 0, 100, NULL),
	(480, NULL, 1, '2020-04-09 11:35:19', 4, 1, 1, 0, 0, NULL),
	(481, NULL, 1, '2020-04-09 11:35:26', 4, 1, 1, 7889245, 0, NULL),
	(482, NULL, 1, '2020-04-09 11:35:31', 4, 1, 1, 7889240, 0, NULL),
	(483, NULL, 1, '2020-04-09 11:35:36', 4, 1, 1, 7889235, 0, NULL),
	(484, NULL, 1, '2020-04-09 11:35:37', 4, 1, 3, 7889235, 100, NULL),
	(485, NULL, 1, '2020-04-09 11:53:15', 1, 1, 1, 0, 0, NULL),
	(486, NULL, 1, '2020-04-09 11:53:23', 1, 1, 1, 55, 6, NULL),
	(487, NULL, 1, '2020-04-09 11:53:24', 1, 1, 3, 55, 100, NULL),
	(488, NULL, 1, '2020-05-08 00:12:41', 1, 1, 1, 0, 0, NULL),
	(489, NULL, 1, '2020-05-08 00:12:49', 1, 1, 1, 55, 6, NULL),
	(490, NULL, 1, '2020-05-08 00:12:54', 1, 1, 1, 50, 16, NULL),
	(491, NULL, 1, '2020-05-08 00:12:59', 1, 1, 1, 45, 25, NULL),
	(492, NULL, 1, '2020-05-08 00:13:06', 1, 1, 1, 40, 33, NULL),
	(493, NULL, 1, '2020-05-08 00:13:09', 1, 1, 1, 35, 41, NULL),
	(494, NULL, 1, '2020-05-08 00:13:17', 1, 1, 1, 30, 50, NULL),
	(495, NULL, 1, '2020-05-08 00:13:20', 1, 1, 1, 24, 60, NULL),
	(496, NULL, 1, '2020-05-08 00:13:34', 1, 1, 1, 19, 66, NULL),
	(497, NULL, 1, '2020-05-08 00:13:37', 1, 1, 1, 7, 88, NULL),
	(498, NULL, 1, '2020-05-08 00:13:42', 1, 1, 1, 2, 96, NULL),
	(499, NULL, 1, '2020-05-08 00:13:46', 1, 1, 2, -1, 100, NULL),
	(500, NULL, 1, '2020-06-05 10:06:05', 1, 1, 1, 0, 0, NULL),
	(501, NULL, 1, '2020-06-05 10:06:13', 1, 1, 1, 55, 6, NULL),
	(502, NULL, 1, '2020-06-05 10:06:19', 1, 1, 1, 50, 15, NULL),
	(503, NULL, 1, '2020-06-05 10:06:24', 1, 1, 1, 45, 25, NULL),
	(504, NULL, 1, '2020-06-05 10:06:29', 1, 1, 1, 40, 33, NULL),
	(505, NULL, 1, '2020-06-05 10:06:34', 1, 1, 1, 35, 41, NULL),
	(506, NULL, 1, '2020-06-05 10:06:39', 1, 1, 1, 30, 50, NULL),
	(507, NULL, 1, '2020-06-05 10:06:44', 1, 1, 1, 25, 58, NULL),
	(508, NULL, 1, '2020-06-05 10:06:50', 1, 1, 1, 20, 66, NULL),
	(509, NULL, 1, '2020-06-05 10:06:54', 1, 1, 1, 15, 73, NULL),
	(510, NULL, 1, '2020-06-05 10:06:59', 1, 1, 1, 10, 83, NULL),
	(511, NULL, 1, '2020-06-05 10:07:04', 1, 1, 1, 5, 91, NULL),
	(512, NULL, 1, '2020-06-05 10:07:10', 1, 1, 2, 0, 100, NULL),
	(513, NULL, 1, '2020-06-09 12:20:45', 1, 1, 1, 0, 0, NULL),
	(514, NULL, 1, '2020-06-09 12:20:53', 1, 1, 1, 55, 6, NULL),
	(515, NULL, 1, '2020-06-09 12:20:59', 1, 1, 1, 50, 16, NULL),
	(516, NULL, 1, '2020-06-09 12:21:10', 1, 1, 1, 45, 23, NULL),
	(517, NULL, 1, '2020-06-09 12:21:12', 1, 1, 1, 35, 41, NULL),
	(518, NULL, 1, '2020-06-09 12:21:20', 1, 1, 1, 29, 51, NULL),
	(519, NULL, 1, '2020-06-09 12:21:24', 1, 1, 1, 24, 58, NULL),
	(520, NULL, 1, '2020-06-09 12:21:34', 1, 1, 1, 19, 68, NULL),
	(521, NULL, 1, '2020-06-09 12:21:41', 1, 1, 1, 11, 81, NULL),
	(522, NULL, 1, '2020-06-09 12:21:53', 1, 1, 1, 4, 93, NULL),
	(523, NULL, 1, '2020-06-09 12:21:57', 1, 1, 2, -8, 100, NULL),
	(524, NULL, 1, '2020-07-10 13:39:36', 1, 1, 1, 0, 0, NULL),
	(525, NULL, 1, '2020-07-10 13:39:44', 1, 1, 1, 55, 6, NULL),
	(526, NULL, 1, '2020-07-10 13:39:49', 1, 1, 1, 50, 16, NULL),
	(527, NULL, 1, '2020-07-10 13:39:55', 1, 1, 1, 45, 23, NULL),
	(528, NULL, 1, '2020-07-10 13:39:59', 1, 1, 1, 40, 33, NULL),
	(529, NULL, 1, '2020-07-10 13:40:04', 1, 1, 1, 35, 41, NULL),
	(530, NULL, 1, '2020-07-10 13:40:09', 1, 1, 1, 30, 50, NULL),
	(531, NULL, 1, '2020-07-10 13:40:14', 1, 1, 1, 25, 58, NULL),
	(532, NULL, 1, '2020-07-10 13:40:19', 1, 1, 1, 20, 66, NULL),
	(533, NULL, 1, '2020-07-10 13:40:25', 1, 1, 1, 15, 73, NULL),
	(534, NULL, 1, '2020-07-10 13:40:30', 1, 1, 1, 10, 83, NULL),
	(535, NULL, 1, '2020-07-10 13:40:34', 1, 1, 1, 5, 91, NULL),
	(536, NULL, 1, '2020-07-10 13:40:41', 1, 1, 2, 0, 100, NULL),
	(537, NULL, 1, '2020-07-10 13:41:33', 1, 2, 1, 0, 0, NULL),
	(538, NULL, 1, '2020-07-10 13:41:41', 1, 2, 1, 295, 1, NULL),
	(539, NULL, 1, '2020-07-10 13:41:46', 1, 2, 1, 290, 3, NULL),
	(540, NULL, 1, '2020-07-10 13:41:51', 1, 2, 1, 285, 5, NULL),
	(541, NULL, 1, '2020-07-10 13:41:56', 1, 2, 1, 280, 6, NULL),
	(542, NULL, 1, '2020-07-10 13:42:01', 1, 2, 1, 275, 8, NULL),
	(543, NULL, 1, '2020-07-10 13:42:07', 1, 2, 1, 270, 9, NULL),
	(544, NULL, 1, '2020-07-10 13:42:11', 1, 2, 1, 265, 11, NULL),
	(545, NULL, 1, '2020-07-10 13:42:16', 1, 2, 1, 260, 13, NULL),
	(546, NULL, 1, '2020-07-10 13:42:21', 1, 2, 1, 255, 15, NULL),
	(547, NULL, 1, '2020-07-10 13:42:26', 1, 2, 1, 250, 16, NULL),
	(548, NULL, 1, '2020-07-10 13:42:31', 1, 2, 1, 245, 18, NULL),
	(549, NULL, 1, '2020-07-10 13:42:36', 1, 2, 1, 240, 20, NULL),
	(550, NULL, 1, '2020-07-10 13:42:42', 1, 2, 1, 235, 21, NULL),
	(551, NULL, 1, '2020-07-10 13:42:46', 1, 2, 1, 230, 23, NULL),
	(552, NULL, 1, '2020-07-10 13:42:51', 1, 2, 1, 225, 25, NULL),
	(553, NULL, 1, '2020-07-10 13:42:56', 1, 2, 1, 220, 26, NULL),
	(554, NULL, 1, '2020-07-10 13:43:01', 1, 2, 1, 215, 28, NULL),
	(555, NULL, 1, '2020-07-10 13:43:06', 1, 2, 1, 210, 30, NULL),
	(556, NULL, 1, '2020-07-10 13:43:11', 1, 2, 1, 205, 31, NULL),
	(557, NULL, 1, '2020-07-10 13:43:17', 1, 2, 1, 200, 33, NULL),
	(558, NULL, 1, '2020-07-10 13:43:21', 1, 2, 1, 195, 35, NULL),
	(559, NULL, 1, '2020-07-10 13:43:26', 1, 2, 1, 190, 36, NULL),
	(560, NULL, 1, '2020-07-10 13:43:31', 1, 2, 1, 185, 38, NULL),
	(561, NULL, 1, '2020-07-10 13:43:36', 1, 2, 1, 180, 40, NULL),
	(562, NULL, 1, '2020-07-10 13:43:41', 1, 2, 1, 175, 41, NULL),
	(563, NULL, 1, '2020-07-10 13:43:46', 1, 2, 1, 170, 43, NULL),
	(564, NULL, 1, '2020-07-10 13:43:52', 1, 2, 1, 165, 44, NULL),
	(565, NULL, 1, '2020-07-10 13:43:56', 1, 2, 1, 160, 46, NULL),
	(566, NULL, 1, '2020-07-10 13:44:01', 1, 2, 1, 155, 48, NULL),
	(567, NULL, 1, '2020-07-10 13:44:06', 1, 2, 1, 150, 50, NULL),
	(568, NULL, 1, '2020-07-10 13:44:11', 1, 2, 1, 145, 51, NULL),
	(569, NULL, 1, '2020-07-10 13:44:16', 1, 2, 1, 140, 53, NULL),
	(570, NULL, 1, '2020-07-10 13:44:21', 1, 2, 1, 135, 55, NULL),
	(571, NULL, 1, '2020-07-10 13:44:27', 1, 2, 1, 130, 56, NULL),
	(572, NULL, 1, '2020-07-10 13:44:31', 1, 2, 1, 125, 58, NULL),
	(573, NULL, 1, '2020-07-10 13:44:36', 1, 2, 1, 120, 60, NULL),
	(574, NULL, 1, '2020-07-10 13:44:41', 1, 2, 1, 115, 61, NULL),
	(575, NULL, 1, '2020-07-10 13:44:46', 1, 2, 1, 110, 63, NULL),
	(576, NULL, 1, '2020-07-10 13:44:51', 1, 2, 1, 105, 65, NULL),
	(577, NULL, 1, '2020-07-10 13:44:56', 1, 2, 1, 100, 66, NULL),
	(578, NULL, 1, '2020-07-10 13:45:02', 1, 2, 1, 95, 68, NULL),
	(579, NULL, 1, '2020-07-10 13:45:06', 1, 2, 1, 90, 70, NULL),
	(580, NULL, 1, '2020-07-10 13:45:11', 1, 2, 1, 85, 71, NULL),
	(581, NULL, 1, '2020-07-10 13:45:16', 1, 2, 1, 80, 73, NULL),
	(582, NULL, 1, '2020-07-10 13:45:21', 1, 2, 1, 75, 75, NULL),
	(583, NULL, 1, '2020-07-10 13:45:26', 1, 2, 1, 70, 76, NULL),
	(584, NULL, 1, '2020-07-10 13:45:31', 1, 2, 1, 65, 78, NULL),
	(585, NULL, 1, '2020-07-10 13:45:37', 1, 2, 1, 60, 79, NULL),
	(586, NULL, 1, '2020-07-10 13:45:41', 1, 2, 1, 55, 81, NULL),
	(587, NULL, 1, '2020-07-10 13:45:46', 1, 2, 1, 50, 83, NULL),
	(588, NULL, 1, '2020-07-10 13:45:51', 1, 2, 1, 45, 85, NULL),
	(589, NULL, 1, '2020-07-10 13:45:56', 1, 2, 1, 40, 86, NULL),
	(590, NULL, 1, '2020-07-10 13:46:01', 1, 2, 1, 35, 88, NULL),
	(591, NULL, 1, '2020-07-10 13:46:06', 1, 2, 1, 30, 90, NULL),
	(592, NULL, 1, '2020-07-10 13:46:12', 1, 2, 1, 25, 91, NULL),
	(593, NULL, 1, '2020-07-10 13:46:16', 1, 2, 1, 20, 93, NULL),
	(594, NULL, 1, '2020-07-10 13:46:21', 1, 2, 1, 15, 95, NULL),
	(595, NULL, 1, '2020-07-10 13:46:26', 1, 2, 1, 10, 96, NULL),
	(596, NULL, 1, '2020-07-10 13:46:31', 1, 2, 1, 5, 98, NULL),
	(597, NULL, 1, '2020-07-10 13:46:37', 1, 2, 2, 0, 100, NULL),
	(598, NULL, 1, '2020-07-10 14:19:55', 1, 1, 1, 0, 0, NULL),
	(599, NULL, 1, '2020-07-10 14:20:03', 1, 1, 1, 55, 6, NULL),
	(600, NULL, 1, '2020-07-10 14:20:07', 1, 1, 1, 50, 16, NULL),
	(601, NULL, 1, '2020-07-10 14:20:12', 1, 1, 1, 45, 25, NULL),
	(602, NULL, 1, '2020-07-10 14:20:17', 1, 1, 1, 40, 33, NULL),
	(603, NULL, 1, '2020-07-10 14:20:22', 1, 1, 1, 35, 41, NULL),
	(604, NULL, 1, '2020-07-10 14:20:27', 1, 1, 1, 30, 50, NULL),
	(605, NULL, 1, '2020-07-10 14:20:32', 1, 1, 1, 25, 58, NULL),
	(606, NULL, 1, '2020-07-10 14:20:38', 1, 1, 1, 20, 65, NULL),
	(607, NULL, 1, '2020-07-10 14:20:42', 1, 1, 1, 15, 75, NULL),
	(608, NULL, 1, '2020-07-10 14:20:47', 1, 1, 1, 10, 83, NULL),
	(609, NULL, 1, '2020-07-10 14:20:52', 1, 1, 1, 5, 91, NULL),
	(610, NULL, 1, '2020-07-10 14:20:58', 1, 1, 2, 0, 100, NULL),
	(611, NULL, 1, '2020-07-10 14:22:27', 1, 1, 1, 0, 0, NULL),
	(612, NULL, 1, '2020-07-10 14:22:35', 1, 1, 1, 55, 6, NULL),
	(613, NULL, 1, '2020-07-10 14:22:36', 1, 1, 3, 55, 100, NULL),
	(614, NULL, 1, '2020-07-10 17:38:07', 1, 1, 1, 0, 0, NULL),
	(615, NULL, 1, '2020-07-10 17:38:15', 1, 1, 1, 55, 6, NULL),
	(616, NULL, 1, '2020-07-10 17:38:20', 1, 1, 1, 50, 16, NULL),
	(617, NULL, 1, '2020-07-10 17:38:26', 1, 1, 1, 45, 23, NULL),
	(618, NULL, 1, '2020-07-10 17:38:31', 1, 1, 1, 40, 33, NULL),
	(619, NULL, 1, '2020-07-10 17:38:35', 1, 1, 1, 35, 41, NULL),
	(620, NULL, 1, '2020-07-10 17:38:40', 1, 1, 1, 30, 50, NULL),
	(621, NULL, 1, '2020-07-10 17:38:45', 1, 1, 1, 25, 58, NULL),
	(622, NULL, 1, '2020-07-10 17:38:50', 1, 1, 1, 20, 66, NULL),
	(623, NULL, 1, '2020-07-10 17:38:55', 1, 1, 1, 15, 75, NULL),
	(624, NULL, 1, '2020-07-10 17:39:01', 1, 1, 1, 10, 81, NULL),
	(625, NULL, 1, '2020-07-10 17:39:06', 1, 1, 1, 5, 91, NULL),
	(626, NULL, 1, '2020-07-10 17:39:12', 1, 1, 2, 0, 100, NULL),
	(627, NULL, 1, '2020-07-10 17:41:05', 1, 1, 1, 0, 0, NULL),
	(628, NULL, 1, '2020-07-10 17:41:13', 1, 1, 1, 55, 6, NULL),
	(629, NULL, 1, '2020-07-10 17:41:18', 1, 1, 1, 50, 16, NULL),
	(630, NULL, 1, '2020-07-10 17:41:24', 1, 1, 1, 45, 23, NULL),
	(631, NULL, 1, '2020-07-10 17:41:29', 1, 1, 1, 40, 33, NULL),
	(632, NULL, 1, '2020-07-10 17:41:33', 1, 1, 1, 35, 41, NULL),
	(633, NULL, 1, '2020-07-10 17:41:46', 1, 1, 1, 30, 48, NULL),
	(634, NULL, 1, '2020-07-10 17:41:51', 1, 1, 1, 25, 58, NULL),
	(635, NULL, 1, '2020-07-10 17:41:57', 1, 1, 1, 20, 65, NULL),
	(636, NULL, 1, '2020-07-10 17:42:02', 1, 1, 1, 15, 75, NULL),
	(637, NULL, 1, '2020-07-10 17:42:06', 1, 1, 1, 10, 83, NULL),
	(638, NULL, 1, '2020-07-10 17:42:11', 1, 1, 1, 5, 91, NULL),
	(639, NULL, 1, '2020-07-10 17:42:17', 1, 1, 2, 0, 100, NULL),
	(640, NULL, 1, '2020-07-10 17:43:06', 1, 1, 1, 0, 0, NULL),
	(641, NULL, 1, '2020-07-10 17:44:05', 1, 1, 2, 0, 100, NULL),
	(642, NULL, 1, '2020-07-10 17:44:40', 1, 1, 1, 0, 0, NULL),
	(643, NULL, 1, '2020-07-10 17:44:48', 1, 1, 1, 55, 6, NULL),
	(644, NULL, 1, '2020-07-10 17:44:53', 1, 1, 1, 50, 16, NULL),
	(645, NULL, 1, '2020-07-10 17:46:10', 1, 1, 1, 45, 23, NULL),
	(646, NULL, 1, '2020-07-10 17:46:15', 1, 1, 1, 40, 33, NULL),
	(647, NULL, 1, '2020-07-10 17:46:20', 1, 1, 1, 35, 41, NULL),
	(648, NULL, 1, '2020-07-10 17:46:25', 1, 1, 1, 30, 50, NULL),
	(649, NULL, 1, '2020-07-10 17:46:30', 1, 1, 1, 25, 58, NULL),
	(650, NULL, 1, '2020-07-10 17:46:31', 1, 1, 3, 25, 58, NULL),
	(651, NULL, 1, '2020-08-20 21:58:05', 3, 0, 1, 0, 0, NULL),
	(652, NULL, 1, '2020-08-20 21:58:46', 3, 0, 1, 0, 0, NULL),
	(653, NULL, 1, '2020-08-20 21:58:58', 3, 0, 3, 230, 100, NULL),
	(654, NULL, 1, '2020-08-20 21:59:03', 1, 1, 1, 230, 0, NULL),
	(655, NULL, 1, '2020-08-20 21:59:11', 1, 1, 1, 55, 6, NULL),
	(656, NULL, 1, '2020-08-20 21:59:16', 1, 1, 1, 50, 16, NULL),
	(657, NULL, 1, '2020-08-20 21:59:21', 1, 1, 1, 45, 25, NULL),
	(658, NULL, 1, '2020-08-20 21:59:27', 1, 1, 1, 40, 31, NULL),
	(659, NULL, 1, '2020-08-20 21:59:32', 1, 1, 1, 0, 0, NULL),
	(660, NULL, 1, '2020-08-20 21:59:40', 1, 1, 1, 35, 40, NULL),
	(661, NULL, 1, '2020-08-20 21:59:45', 1, 1, 1, 30, 50, NULL),
	(662, NULL, 1, '2020-08-20 21:59:50', 1, 1, 1, 25, 58, NULL),
	(663, NULL, 1, '2020-08-20 21:59:56', 1, 1, 1, 20, 65, NULL),
	(664, NULL, 1, '2020-08-20 22:00:05', 1, 1, 1, 0, 0, NULL),
	(665, NULL, 1, '2020-08-20 22:00:13', 1, 1, 1, 15, 73, NULL),
	(666, NULL, 1, '2020-08-20 22:00:18', 1, 1, 1, 10, 83, NULL),
	(667, NULL, 1, '2020-08-20 22:00:23', 1, 1, 1, 5, 91, NULL),
	(668, NULL, 1, '2020-08-20 22:00:30', 1, 1, 2, 0, 100, NULL),
	(669, NULL, 1, '2020-08-20 22:02:34', 1, 1, 1, 0, 0, NULL),
	(670, NULL, 1, '2020-08-20 22:02:42', 1, 1, 1, 55, 6, NULL),
	(671, NULL, 1, '2020-08-20 22:02:47', 1, 1, 1, 50, 16, NULL),
	(672, NULL, 1, '2020-08-20 22:02:53', 1, 1, 1, 0, 0, NULL),
	(673, NULL, 1, '2020-08-20 22:03:00', 1, 1, 1, 45, 23, NULL),
	(674, NULL, 1, '2020-08-20 22:03:05', 1, 1, 1, 40, 33, NULL),
	(675, NULL, 1, '2020-08-20 22:03:10', 1, 1, 1, 35, 41, NULL),
	(676, NULL, 1, '2020-08-20 22:03:15', 1, 1, 1, 30, 50, NULL),
	(677, NULL, 1, '2020-08-20 22:03:20', 1, 1, 1, 25, 58, NULL),
	(678, NULL, 1, '2020-08-20 22:03:26', 1, 1, 1, 20, 65, NULL),
	(679, NULL, 1, '2020-08-20 22:03:31', 1, 1, 1, 15, 75, NULL),
	(680, NULL, 1, '2020-08-20 22:03:35', 1, 1, 1, 10, 83, NULL),
	(681, NULL, 1, '2020-08-20 22:03:40', 1, 1, 1, 5, 91, NULL),
	(682, NULL, 1, '2020-08-20 22:03:46', 1, 1, 2, 0, 100, NULL),
	(683, NULL, 1, '2020-08-20 22:09:09', 1, 1, 1, 0, 0, NULL),
	(684, NULL, 1, '2020-08-20 22:09:17', 1, 1, 1, 55, 6, NULL),
	(685, NULL, 1, '2020-08-20 22:09:18', 1, 1, 3, 55, 100, NULL),
	(686, NULL, 1, '2020-08-21 23:47:25', 1, 1, 1, 0, 0, NULL),
	(687, NULL, 1, '2020-08-21 23:47:29', 1, 1, 2, 0, 100, NULL),
	(688, NULL, 1, '2020-08-21 23:48:09', 1, 1, 1, 0, 0, NULL),
	(689, NULL, 1, '2020-08-21 23:48:13', 1, 1, 2, 0, 100, NULL),
	(690, NULL, 1, '2020-08-21 23:50:23', 1, 1, 1, 0, 0, NULL),
	(691, NULL, 1, '2020-08-21 23:50:27', 1, 1, 2, 0, 100, NULL),
	(692, NULL, 1, '2020-08-21 23:54:48', 1, 1, 1, 0, 0, NULL),
	(693, NULL, 1, '2020-08-21 23:54:56', 1, 1, 1, 175, 2, NULL),
	(694, NULL, 1, '2020-08-21 23:55:01', 1, 1, 1, 170, 5, NULL),
	(695, NULL, 1, '2020-08-21 23:55:02', 1, 1, 3, 170, 100, NULL),
	(696, NULL, 1, '2020-08-22 00:06:20', 1, 1, 1, 0, 0, NULL),
	(697, NULL, 1, '2020-08-22 00:06:28', 1, 1, 1, 55, 6, NULL),
	(698, NULL, 1, '2020-08-22 00:06:29', 1, 1, 3, 55, 100, NULL),
	(699, NULL, 1, '2020-08-22 00:10:59', 1, 1, 1, 0, 0, NULL),
	(700, NULL, 1, '2020-08-22 00:11:06', 1, 1, 1, 55, 6, NULL),
	(701, NULL, 1, '2020-08-22 00:11:11', 1, 1, 1, 50, 16, NULL),
	(702, NULL, 1, '2020-08-22 00:11:12', 1, 1, 3, 50, 100, NULL),
	(703, NULL, 1, '2020-08-22 00:11:37', 2, 1, 1, 50, 0, NULL),
	(704, NULL, 1, '2020-08-22 00:11:45', 2, 1, 1, 55, 6, NULL),
	(705, NULL, 1, '2020-08-22 00:11:46', 2, 1, 3, 55, 100, NULL),
	(706, NULL, 1, '2020-08-22 00:12:11', 4, 1, 1, 55, 0, NULL),
	(707, NULL, 1, '2020-08-22 00:12:18', 4, 1, 1, 7889245, 0, NULL),
	(708, NULL, 1, '2020-08-22 00:12:22', 4, 1, 1, 7889240, 0, NULL),
	(709, NULL, 1, '2020-08-22 00:12:27', 4, 1, 1, 7889235, 0, NULL),
	(710, NULL, 1, '2020-08-22 00:12:33', 4, 1, 1, 7889230, 0, NULL),
	(711, NULL, 1, '2020-08-22 00:12:38', 4, 1, 1, 7889225, 0, NULL),
	(712, NULL, 1, '2020-08-22 00:12:39', 4, 1, 3, 7889225, 100, NULL),
	(713, NULL, 1, '2020-08-22 00:20:14', 1, 1, 1, 7889225, 0, NULL),
	(714, NULL, 1, '2020-08-22 00:20:22', 1, 1, 1, 55, 6, NULL),
	(715, NULL, 1, '2020-08-22 00:20:27', 1, 1, 1, 50, 16, NULL),
	(716, NULL, 1, '2020-08-22 00:20:33', 1, 1, 1, 45, 23, NULL),
	(717, NULL, 1, '2020-08-22 00:20:38', 1, 1, 1, 40, 33, NULL),
	(718, NULL, 1, '2020-08-22 00:20:42', 1, 1, 1, 35, 41, NULL),
	(719, NULL, 1, '2020-08-22 00:20:47', 1, 1, 1, 30, 50, NULL),
	(720, NULL, 1, '2020-08-22 00:20:52', 1, 1, 1, 25, 58, NULL),
	(721, NULL, 1, '2020-08-22 00:20:57', 1, 1, 1, 20, 66, NULL),
	(722, NULL, 1, '2020-08-22 00:21:03', 1, 1, 1, 15, 73, NULL),
	(723, NULL, 1, '2020-08-22 00:21:08', 1, 1, 1, 10, 83, NULL),
	(724, NULL, 1, '2020-08-22 00:21:13', 1, 1, 1, 5, 91, NULL),
	(725, NULL, 1, '2020-08-22 00:21:19', 1, 1, 2, 0, 100, NULL),
	(726, NULL, 1, '2020-10-08 23:08:51', 1, 1, 1, 0, 0, NULL),
	(727, NULL, 1, '2020-10-08 23:08:57', 1, 1, 1, 55, 6, NULL),
	(728, NULL, 1, '2020-10-08 23:09:03', 1, 1, 1, 50, 16, NULL),
	(729, NULL, 1, '2020-10-08 23:09:08', 1, 1, 1, 45, 23, NULL),
	(730, NULL, 1, '2020-10-08 23:09:13', 1, 1, 1, 40, 33, NULL),
	(731, NULL, 1, '2020-10-08 23:09:17', 1, 1, 1, 35, 40, NULL),
	(732, NULL, 1, '2020-10-08 23:09:23', 1, 1, 1, 30, 50, NULL),
	(733, NULL, 1, '2020-10-08 23:09:28', 1, 1, 1, 25, 56, NULL),
	(734, NULL, 1, '2020-10-08 23:09:32', 1, 1, 1, 20, 65, NULL),
	(735, NULL, 1, '2020-10-08 23:09:38', 1, 1, 1, 15, 75, NULL),
	(736, NULL, 1, '2020-10-08 23:09:43', 1, 1, 1, 10, 81, NULL),
	(737, NULL, 1, '2020-10-08 23:09:48', 1, 1, 1, 5, 90, NULL),
	(738, NULL, 1, '2020-10-08 23:09:52', 1, 1, 2, 0, 100, NULL),
	(739, 2, 1, '2020-10-08 23:50:35', 1, 1, 1, 0, 0, NULL),
	(740, 2, 1, '2020-10-08 23:50:41', 1, 1, 1, 55, 6, NULL),
	(741, 2, 1, '2020-10-08 23:50:47', 1, 1, 1, 50, 16, NULL),
	(742, 2, 1, '2020-10-08 23:50:47', 1, 1, 3, 50, 100, NULL),
	(743, 2, 1, '2020-10-08 23:50:53', 2, 1, 1, 50, 0, NULL),
	(744, 2, 1, '2020-10-08 23:50:59', 2, 1, 1, 55, 6, NULL),
	(745, 2, 1, '2020-10-08 23:51:04', 2, 1, 1, 50, 16, NULL),
	(746, 2, 1, '2020-10-08 23:51:08', 2, 1, 1, 45, 23, NULL),
	(747, 2, 1, '2020-10-08 23:51:14', 2, 1, 1, 40, 33, NULL),
	(748, 2, 1, '2020-10-08 23:51:19', 2, 1, 1, 35, 40, NULL),
	(749, 2, 1, '2020-10-08 23:51:24', 2, 1, 1, 30, 50, NULL),
	(750, 2, 1, '2020-10-08 23:53:07', 2, 1, 1, 25, 56, NULL),
	(751, 2, 1, '2020-10-08 23:53:12', 2, 1, 1, 20, 66, NULL),
	(752, 2, 1, '2020-10-08 23:53:17', 2, 1, 1, 15, 73, NULL),
	(753, 2, 1, '2020-10-08 23:53:21', 2, 1, 1, 10, 81, NULL),
	(754, 2, 1, '2020-10-08 23:53:27', 2, 1, 1, 5, 91, NULL),
	(755, 2, 1, '2020-10-08 23:53:31', 2, 1, 2, 0, 100, NULL),
	(756, 2, 1, '2020-10-15 15:19:46', 1, 1, 1, 0, 0, NULL),
	(757, 2, 1, '2020-10-15 15:19:52', 1, 1, 1, 55, 6, NULL),
	(758, 2, 1, '2020-10-15 15:19:57', 1, 1, 1, 50, 16, NULL),
	(759, 2, 1, '2020-10-15 15:20:02', 1, 1, 1, 45, 23, NULL),
	(760, 2, 1, '2020-10-15 15:20:06', 1, 1, 1, 40, 31, NULL),
	(761, 2, 1, '2020-10-15 15:20:12', 1, 1, 1, 35, 41, NULL),
	(762, 2, 1, '2020-10-15 15:20:17', 1, 1, 1, 30, 48, NULL),
	(763, 2, 1, '2020-10-15 15:20:22', 1, 1, 1, 25, 58, NULL),
	(764, 2, 1, '2020-10-15 15:20:28', 1, 1, 1, 19, 68, NULL),
	(765, 2, 1, '2020-10-15 15:20:33', 1, 1, 1, 14, 75, NULL),
	(766, 2, 1, '2020-10-15 15:20:38', 1, 1, 1, 9, 85, NULL),
	(767, 2, 1, '2020-10-15 15:20:43', 1, 1, 1, 4, 91, NULL),
	(768, 2, 1, '2020-10-15 15:20:45', 1, 1, 2, 0, 100, NULL),
	(769, 2, 1, '2020-10-15 18:20:29', 1, 1, 1, 0, 0, NULL),
	(770, 2, 1, '2020-10-15 18:20:36', 1, 1, 1, 55, 6, NULL),
	(771, 2, 1, '2020-10-15 18:20:40', 1, 1, 1, 50, 15, NULL),
	(772, 2, 1, '2020-10-15 18:20:45', 1, 1, 1, 45, 25, NULL),
	(773, 2, 1, '2020-10-15 18:21:10', 1, 1, 1, 40, 31, NULL),
	(774, 2, 1, '2020-10-15 18:21:16', 1, 1, 1, 35, 41, NULL),
	(775, 2, 1, '2020-10-15 18:21:20', 1, 1, 1, 30, 48, NULL),
	(776, 2, 1, '2020-10-15 18:21:20', 1, 1, 3, 30, 100, NULL),
	(777, 2, 1, '2020-10-15 18:23:29', 1, 1, 1, 30, 0, NULL),
	(778, 2, 1, '2020-10-15 18:23:36', 1, 1, 1, 55, 6, NULL),
	(779, 2, 1, '2020-10-15 18:23:41', 1, 1, 1, 50, 16, NULL),
	(780, 2, 1, '2020-10-15 18:23:47', 1, 1, 1, 45, 23, NULL),
	(781, 2, 1, '2020-10-15 18:23:51', 1, 1, 1, 40, 31, NULL),
	(782, 2, 1, '2020-10-15 18:23:57', 1, 1, 1, 35, 41, NULL),
	(783, 2, 1, '2020-10-15 18:24:01', 1, 1, 1, 30, 48, NULL),
	(784, 2, 1, '2020-10-15 18:24:06', 1, 1, 1, 25, 58, NULL),
	(785, 2, 1, '2020-10-15 18:24:11', 1, 1, 1, 20, 65, NULL),
	(786, 2, 1, '2020-10-15 18:24:16', 1, 1, 1, 15, 75, NULL),
	(787, 2, 1, '2020-10-15 18:24:21', 1, 1, 1, 10, 81, NULL),
	(788, 2, 1, '2020-10-15 18:24:26', 1, 1, 1, 5, 91, NULL),
	(789, 2, 1, '2020-10-15 18:24:30', 1, 1, 2, 0, 100, NULL),
	(790, 2, 1, '2020-10-22 12:10:16', 1, 1, 1, 0, 0, NULL),
	(791, 2, 1, '2020-10-22 12:10:22', 1, 1, 1, 55, 6, NULL),
	(792, 2, 1, '2020-10-22 12:10:40', 1, 1, 1, 50, 15, NULL),
	(793, 2, 1, '2020-10-22 12:10:44', 1, 1, 1, 45, 23, NULL),
	(794, 2, 1, '2020-10-22 12:10:48', 1, 1, 1, 40, 31, NULL),
	(795, 2, 1, '2020-10-22 12:10:54', 1, 1, 1, 35, 41, NULL),
	(796, 2, 1, '2020-10-22 12:10:58', 1, 1, 1, 30, 48, NULL),
	(797, 2, 1, '2020-10-22 12:11:04', 1, 1, 1, 25, 58, NULL),
	(798, 2, 1, '2020-10-22 12:11:09', 1, 1, 1, 20, 65, NULL),
	(799, 2, 1, '2020-10-22 12:11:14', 1, 1, 1, 15, 73, NULL),
	(800, 2, 1, '2020-10-22 12:11:19', 1, 1, 1, 10, 83, NULL),
	(801, 2, 1, '2020-10-22 12:11:24', 1, 1, 1, 5, 90, NULL),
	(802, 2, 1, '2020-10-22 12:11:28', 1, 1, 2, 0, 100, NULL),
	(803, 2, 1, '2020-11-10 20:39:57', 1, 1, 1, 0, 0, NULL),
	(804, 2, 1, '2020-11-10 20:40:04', 1, 1, 1, 55, 6, NULL),
	(805, 2, 1, '2020-11-10 20:40:09', 1, 1, 1, 50, 16, NULL),
	(806, 2, 1, '2020-11-10 20:40:14', 1, 1, 1, 45, 23, NULL),
	(807, 2, 1, '2020-11-10 20:40:19', 1, 1, 1, 40, 33, NULL),
	(808, 2, 1, '2020-11-10 20:40:24', 1, 1, 1, 35, 40, NULL),
	(809, 2, 1, '2020-11-10 20:40:29', 1, 1, 1, 30, 48, NULL),
	(810, 2, 1, '2020-11-10 20:40:34', 1, 1, 1, 25, 58, NULL),
	(811, 2, 1, '2020-11-10 20:40:39', 1, 1, 1, 20, 65, NULL),
	(812, 2, 1, '2020-11-10 20:40:44', 1, 1, 1, 15, 75, NULL),
	(813, 2, 1, '2020-11-10 20:40:50', 1, 1, 1, 9, 85, NULL),
	(814, 2, 1, '2020-11-10 20:40:55', 1, 1, 1, 4, 91, NULL),
	(815, 2, 1, '2020-11-10 20:40:57', 1, 1, 2, 0, 100, NULL),
	(816, 2, 1, '2020-11-10 20:42:08', 1, 1, 1, 0, 0, NULL),
	(817, 2, 1, '2020-11-10 20:42:15', 1, 1, 1, 55, 6, NULL),
	(818, 2, 1, '2020-11-10 20:42:19', 1, 1, 1, 50, 15, NULL),
	(819, 2, 1, '2020-11-10 20:42:20', 1, 1, 3, 50, 100, NULL),
	(820, 2, 1, '2020-11-11 16:52:04', 1, 1, 1, 0, 0, NULL),
	(821, 2, 1, '2020-11-11 16:52:10', 1, 1, 1, 55, 6, NULL),
	(822, 2, 1, '2020-11-11 16:52:15', 1, 1, 1, 50, 16, NULL),
	(823, 2, 1, '2020-11-11 16:52:21', 1, 1, 1, 45, 23, NULL),
	(824, 2, 1, '2020-11-11 16:52:26', 1, 1, 1, 40, 31, NULL),
	(825, 2, 1, '2020-11-11 16:52:30', 1, 1, 1, 35, 40, NULL),
	(826, 2, 1, '2020-11-11 16:52:35', 1, 1, 1, 30, 50, NULL),
	(827, 2, 1, '2020-11-11 16:52:52', 1, 1, 1, 25, 56, NULL),
	(828, 2, 1, '2020-11-11 16:52:58', 1, 1, 1, 20, 66, NULL),
	(829, 2, 1, '2020-11-11 16:53:02', 1, 1, 1, 15, 73, NULL),
	(830, 2, 1, '2020-11-11 16:53:08', 1, 1, 1, 10, 83, NULL),
	(831, 2, 1, '2020-11-11 16:53:13', 1, 1, 1, 5, 90, NULL),
	(832, 2, 1, '2020-11-11 16:53:16', 1, 1, 2, 0, 100, NULL),
	(833, 2, 1, '2020-11-11 17:48:29', 1, 1, 1, 0, 0, NULL),
	(834, 2, 1, '2020-11-11 17:48:35', 1, 1, 1, 55, 6, NULL),
	(835, 2, 1, '2020-11-11 17:48:41', 1, 1, 1, 50, 16, NULL),
	(836, 2, 1, '2020-11-11 17:48:45', 1, 1, 1, 45, 23, NULL),
	(837, 2, 1, '2020-11-11 17:48:50', 1, 1, 1, 40, 31, NULL),
	(838, 2, 1, '2020-11-11 17:48:55', 1, 1, 1, 35, 41, NULL),
	(839, 2, 1, '2020-11-11 17:49:01', 1, 1, 1, 30, 48, NULL),
	(840, 2, 1, '2020-11-11 17:49:05', 1, 1, 1, 25, 56, NULL),
	(841, 2, 1, '2020-11-11 17:49:11', 1, 1, 1, 20, 66, NULL),
	(842, 2, 1, '2020-11-11 17:49:15', 1, 1, 1, 15, 73, NULL),
	(843, 2, 1, '2020-11-11 17:49:21', 1, 1, 1, 10, 83, NULL),
	(844, 2, 1, '2020-11-11 17:49:25', 1, 1, 1, 5, 90, NULL),
	(845, 2, 1, '2020-11-11 17:49:29', 1, 1, 2, 0, 100, NULL),
	(846, 2, 1, '2020-11-11 18:00:32', 1, 1, 1, 0, 0, NULL),
	(847, 2, 1, '2020-11-11 18:00:38', 1, 1, 1, 55, 6, NULL),
	(848, 2, 1, '2020-11-11 18:00:43', 1, 1, 1, 50, 16, NULL),
	(849, 2, 1, '2020-11-11 18:00:49', 1, 1, 1, 45, 23, NULL),
	(850, 2, 1, '2020-11-11 18:00:53', 1, 1, 1, 40, 31, NULL),
	(851, 2, 1, '2020-11-11 18:00:59', 1, 1, 1, 35, 41, NULL),
	(852, 2, 1, '2020-11-11 18:01:03', 1, 1, 1, 30, 48, NULL),
	(853, 2, 1, '2020-11-11 18:01:09', 1, 1, 1, 25, 58, NULL),
	(854, 2, 1, '2020-11-11 18:01:13', 1, 1, 1, 20, 65, NULL),
	(855, 2, 1, '2020-11-11 18:01:19', 1, 1, 1, 15, 75, NULL),
	(856, 2, 1, '2020-11-11 18:01:23', 1, 1, 1, 10, 81, NULL),
	(857, 2, 1, '2020-11-11 18:01:28', 1, 1, 1, 5, 91, NULL),
	(858, 2, 1, '2020-11-11 18:01:33', 1, 1, 2, 0, 100, NULL),
	(859, 2, 1, '2020-11-11 19:40:26', 1, 1, 1, 0, 0, NULL),
	(860, 2, 1, '2020-11-11 19:40:32', 1, 1, 1, 55, 6, NULL),
	(861, 2, 1, '2020-11-11 19:40:37', 1, 1, 1, 50, 16, NULL),
	(862, 2, 1, '2020-11-11 19:40:43', 1, 1, 1, 45, 23, NULL),
	(863, 2, 1, '2020-11-11 19:40:47', 1, 1, 1, 40, 31, NULL),
	(864, 2, 1, '2020-11-11 19:40:52', 1, 1, 1, 35, 41, NULL),
	(865, 2, 1, '2020-11-11 19:40:57', 1, 1, 1, 30, 48, NULL),
	(866, 2, 1, '2020-11-11 19:41:02', 1, 1, 1, 25, 56, NULL),
	(867, 2, 1, '2020-11-11 19:41:07', 1, 1, 1, 20, 66, NULL),
	(868, 2, 1, '2020-11-11 19:41:12', 1, 1, 1, 15, 73, NULL),
	(869, 2, 1, '2020-11-11 19:41:18', 1, 1, 1, 10, 83, NULL),
	(870, 2, 1, '2020-11-11 19:41:22', 1, 1, 1, 5, 90, NULL),
	(871, 2, 1, '2020-11-11 19:41:26', 1, 1, 2, 0, 100, NULL),
	(872, 2, 1, '2020-11-11 19:43:04', 1, 1, 1, 0, 0, NULL),
	(873, 2, 1, '2020-11-11 19:43:10', 1, 1, 1, 55, 6, NULL),
	(874, 2, 1, '2020-11-11 19:43:16', 1, 1, 1, 50, 16, NULL),
	(875, 2, 1, '2020-11-11 19:43:20', 1, 1, 1, 45, 23, NULL),
	(876, 2, 1, '2020-11-11 19:43:25', 1, 1, 1, 40, 33, NULL),
	(877, 2, 1, '2020-11-11 19:43:30', 1, 1, 1, 35, 40, NULL),
	(878, 2, 1, '2020-11-11 19:43:36', 1, 1, 1, 30, 50, NULL),
	(879, 2, 1, '2020-11-11 19:43:40', 1, 1, 1, 25, 56, NULL),
	(880, 2, 1, '2020-11-11 19:43:45', 1, 1, 1, 20, 66, NULL),
	(881, 2, 1, '2020-11-11 19:43:50', 1, 1, 1, 15, 73, NULL),
	(882, 2, 1, '2020-11-11 19:43:55', 1, 1, 1, 10, 81, NULL),
	(883, 2, 1, '2020-11-11 19:44:00', 1, 1, 1, 5, 91, NULL),
	(884, 2, 1, '2020-11-11 19:44:04', 1, 1, 2, 0, 100, NULL),
	(885, 2, 1, '2020-11-18 18:13:07', 1, 1, 1, 0, 0, NULL),
	(886, 2, 1, '2020-11-18 18:13:14', 1, 1, 1, 55, 6, NULL),
	(887, 2, 1, '2020-11-18 18:13:20', 1, 1, 1, 50, 16, NULL),
	(888, 2, 1, '2020-11-18 18:13:24', 1, 1, 1, 45, 23, NULL),
	(889, 2, 1, '2020-11-18 18:13:29', 1, 1, 1, 40, 33, NULL),
	(890, 2, 1, '2020-11-18 18:13:34', 1, 1, 1, 35, 40, NULL),
	(891, 2, 1, '2020-11-18 18:13:39', 1, 1, 1, 30, 50, NULL),
	(892, 2, 1, '2020-11-18 18:13:44', 1, 1, 1, 25, 56, NULL),
	(893, 2, 1, '2020-11-18 18:13:49', 1, 1, 1, 20, 65, NULL),
	(894, 2, 1, '2020-11-18 18:13:54', 1, 1, 1, 15, 75, NULL),
	(895, 2, 1, '2020-11-18 18:13:59', 1, 1, 1, 10, 81, NULL),
	(896, 2, 1, '2020-11-18 18:14:04', 1, 1, 1, 5, 90, NULL),
	(897, 2, 1, '2020-11-18 18:14:08', 1, 1, 2, 0, 100, NULL),
	(898, 2, 1, '2020-11-18 18:15:42', 1, 1, 1, 0, 0, NULL),
	(899, 2, 1, '2020-11-18 18:15:48', 1, 1, 1, 55, 6, NULL),
	(900, 2, 1, '2020-11-18 18:15:53', 1, 1, 1, 50, 16, NULL),
	(901, 2, 1, '2020-11-18 18:15:58', 1, 1, 1, 45, 23, NULL),
	(902, 2, 1, '2020-11-18 18:16:03', 1, 1, 1, 40, 33, NULL),
	(903, 2, 1, '2020-11-18 18:16:04', 1, 1, 3, 40, 100, NULL),
	(904, 2, 1, '2020-11-18 18:16:10', 2, 1, 1, 40, 0, NULL),
	(905, 2, 1, '2020-11-18 18:16:16', 2, 1, 1, 55, 6, NULL),
	(906, 2, 1, '2020-11-18 18:16:20', 2, 1, 1, 50, 15, NULL),
	(907, 2, 1, '2020-11-18 18:16:26', 2, 1, 1, 45, 25, NULL),
	(908, 2, 1, '2020-11-18 18:16:26', 2, 1, 3, 45, 100, NULL),
	(909, 2, 1, '2020-11-18 18:16:35', 3, 1, 1, 0, 0, NULL),
	(910, 2, 1, '2020-11-18 18:19:17', 3, 1, 3, 80, 100, NULL),
	(911, 2, 1, '2020-11-18 18:19:23', 1, 1, 1, 80, 0, NULL),
	(912, 2, 1, '2020-11-18 18:19:30', 1, 1, 1, 55, 6, NULL),
	(913, 2, 1, '2020-11-18 18:19:35', 1, 1, 1, 50, 16, NULL),
	(914, 2, 1, '2020-11-18 18:19:41', 1, 1, 1, 45, 23, NULL),
	(915, 2, 1, '2020-11-18 18:19:45', 1, 1, 1, 40, 31, NULL),
	(916, 2, 1, '2020-11-18 18:19:50', 1, 1, 1, 35, 41, NULL),
	(917, 2, 1, '2020-11-18 18:19:51', 1, 1, 3, 35, 100, NULL),
	(918, 2, 1, '2020-12-02 18:37:42', 1, 1, 1, 0, 0, NULL),
	(919, 2, 1, '2020-12-02 18:37:48', 1, 1, 1, 55, 6, NULL),
	(920, 2, 1, '2020-12-02 18:37:53', 1, 1, 1, 50, 16, NULL),
	(921, 2, 1, '2020-12-02 18:37:59', 1, 1, 1, 45, 23, NULL),
	(922, 2, 1, '2020-12-02 18:38:03', 1, 1, 1, 40, 31, NULL),
	(923, 2, 1, '2020-12-02 18:38:09', 1, 1, 1, 35, 41, NULL),
	(924, 2, 1, '2020-12-02 18:38:13', 1, 1, 1, 30, 48, NULL),
	(925, 2, 1, '2020-12-02 18:38:19', 1, 1, 1, 25, 58, NULL),
	(926, 2, 1, '2020-12-02 18:38:19', 1, 1, 3, 25, 100, NULL),
	(927, 2, 1, '2020-12-02 18:38:24', 1, 1, 1, 25, 0, NULL),
	(928, 2, 1, '2020-12-02 18:38:30', 1, 1, 1, 55, 6, NULL),
	(929, 2, 1, '2020-12-02 18:38:43', 1, 1, 1, 50, 15, NULL),
	(930, 2, 1, '2020-12-02 18:38:49', 1, 1, 1, 45, 25, NULL),
	(931, 2, 1, '2020-12-02 18:38:54', 1, 1, 1, 40, 31, NULL),
	(932, 2, 1, '2020-12-02 18:38:59', 1, 1, 1, 35, 41, NULL),
	(933, 2, 1, '2020-12-02 18:39:03', 1, 1, 1, 30, 48, NULL),
	(934, 2, 1, '2020-12-02 18:39:09', 1, 1, 1, 25, 58, NULL),
	(935, 2, 1, '2020-12-02 18:39:13', 1, 1, 1, 20, 65, NULL),
	(936, 2, 1, '2020-12-02 18:39:19', 1, 1, 1, 15, 75, NULL),
	(937, 2, 1, '2020-12-02 18:39:23', 1, 1, 1, 10, 81, NULL),
	(938, 2, 1, '2020-12-02 18:39:29', 1, 1, 1, 5, 91, NULL),
	(939, 2, 1, '2020-12-02 18:39:32', 1, 1, 2, 0, 100, NULL),
	(940, 2, 1, '2020-12-05 14:00:02', 1, 0, 1, 0, 0, NULL),
	(941, 2, 1, '2020-12-05 14:00:09', 1, 0, 1, 55, 6, NULL),
	(942, 2, 1, '2020-12-05 14:00:14', 1, 0, 1, 50, 16, NULL),
	(943, 2, 1, '2020-12-05 14:00:19', 1, 0, 1, 45, 23, NULL),
	(944, 2, 1, '2020-12-05 14:00:24', 1, 0, 1, 40, 31, NULL),
	(945, 2, 1, '2020-12-05 14:00:29', 1, 0, 1, 35, 41, NULL),
	(946, 2, 1, '2020-12-05 14:00:34', 1, 0, 1, 30, 48, NULL),
	(947, 2, 1, '2020-12-05 14:00:38', 1, 0, 1, 25, 56, NULL),
	(948, 2, 1, '2020-12-05 14:00:44', 1, 0, 1, 20, 66, NULL),
	(949, 2, 1, '2020-12-05 14:00:49', 1, 0, 1, 15, 73, NULL),
	(950, 2, 1, '2020-12-05 14:00:54', 1, 0, 1, 10, 83, NULL),
	(951, 2, 1, '2020-12-05 14:00:59', 1, 0, 1, 5, 90, NULL),
	(952, 2, 1, '2020-12-05 14:01:03', 1, 0, 2, 0, 100, NULL),
	(953, 2, 1, '2020-12-05 14:44:24', 1, 0, 1, 0, 0, NULL),
	(954, 2, 1, '2020-12-05 14:44:30', 1, 0, 1, 55, 6, NULL),
	(955, 2, 1, '2020-12-05 14:44:34', 1, 0, 1, 50, 15, NULL),
	(956, 2, 1, '2020-12-05 14:44:40', 1, 0, 1, 45, 25, NULL),
	(957, 2, 1, '2020-12-05 14:44:40', 1, 0, 3, 45, 100, NULL),
	(958, 2, 1, '2020-12-05 14:48:11', 1, 0, 1, 0, 0, NULL),
	(959, 2, 1, '2020-12-05 14:48:17', 1, 0, 1, 55, 6, NULL),
	(960, 2, 1, '2020-12-05 14:48:21', 1, 0, 1, 50, 16, NULL),
	(961, 2, 1, '2020-12-05 14:48:22', 1, 0, 3, 50, 100, NULL),
	(962, 2, 1, '2020-12-05 15:02:47', 1, 0, 1, 50, 0, NULL),
	(963, 2, 1, '2020-12-05 15:02:53', 1, 0, 1, 55, 6, NULL),
	(964, 2, 1, '2020-12-05 15:02:58', 1, 0, 1, 50, 15, NULL),
	(965, 2, 1, '2020-12-05 15:03:03', 1, 0, 1, 45, 25, NULL),
	(966, 2, 1, '2020-12-05 15:03:08', 1, 0, 1, 40, 31, NULL),
	(967, 2, 1, '2020-12-05 15:03:13', 1, 0, 1, 35, 41, NULL),
	(968, 2, 1, '2020-12-05 15:03:18', 1, 0, 1, 30, 48, NULL),
	(969, 2, 1, '2020-12-05 15:03:23', 1, 0, 1, 25, 58, NULL),
	(970, 2, 1, '2020-12-05 15:03:28', 1, 0, 1, 20, 65, NULL),
	(971, 2, 1, '2020-12-05 15:03:33', 1, 0, 1, 15, 75, NULL),
	(972, 2, 1, '2020-12-05 15:03:34', 1, 0, 3, 15, 100, NULL),
	(973, 2, 1, '2020-12-05 15:26:37', 1, 0, 1, 0, 0, NULL),
	(974, 2, 1, '2020-12-05 15:26:43', 1, 0, 1, 55, 6, NULL),
	(975, 2, 1, '2020-12-05 15:26:49', 1, 0, 1, 50, 16, NULL),
	(976, 2, 1, '2020-12-05 15:26:54', 1, 0, 1, 45, 23, NULL),
	(977, 2, 1, '2020-12-05 15:26:59', 1, 0, 1, 40, 33, NULL),
	(978, 2, 1, '2020-12-05 15:26:59', 1, 0, 3, 40, 100, NULL),
	(979, 2, 1, '2020-12-05 15:34:07', 1, 0, 1, 0, 0, NULL),
	(980, 2, 1, '2020-12-05 15:34:13', 1, 0, 1, 55, 6, NULL),
	(981, 2, 1, '2020-12-05 15:34:18', 1, 0, 1, 50, 16, NULL),
	(982, 2, 1, '2020-12-05 15:34:23', 1, 0, 1, 45, 23, NULL),
	(983, 2, 1, '2020-12-05 15:34:28', 1, 0, 1, 40, 31, NULL),
	(984, 2, 1, '2020-12-05 15:34:28', 1, 0, 3, 40, 100, NULL),
	(985, 2, 1, '2020-12-05 15:34:37', 1, 0, 1, 40, 0, NULL),
	(986, 2, 1, '2020-12-05 15:34:43', 1, 0, 1, 55, 6, NULL),
	(987, 2, 1, '2020-12-05 15:34:44', 1, 0, 3, 55, 100, NULL),
	(988, 2, 1, '2020-12-05 17:21:38', 2, 0, 1, 0, 0, NULL),
	(989, 2, 1, '2020-12-05 17:21:44', 2, 0, 1, 55, 6, NULL),
	(990, 2, 1, '2020-12-05 17:22:07', 2, 0, 1, 50, 15, NULL),
	(991, 2, 1, '2020-12-05 17:22:12', 2, 0, 1, 45, 25, NULL),
	(992, 2, 1, '2020-12-05 17:22:17', 2, 0, 1, 40, 31, NULL),
	(993, 2, 1, '2020-12-05 17:22:22', 2, 0, 1, 35, 41, NULL),
	(994, 2, 1, '2020-12-05 17:22:27', 2, 0, 1, 30, 48, NULL),
	(995, 2, 1, '2020-12-05 17:22:32', 2, 0, 1, 25, 58, NULL),
	(996, 2, 1, '2020-12-05 17:22:37', 2, 0, 1, 20, 65, NULL),
	(997, 2, 1, '2020-12-05 17:22:42', 2, 0, 1, 15, 75, NULL),
	(998, 2, 1, '2020-12-05 17:22:47', 2, 0, 1, 10, 81, NULL),
	(999, 2, 1, '2020-12-05 17:22:52', 2, 0, 1, 5, 91, NULL),
	(1000, 2, 1, '2020-12-05 17:22:56', 2, 0, 2, 0, 100, NULL),
	(1001, 2, 1, '2020-12-05 17:23:29', 1, 0, 1, 0, 0, NULL),
	(1002, 2, 1, '2020-12-05 17:23:36', 1, 0, 1, 55, 6, NULL),
	(1003, 2, 1, '2020-12-05 17:23:41', 1, 0, 1, 50, 16, NULL),
	(1004, 2, 1, '2020-12-05 17:23:46', 1, 0, 1, 45, 23, NULL),
	(1005, 2, 1, '2020-12-05 17:23:51', 1, 0, 1, 40, 33, NULL),
	(1006, 2, 1, '2020-12-05 17:23:56', 1, 0, 1, 35, 40, NULL),
	(1007, 2, 1, '2020-12-05 17:24:01', 1, 0, 1, 30, 50, NULL),
	(1008, 2, 1, '2020-12-05 17:24:06', 1, 0, 1, 25, 56, NULL),
	(1009, 2, 1, '2020-12-05 17:24:11', 1, 0, 1, 20, 65, NULL),
	(1010, 2, 1, '2020-12-05 17:24:11', 1, 0, 3, 20, 100, NULL),
	(1011, 2, 1, '2020-12-05 17:24:25', 2, 0, 1, 20, 0, NULL),
	(1012, 2, 1, '2020-12-05 17:24:31', 2, 0, 1, 55, 6, NULL),
	(1013, 2, 1, '2020-12-05 17:24:36', 2, 0, 1, 50, 16, NULL),
	(1014, 2, 1, '2020-12-05 17:24:41', 2, 0, 1, 45, 23, NULL),
	(1015, 2, 1, '2020-12-05 17:24:46', 2, 0, 1, 40, 33, NULL),
	(1016, 2, 1, '2020-12-05 17:24:46', 2, 0, 3, 40, 100, NULL),
	(1017, 2, 1, '2020-12-05 17:24:53', 2, 0, 1, 40, 0, NULL),
	(1018, 2, 1, '2020-12-05 17:25:00', 2, 0, 1, 55, 6, NULL),
	(1019, 2, 1, '2020-12-05 17:25:05', 2, 0, 1, 50, 16, NULL),
	(1020, 2, 1, '2020-12-05 17:25:10', 2, 0, 1, 45, 23, NULL),
	(1021, 2, 1, '2020-12-05 17:25:15', 2, 0, 1, 40, 33, NULL),
	(1022, 2, 1, '2020-12-05 17:25:20', 2, 0, 1, 35, 40, NULL),
	(1023, 2, 1, '2020-12-05 17:25:25', 2, 0, 1, 30, 50, NULL),
	(1024, 2, 1, '2020-12-05 17:25:30', 2, 0, 1, 25, 56, NULL),
	(1025, 2, 1, '2020-12-05 17:25:35', 2, 0, 1, 20, 66, NULL),
	(1026, 2, 1, '2020-12-05 17:25:39', 2, 0, 1, 15, 73, NULL),
	(1027, 2, 1, '2020-12-05 17:25:45', 2, 0, 1, 10, 83, NULL),
	(1028, 2, 1, '2020-12-05 17:25:50', 2, 0, 1, 5, 90, NULL),
	(1029, 2, 1, '2020-12-05 17:25:54', 2, 0, 2, 0, 100, NULL),
	(1030, 2, 1, '2020-12-05 17:26:32', 1, 1, 1, 0, 0, NULL),
	(1031, 2, 1, '2020-12-05 17:26:38', 1, 1, 1, 295, 1, NULL),
	(1032, 2, 1, '2020-12-05 17:26:43', 1, 1, 1, 290, 3, NULL),
	(1033, 2, 1, '2020-12-05 17:26:47', 1, 1, 1, 285, 4, NULL),
	(1034, 2, 1, '2020-12-05 17:26:53', 1, 1, 1, 280, 6, NULL),
	(1035, 2, 1, '2020-12-05 17:26:58', 1, 1, 1, 275, 8, NULL),
	(1036, 2, 1, '2020-12-05 17:27:03', 1, 1, 1, 270, 10, NULL),
	(1037, 2, 1, '2020-12-05 17:27:08', 1, 1, 1, 265, 11, NULL),
	(1038, 2, 1, '2020-12-05 17:27:13', 1, 1, 1, 260, 13, NULL),
	(1039, 2, 1, '2020-12-05 17:27:18', 1, 1, 1, 255, 14, NULL),
	(1040, 2, 1, '2020-12-05 17:27:23', 1, 1, 1, 250, 16, NULL),
	(1041, 2, 1, '2020-12-05 17:27:27', 1, 1, 1, 245, 18, NULL),
	(1042, 2, 1, '2020-12-05 17:27:33', 1, 1, 1, 240, 20, NULL),
	(1043, 2, 1, '2020-12-05 17:27:38', 1, 1, 1, 235, 21, NULL),
	(1044, 2, 1, '2020-12-05 17:27:43', 1, 1, 1, 230, 23, NULL),
	(1045, 2, 1, '2020-12-05 17:27:48', 1, 1, 1, 225, 24, NULL),
	(1046, 2, 1, '2020-12-05 17:27:53', 1, 1, 1, 220, 26, NULL),
	(1047, 2, 1, '2020-12-05 17:27:58', 1, 1, 1, 215, 28, NULL),
	(1048, 2, 1, '2020-12-05 17:28:03', 1, 1, 1, 210, 30, NULL),
	(1049, 2, 1, '2020-12-05 17:28:08', 1, 1, 1, 205, 31, NULL),
	(1050, 2, 1, '2020-12-05 17:28:13', 1, 1, 1, 200, 33, NULL),
	(1051, 2, 1, '2020-12-05 17:28:18', 1, 1, 1, 195, 34, NULL),
	(1052, 2, 1, '2020-12-05 17:28:23', 1, 1, 1, 190, 36, NULL),
	(1053, 2, 1, '2020-12-05 17:28:28', 1, 1, 1, 185, 38, NULL),
	(1054, 2, 1, '2020-12-05 17:28:33', 1, 1, 1, 180, 40, NULL),
	(1055, 2, 1, '2020-12-05 17:28:38', 1, 1, 1, 175, 41, NULL),
	(1056, 2, 1, '2020-12-05 17:28:43', 1, 1, 1, 170, 43, NULL),
	(1057, 2, 1, '2020-12-05 17:28:48', 1, 1, 1, 165, 45, NULL),
	(1058, 2, 1, '2020-12-05 17:28:53', 1, 1, 1, 160, 46, NULL),
	(1059, 2, 1, '2020-12-05 17:28:58', 1, 1, 1, 155, 48, NULL),
	(1060, 2, 1, '2020-12-05 17:29:03', 1, 1, 1, 150, 49, NULL),
	(1061, 2, 1, '2020-12-05 17:29:08', 1, 1, 1, 145, 51, NULL),
	(1062, 2, 1, '2020-12-05 17:29:13', 1, 1, 1, 140, 53, NULL),
	(1063, 2, 1, '2020-12-05 17:29:18', 1, 1, 1, 135, 55, NULL),
	(1064, 2, 1, '2020-12-05 17:29:22', 1, 1, 1, 130, 56, NULL),
	(1065, 2, 1, '2020-12-05 17:29:28', 1, 1, 1, 125, 58, NULL),
	(1066, 2, 1, '2020-12-05 17:29:33', 1, 1, 1, 120, 59, NULL),
	(1067, 2, 1, '2020-12-05 17:29:38', 1, 1, 1, 115, 61, NULL),
	(1068, 2, 1, '2020-12-05 17:29:43', 1, 1, 1, 110, 63, NULL),
	(1069, 2, 1, '2020-12-05 17:29:48', 1, 1, 1, 105, 65, NULL),
	(1070, 2, 1, '2020-12-05 17:29:53', 1, 1, 1, 100, 66, NULL),
	(1071, 2, 1, '2020-12-05 17:29:58', 1, 1, 1, 95, 68, NULL),
	(1072, 2, 1, '2020-12-05 17:30:03', 1, 1, 1, 90, 69, NULL),
	(1073, 2, 1, '2020-12-05 17:30:08', 1, 1, 1, 85, 71, NULL),
	(1074, 2, 1, '2020-12-05 17:30:13', 1, 1, 1, 80, 73, NULL),
	(1075, 2, 1, '2020-12-05 17:30:18', 1, 1, 1, 75, 74, NULL),
	(1076, 2, 1, '2020-12-05 17:30:23', 1, 1, 1, 70, 76, NULL),
	(1077, 2, 1, '2020-12-05 17:30:28', 1, 1, 1, 65, 78, NULL),
	(1078, 2, 1, '2020-12-05 17:30:33', 1, 1, 1, 60, 80, NULL),
	(1079, 2, 1, '2020-12-05 17:30:38', 1, 1, 1, 55, 81, NULL),
	(1080, 2, 1, '2020-12-05 17:30:43', 1, 1, 1, 50, 83, NULL),
	(1081, 2, 1, '2020-12-05 17:30:48', 1, 1, 1, 45, 85, NULL),
	(1082, 2, 1, '2020-12-05 17:30:53', 1, 1, 1, 40, 86, NULL),
	(1083, 2, 1, '2020-12-05 17:30:58', 1, 1, 1, 35, 88, NULL),
	(1084, 2, 1, '2020-12-05 17:31:03', 1, 1, 1, 30, 89, NULL),
	(1085, 2, 1, '2020-12-05 17:31:08', 1, 1, 1, 25, 91, NULL),
	(1086, 2, 1, '2020-12-05 17:31:13', 1, 1, 1, 20, 93, NULL),
	(1087, 2, 1, '2020-12-05 17:31:18', 1, 1, 1, 15, 95, NULL),
	(1088, 2, 1, '2020-12-05 17:31:22', 1, 1, 1, 10, 96, NULL),
	(1089, 2, 1, '2020-12-05 17:31:28', 1, 1, 1, 5, 98, NULL),
	(1090, 2, 1, '2020-12-05 17:31:32', 1, 1, 2, 0, 100, NULL),
	(1091, 2, 1, '2020-12-05 17:31:53', 1, 1, 1, 0, 0, NULL),
	(1092, 2, 1, '2020-12-05 17:31:59', 1, 1, 1, 295, 1, NULL),
	(1093, 2, 1, '2020-12-05 17:32:03', 1, 1, 1, 290, 3, NULL),
	(1094, 2, 1, '2020-12-05 17:32:09', 1, 1, 1, 285, 5, NULL),
	(1095, 2, 1, '2020-12-05 17:32:14', 1, 1, 1, 280, 6, NULL),
	(1096, 2, 1, '2020-12-05 17:32:19', 1, 1, 1, 275, 8, NULL),
	(1097, 2, 1, '2020-12-05 17:32:24', 1, 1, 1, 270, 9, NULL),
	(1098, 2, 1, '2020-12-05 17:32:29', 1, 1, 1, 265, 11, NULL),
	(1099, 2, 1, '2020-12-05 17:32:34', 1, 1, 1, 260, 13, NULL),
	(1100, 2, 1, '2020-12-05 17:32:39', 1, 1, 1, 255, 15, NULL),
	(1101, 2, 1, '2020-12-05 17:32:44', 1, 1, 1, 250, 16, NULL),
	(1102, 2, 1, '2020-12-05 17:32:49', 1, 1, 1, 245, 18, NULL),
	(1103, 2, 1, '2020-12-05 17:32:54', 1, 1, 1, 240, 20, NULL),
	(1104, 2, 1, '2020-12-05 17:32:59', 1, 1, 1, 235, 21, NULL),
	(1105, 2, 1, '2020-12-05 17:33:04', 1, 1, 1, 230, 23, NULL),
	(1106, 2, 1, '2020-12-05 17:33:09', 1, 1, 1, 225, 24, NULL),
	(1107, 2, 1, '2020-12-05 17:33:14', 1, 1, 1, 220, 26, NULL),
	(1108, 2, 1, '2020-12-05 17:33:19', 1, 1, 1, 215, 28, NULL),
	(1109, 2, 1, '2020-12-05 17:33:24', 1, 1, 1, 210, 30, NULL),
	(1110, 2, 1, '2020-12-05 17:33:28', 1, 1, 1, 205, 31, NULL),
	(1111, 2, 1, '2020-12-05 17:33:34', 1, 1, 1, 200, 33, NULL),
	(1112, 2, 1, '2020-12-05 17:33:39', 1, 1, 1, 195, 34, NULL),
	(1113, 2, 1, '2020-12-05 17:33:44', 1, 1, 1, 190, 36, NULL),
	(1114, 2, 1, '2020-12-05 17:33:49', 1, 1, 1, 185, 38, NULL),
	(1115, 2, 1, '2020-12-05 17:33:54', 1, 1, 1, 180, 40, NULL),
	(1116, 2, 1, '2020-12-05 17:33:59', 1, 1, 1, 175, 41, NULL),
	(1117, 2, 1, '2020-12-05 17:34:04', 1, 1, 1, 170, 43, NULL),
	(1118, 2, 1, '2020-12-05 17:34:08', 1, 1, 1, 165, 44, NULL),
	(1119, 2, 1, '2020-12-05 17:34:13', 1, 1, 1, 160, 46, NULL),
	(1120, 2, 1, '2020-12-05 17:34:19', 1, 1, 1, 155, 48, NULL),
	(1121, 2, 1, '2020-12-05 17:34:24', 1, 1, 1, 150, 50, NULL),
	(1122, 2, 1, '2020-12-05 17:34:29', 1, 1, 1, 145, 51, NULL),
	(1123, 2, 1, '2020-12-05 17:34:34', 1, 1, 1, 140, 53, NULL),
	(1124, 2, 1, '2020-12-05 17:34:39', 1, 1, 1, 135, 54, NULL),
	(1125, 2, 1, '2020-12-05 17:34:44', 1, 1, 1, 130, 56, NULL),
	(1126, 2, 1, '2020-12-05 17:34:49', 1, 1, 1, 125, 58, NULL),
	(1127, 2, 1, '2020-12-05 17:34:54', 1, 1, 1, 120, 60, NULL),
	(1128, 2, 1, '2020-12-05 17:34:59', 1, 1, 1, 115, 61, NULL),
	(1129, 2, 1, '2020-12-05 17:35:04', 1, 1, 1, 110, 63, NULL),
	(1130, 2, 1, '2020-12-05 17:35:09', 1, 1, 1, 105, 64, NULL),
	(1131, 2, 1, '2020-12-05 17:35:14', 1, 1, 1, 100, 66, NULL),
	(1132, 2, 1, '2020-12-05 17:35:19', 1, 1, 1, 95, 68, NULL),
	(1133, 2, 1, '2020-12-05 17:35:24', 1, 1, 1, 90, 70, NULL),
	(1134, 2, 1, '2020-12-05 17:35:29', 1, 1, 1, 85, 71, NULL),
	(1135, 2, 1, '2020-12-05 17:35:33', 1, 1, 1, 80, 73, NULL),
	(1136, 2, 1, '2020-12-05 17:35:39', 1, 1, 1, 75, 75, NULL),
	(1137, 2, 1, '2020-12-05 17:35:44', 1, 1, 1, 70, 76, NULL),
	(1138, 2, 1, '2020-12-05 17:35:49', 1, 1, 1, 65, 78, NULL),
	(1139, 2, 1, '2020-12-05 17:35:54', 1, 1, 1, 60, 79, NULL),
	(1140, 2, 1, '2020-12-05 17:35:59', 1, 1, 1, 55, 81, NULL),
	(1141, 2, 1, '2020-12-05 17:36:04', 1, 1, 1, 50, 83, NULL),
	(1142, 2, 1, '2020-12-05 17:36:09', 1, 1, 1, 45, 85, NULL),
	(1143, 2, 1, '2020-12-05 17:36:14', 1, 1, 1, 39, 87, NULL),
	(1144, 2, 1, '2020-12-05 17:36:20', 1, 1, 1, 34, 88, NULL),
	(1145, 2, 1, '2020-12-05 17:36:25', 1, 1, 1, 29, 90, NULL),
	(1146, 2, 1, '2020-12-05 17:36:30', 1, 1, 1, 24, 91, NULL),
	(1147, 2, 1, '2020-12-05 17:36:35', 1, 1, 1, 19, 93, NULL),
	(1148, 2, 1, '2020-12-05 17:36:40', 1, 1, 1, 14, 95, NULL),
	(1149, 2, 1, '2020-12-05 17:36:45', 1, 1, 1, 9, 97, NULL),
	(1150, 2, 1, '2020-12-05 17:36:50', 1, 1, 1, 4, 98, NULL),
	(1151, 2, 1, '2020-12-05 17:36:53', 1, 1, 2, 0, 100, NULL),
	(1152, 2, 1, '2020-12-05 17:37:15', 1, 1, 1, 0, 0, NULL),
	(1153, 2, 1, '2020-12-05 17:37:22', 1, 1, 1, 295, 1, NULL),
	(1154, 2, 1, '2020-12-05 17:37:27', 1, 1, 1, 290, 3, NULL),
	(1155, 2, 1, '2020-12-05 17:37:32', 1, 1, 1, 285, 4, NULL),
	(1156, 2, 1, '2020-12-05 17:37:37', 1, 1, 1, 280, 6, NULL),
	(1157, 2, 1, '2020-12-05 17:37:42', 1, 1, 1, 275, 8, NULL),
	(1158, 2, 1, '2020-12-05 17:37:47', 1, 1, 1, 270, 10, NULL),
	(1159, 2, 1, '2020-12-05 17:37:52', 1, 1, 1, 265, 11, NULL),
	(1160, 2, 1, '2020-12-05 17:37:57', 1, 1, 1, 260, 13, NULL),
	(1161, 2, 1, '2020-12-05 17:38:02', 1, 1, 1, 255, 14, NULL),
	(1162, 2, 1, '2020-12-05 17:38:07', 1, 1, 1, 250, 16, NULL),
	(1163, 2, 1, '2020-12-05 17:38:12', 1, 1, 1, 245, 18, NULL),
	(1164, 2, 1, '2020-12-05 17:38:17', 1, 1, 1, 240, 20, NULL),
	(1165, 2, 1, '2020-12-05 17:38:22', 1, 1, 1, 235, 21, NULL),
	(1166, 2, 1, '2020-12-05 17:38:27', 1, 1, 1, 230, 23, NULL),
	(1167, 2, 1, '2020-12-05 17:38:32', 1, 1, 1, 225, 24, NULL),
	(1168, 2, 1, '2020-12-05 17:38:37', 1, 1, 1, 220, 26, NULL),
	(1169, 2, 1, '2020-12-05 17:38:42', 1, 1, 1, 215, 28, NULL),
	(1170, 2, 1, '2020-12-05 17:38:47', 1, 1, 1, 210, 30, NULL),
	(1171, 2, 1, '2020-12-05 17:38:52', 1, 1, 1, 205, 31, NULL),
	(1172, 2, 1, '2020-12-05 17:38:57', 1, 1, 1, 200, 33, NULL),
	(1173, 2, 1, '2020-12-05 17:39:02', 1, 1, 1, 195, 34, NULL),
	(1174, 2, 1, '2020-12-05 17:39:07', 1, 1, 1, 190, 36, NULL),
	(1175, 2, 1, '2020-12-05 17:39:12', 1, 1, 1, 185, 38, NULL),
	(1176, 2, 1, '2020-12-05 17:39:17', 1, 1, 1, 180, 40, NULL),
	(1177, 2, 1, '2020-12-05 17:39:22', 1, 1, 1, 175, 41, NULL),
	(1178, 2, 1, '2020-12-05 17:39:27', 1, 1, 1, 170, 43, NULL),
	(1179, 2, 1, '2020-12-05 17:39:32', 1, 1, 1, 165, 44, NULL),
	(1180, 2, 1, '2020-12-05 17:39:37', 1, 1, 1, 160, 46, NULL),
	(1181, 2, 1, '2020-12-05 17:39:42', 1, 1, 1, 155, 48, NULL),
	(1182, 2, 1, '2020-12-05 17:39:47', 1, 1, 1, 150, 50, NULL),
	(1183, 2, 1, '2020-12-05 17:39:52', 1, 1, 1, 145, 51, NULL),
	(1184, 2, 1, '2020-12-05 17:39:57', 1, 1, 1, 140, 53, NULL),
	(1185, 2, 1, '2020-12-05 17:40:02', 1, 1, 1, 135, 55, NULL),
	(1186, 2, 1, '2020-12-05 17:40:07', 1, 1, 1, 130, 56, NULL),
	(1187, 2, 1, '2020-12-05 17:40:12', 1, 1, 1, 125, 58, NULL),
	(1188, 2, 1, '2020-12-05 17:40:17', 1, 1, 1, 120, 59, NULL),
	(1189, 2, 1, '2020-12-05 17:40:22', 1, 1, 1, 115, 61, NULL),
	(1190, 2, 1, '2020-12-05 17:40:27', 1, 1, 1, 110, 63, NULL),
	(1191, 2, 1, '2020-12-05 17:40:32', 1, 1, 1, 105, 65, NULL),
	(1192, 2, 1, '2020-12-05 17:40:33', 1, 1, 3, 105, 100, NULL),
	(1193, 2, 1, '2020-12-07 20:27:19', 1, 0, 1, 0, 0, NULL),
	(1194, 2, 1, '2020-12-07 20:27:26', 1, 0, 1, 55, 6, NULL),
	(1195, 2, 1, '2020-12-07 20:27:31', 1, 0, 1, 50, 16, NULL),
	(1196, 2, 1, '2020-12-07 20:27:35', 1, 0, 1, 45, 23, NULL),
	(1197, 2, 1, '2020-12-07 20:27:40', 1, 0, 1, 40, 33, NULL),
	(1198, 2, 1, '2020-12-07 20:27:45', 1, 0, 1, 35, 40, NULL),
	(1199, 2, 1, '2020-12-07 20:27:50', 1, 0, 1, 30, 50, NULL),
	(1200, 2, 1, '2020-12-07 20:27:56', 1, 0, 1, 25, 56, NULL),
	(1201, 2, 1, '2020-12-07 20:28:01', 1, 0, 1, 20, 66, NULL),
	(1202, 2, 1, '2020-12-07 20:28:05', 1, 0, 1, 15, 73, NULL),
	(1203, 2, 1, '2020-12-07 20:28:10', 1, 0, 1, 10, 83, NULL),
	(1204, 2, 1, '2020-12-07 20:28:15', 1, 0, 1, 5, 90, NULL),
	(1205, 2, 1, '2020-12-07 20:28:20', 1, 0, 2, 0, 100, NULL),
	(1206, 2, 1, '2020-12-07 20:29:19', 1, 0, 1, 0, 0, NULL),
	(1207, 2, 1, '2020-12-07 20:29:25', 1, 0, 1, 55, 6, NULL),
	(1208, 2, 1, '2020-12-07 20:29:30', 1, 0, 1, 50, 16, NULL),
	(1209, 2, 1, '2020-12-07 20:29:35', 1, 0, 1, 45, 23, NULL),
	(1210, 2, 1, '2020-12-07 20:29:59', 1, 0, 1, 40, 31, NULL),
	(1211, 2, 1, '2020-12-07 20:30:04', 1, 0, 1, 35, 41, NULL),
	(1212, 2, 1, '2020-12-07 20:30:09', 1, 0, 1, 30, 48, NULL),
	(1213, 2, 1, '2020-12-07 20:30:14', 1, 0, 1, 25, 58, NULL),
	(1214, 2, 1, '2020-12-07 20:30:20', 1, 0, 1, 20, 65, NULL),
	(1215, 2, 1, '2020-12-07 20:30:24', 1, 0, 1, 15, 73, NULL),
	(1216, 2, 1, '2020-12-07 20:31:41', 1, 0, 1, 10, 81, NULL),
	(1217, 2, 1, '2020-12-07 20:31:46', 1, 0, 1, 5, 91, NULL),
	(1218, 2, 1, '2020-12-07 20:31:50', 1, 0, 2, 0, 100, NULL),
	(1219, 2, 1, '2020-12-07 20:44:09', 1, 0, 1, 0, 0, NULL),
	(1220, 2, 1, '2020-12-07 20:44:15', 1, 0, 1, 55, 6, NULL),
	(1221, 2, 1, '2020-12-07 20:44:20', 1, 0, 1, 50, 16, NULL),
	(1222, 2, 1, '2020-12-07 20:44:25', 1, 0, 1, 45, 23, NULL),
	(1223, 2, 1, '2020-12-07 20:44:30', 1, 0, 1, 40, 33, NULL),
	(1224, 2, 1, '2020-12-07 20:44:36', 1, 0, 1, 35, 40, NULL),
	(1225, 2, 1, '2020-12-07 20:44:49', 1, 0, 1, 30, 48, NULL),
	(1226, 2, 1, '2020-12-07 20:44:54', 1, 0, 1, 25, 58, NULL),
	(1227, 2, 1, '2020-12-07 20:44:59', 1, 0, 1, 20, 65, NULL),
	(1228, 2, 1, '2020-12-07 20:45:05', 1, 0, 1, 15, 75, NULL),
	(1229, 2, 1, '2020-12-07 20:45:10', 1, 0, 1, 10, 81, NULL),
	(1230, 2, 1, '2020-12-07 20:45:14', 1, 0, 1, 5, 91, NULL),
	(1231, 2, 1, '2020-12-07 20:45:18', 1, 0, 1, 0, 100, NULL),
	(1232, 2, 1, '2020-12-07 20:46:17', 1, 0, 1, 30, 48, NULL),
	(1233, 2, 1, '2020-12-07 20:46:23', 1, 0, 1, 25, 58, NULL),
	(1234, 2, 1, '2020-12-07 20:46:27', 1, 0, 1, 20, 65, NULL),
	(1235, 2, 1, '2020-12-07 20:46:32', 1, 0, 1, 15, 75, NULL),
	(1236, 2, 1, '2020-12-07 20:46:37', 1, 0, 1, 10, 81, NULL),
	(1237, 2, 1, '2020-12-07 20:46:42', 1, 0, 1, 5, 91, NULL),
	(1238, 2, 1, '2020-12-07 20:46:47', 1, 0, 1, 0, 100, NULL),
	(1239, 2, 1, '2020-12-07 20:47:35', 1, 0, 1, 0, 0, NULL),
	(1240, 2, 1, '2020-12-07 20:47:42', 1, 0, 1, 55, 6, NULL),
	(1241, 2, 1, '2020-12-07 20:47:47', 1, 0, 1, 50, 16, NULL),
	(1242, 2, 1, '2020-12-07 20:47:51', 1, 0, 1, 45, 23, NULL),
	(1243, 2, 1, '2020-12-07 20:47:56', 1, 0, 1, 40, 33, NULL),
	(1244, 2, 1, '2020-12-07 20:48:01', 1, 0, 1, 35, 40, NULL),
	(1245, 2, 1, '2020-12-07 20:48:06', 1, 0, 1, 30, 50, NULL),
	(1246, 2, 1, '2020-12-07 20:48:06', 1, 0, 1, 30, 100, NULL),
	(1247, 2, 1, '2020-12-07 20:48:33', 1, 0, 1, 30, 0, NULL),
	(1248, 2, 1, '2020-12-07 20:48:39', 1, 0, 1, 55, 0, NULL),
	(1249, 2, 1, '2020-12-07 20:48:46', 1, 0, 1, 55, 6, NULL),
	(1250, 2, 1, '2020-12-07 20:48:51', 1, 0, 1, 50, 16, NULL),
	(1251, 2, 1, '2020-12-07 20:48:51', 1, 0, 1, 50, 100, NULL),
	(1252, 2, 1, '2020-12-07 20:48:51', 1, 0, 1, 50, 16, NULL),
	(1253, 2, 1, '2020-12-07 20:48:51', 1, 0, 1, 50, 100, NULL),
	(1254, 2, 1, '2020-12-07 21:03:57', 1, 0, 1, 45, 23, NULL),
	(1255, 2, 1, '2020-12-07 21:04:01', 1, 0, 1, 40, 31, NULL),
	(1256, 2, 1, '2020-12-07 21:04:06', 1, 0, 1, 35, 41, NULL),
	(1257, 2, 1, '2020-12-07 21:04:11', 1, 0, 1, 30, 48, NULL),
	(1258, 2, 1, '2020-12-07 21:04:16', 1, 0, 1, 25, 58, NULL),
	(1259, 2, 1, '2020-12-07 21:04:21', 1, 0, 1, 20, 65, NULL),
	(1260, 2, 1, '2020-12-07 21:04:27', 1, 0, 1, 15, 75, NULL),
	(1261, 2, 1, '2020-12-07 21:04:31', 1, 0, 1, 10, 81, NULL),
	(1262, 2, 1, '2020-12-07 21:04:36', 1, 0, 1, 5, 91, NULL),
	(1263, 2, 1, '2020-12-07 21:04:40', 1, 0, 1, 0, 100, NULL),
	(1264, 2, 1, '2020-12-07 21:08:29', 1, 0, 1, 0, 100, NULL),
	(1265, 2, 1, '2020-12-07 21:25:27', 1, 0, 1, 0, 100, NULL),
	(1266, 2, 1, '2020-12-07 21:27:35', 1, 0, 2, 0, 100, NULL),
	(1267, 2, 1, '2020-12-07 21:27:55', 1, 0, 1, 0, 0, NULL),
	(1268, 2, 1, '2020-12-07 21:28:01', 1, 0, 1, 55, 6, NULL),
	(1269, 2, 1, '2020-12-07 21:28:07', 1, 0, 1, 50, 16, NULL),
	(1270, 2, 1, '2020-12-07 21:28:12', 1, 0, 1, 45, 23, NULL),
	(1271, 2, 1, '2020-12-07 21:28:12', 1, 0, 2, 45, 100, NULL),
	(1272, 2, 1, '2020-12-07 21:28:21', 1, 1, 1, 45, 0, NULL),
	(1273, 2, 1, '2020-12-07 21:28:28', 1, 1, 1, 295, 1, NULL),
	(1274, 2, 1, '2020-12-07 21:28:52', 1, 1, 1, 290, 3, NULL),
	(1275, 2, 1, '2020-12-07 21:28:57', 1, 1, 1, 285, 5, NULL),
	(1276, 2, 1, '2020-12-07 21:29:02', 1, 1, 1, 280, 6, NULL),
	(1277, 2, 1, '2020-12-07 21:29:08', 1, 1, 1, 275, 8, NULL),
	(1278, 2, 1, '2020-12-07 21:29:13', 1, 1, 1, 270, 9, NULL),
	(1279, 2, 1, '2020-12-07 21:29:17', 1, 1, 1, 265, 11, NULL),
	(1280, 2, 1, '2020-12-07 21:29:22', 1, 1, 1, 260, 13, NULL),
	(1281, 2, 1, '2020-12-07 21:29:27', 1, 1, 1, 255, 15, NULL),
	(1282, 2, 1, '2020-12-07 21:29:32', 1, 1, 1, 250, 16, NULL),
	(1283, 2, 1, '2020-12-07 21:29:37', 1, 1, 1, 245, 18, NULL),
	(1284, 2, 1, '2020-12-07 21:29:42', 1, 1, 1, 240, 19, NULL),
	(1285, 2, 1, '2020-12-07 21:29:48', 1, 1, 1, 235, 21, NULL),
	(1286, 2, 1, '2020-12-07 21:29:53', 1, 1, 1, 230, 23, NULL),
	(1287, 2, 1, '2020-12-07 21:29:58', 1, 1, 1, 225, 25, NULL),
	(1288, 2, 1, '2020-12-07 21:30:02', 1, 1, 1, 220, 26, NULL),
	(1289, 2, 1, '2020-12-07 21:30:07', 1, 1, 1, 215, 28, NULL),
	(1290, 2, 1, '2020-12-07 21:30:12', 1, 1, 1, 210, 29, NULL),
	(1291, 2, 1, '2020-12-07 21:30:17', 1, 1, 1, 205, 31, NULL),
	(1292, 2, 1, '2020-12-07 21:30:22', 1, 1, 1, 200, 33, NULL),
	(1293, 2, 1, '2020-12-07 21:30:28', 1, 1, 1, 195, 35, NULL),
	(1294, 2, 1, '2020-12-07 21:30:33', 1, 1, 1, 190, 36, NULL),
	(1295, 2, 1, '2020-12-07 21:30:37', 1, 1, 1, 185, 38, NULL),
	(1296, 2, 1, '2020-12-07 21:30:42', 1, 1, 1, 180, 40, NULL),
	(1297, 2, 1, '2020-12-07 21:30:47', 1, 1, 1, 175, 41, NULL),
	(1298, 2, 1, '2020-12-07 21:30:52', 1, 1, 1, 170, 43, NULL),
	(1299, 2, 1, '2020-12-07 21:30:57', 1, 1, 1, 165, 44, NULL),
	(1300, 2, 1, '2020-12-07 21:31:02', 1, 1, 1, 160, 46, NULL),
	(1301, 2, 1, '2020-12-07 21:31:08', 1, 1, 1, 155, 48, NULL),
	(1302, 2, 1, '2020-12-07 21:31:13', 1, 1, 1, 150, 50, NULL),
	(1303, 2, 1, '2020-12-07 21:31:17', 1, 1, 1, 145, 51, NULL),
	(1304, 2, 1, '2020-12-07 21:31:22', 1, 1, 1, 140, 53, NULL),
	(1305, 2, 1, '2020-12-07 21:31:27', 1, 1, 1, 135, 54, NULL),
	(1306, 2, 1, '2020-12-07 21:31:32', 1, 1, 1, 130, 56, NULL),
	(1307, 2, 1, '2020-12-07 21:31:37', 1, 1, 1, 125, 58, NULL),
	(1308, 2, 1, '2020-12-07 21:31:43', 1, 1, 1, 120, 60, NULL),
	(1309, 2, 1, '2020-12-07 21:31:48', 1, 1, 1, 115, 61, NULL),
	(1310, 2, 1, '2020-12-07 21:31:53', 1, 1, 1, 110, 63, NULL),
	(1311, 2, 1, '2020-12-07 21:31:57', 1, 1, 1, 105, 64, NULL),
	(1312, 2, 1, '2020-12-07 21:32:02', 1, 1, 1, 100, 66, NULL),
	(1313, 2, 1, '2020-12-07 21:33:46', 1, 1, 1, 95, 68, NULL),
	(1314, 2, 1, '2020-12-07 21:33:50', 1, 1, 1, 90, 69, NULL),
	(1315, 2, 1, '2020-12-07 21:33:55', 1, 1, 1, 85, 71, NULL),
	(1316, 2, 1, '2020-12-07 21:34:00', 1, 1, 1, 80, 73, NULL),
	(1317, 2, 1, '2020-12-07 21:34:05', 1, 1, 1, 75, 75, NULL),
	(1318, 2, 1, '2020-12-07 21:34:10', 1, 1, 1, 70, 76, NULL),
	(1319, 2, 1, '2020-12-07 21:34:16', 1, 1, 1, 65, 78, NULL),
	(1320, 2, 1, '2020-12-07 21:34:21', 1, 1, 1, 60, 79, NULL),
	(1321, 2, 1, '2020-12-07 21:34:25', 1, 1, 1, 55, 81, NULL),
	(1322, 2, 1, '2020-12-07 21:34:30', 1, 1, 1, 50, 83, NULL),
	(1323, 2, 1, '2020-12-07 21:34:35', 1, 1, 1, 45, 84, NULL),
	(1324, 2, 1, '2020-12-07 21:34:40', 1, 1, 1, 40, 86, NULL),
	(1325, 2, 1, '2020-12-07 21:34:46', 1, 1, 1, 35, 88, NULL),
	(1326, 2, 1, '2020-12-07 21:34:51', 1, 1, 1, 30, 90, NULL),
	(1327, 2, 1, '2020-12-07 21:34:55', 1, 1, 1, 25, 91, NULL),
	(1328, 2, 1, '2020-12-07 21:35:00', 1, 1, 1, 20, 93, NULL),
	(1329, 2, 1, '2020-12-07 21:35:05', 1, 1, 1, 15, 94, NULL),
	(1330, 2, 1, '2020-12-07 21:35:10', 1, 1, 1, 10, 96, NULL),
	(1331, 2, 1, '2020-12-07 21:35:15', 1, 1, 1, 5, 98, NULL),
	(1332, 2, 1, '2020-12-07 21:35:20', 1, 1, 2, 0, 100, NULL),
	(1333, 2, 1, '2020-12-07 21:35:33', 1, 0, 1, 0, 0, NULL),
	(1334, 2, 1, '2020-12-07 21:35:39', 1, 0, 1, 55, 6, NULL),
	(1335, 2, 1, '2020-12-07 21:35:44', 1, 0, 1, 50, 16, NULL),
	(1336, 2, 1, '2020-12-07 21:35:46', 1, 0, 2, 49, 100, NULL),
	(1337, 2, 1, '2020-12-07 21:35:49', 1, 0, 1, 49, 0, NULL),
	(1338, 2, 1, '2020-12-07 21:35:54', 1, 0, 2, 56, 100, NULL),
	(1339, 2, 1, '2020-12-07 21:35:57', 1, 1, 1, 56, 0, NULL),
	(1340, 2, 1, '2020-12-07 21:36:03', 1, 1, 1, 295, 1, NULL),
	(1341, 2, 1, '2020-12-07 21:36:05', 1, 1, 2, 293, 100, NULL),
	(1342, 2, 1, '2020-12-07 22:05:39', 1, 1, 1, 0, 0, NULL),
	(1343, 2, 1, '2020-12-07 22:05:45', 1, 1, 1, 295, 1, NULL),
	(1344, 2, 1, '2020-12-07 22:05:50', 1, 1, 1, 290, 3, NULL),
	(1345, 2, 1, '2020-12-07 22:05:54', 1, 1, 1, 285, 4, NULL),
	(1346, 2, 1, '2020-12-07 22:05:59', 1, 1, 1, 280, 6, NULL),
	(1347, 2, 1, '2020-12-07 22:06:00', 1, 1, 2, 280, 100, NULL),
	(1348, 2, 1, '2020-12-07 22:06:09', 1, 1, 1, 280, 0, NULL),
	(1349, 2, 1, '2020-12-07 22:06:14', 1, 1, 1, 295, 1, NULL),
	(1350, 2, 1, '2020-12-07 22:06:41', 1, 1, 1, 290, 3, NULL),
	(1351, 2, 1, '2020-12-07 22:06:44', 1, 1, 2, 287, 100, NULL),
	(1352, 2, 1, '2020-12-07 22:11:37', 2, 1, 1, 0, 0, NULL),
	(1353, 2, 1, '2020-12-07 22:11:37', 2, 1, 2, 0, 100, NULL),
	(1354, 2, 1, '2020-12-07 22:11:44', 2, 0, 1, 0, 0, NULL),
	(1355, 2, 1, '2020-12-07 22:11:50', 2, 0, 1, 55, 6, NULL),
	(1356, 2, 1, '2020-12-07 22:11:54', 2, 0, 1, 50, 16, NULL),
	(1357, 2, 1, '2020-12-07 22:12:00', 2, 0, 1, 45, 23, NULL),
	(1358, 2, 1, '2020-12-07 22:12:01', 2, 0, 2, 44, 100, NULL),
	(1359, 2, 1, '2020-12-07 22:13:28', 3, 0, 1, 0, 0, NULL),
	(1360, 2, 1, '2020-12-07 22:13:37', 3, 0, 2, 232, 100, NULL),
	(1361, 2, 1, '2020-12-07 22:13:42', 4, 0, 1, 232, 0, NULL),
	(1362, 2, 1, '2020-12-07 22:13:47', 4, 0, 1, 7889245, 0, NULL),
	(1363, 2, 1, '2020-12-07 22:13:53', 4, 0, 1, 7889240, 0, NULL),
	(1364, 2, 1, '2020-12-07 22:13:55', 4, 0, 2, 7889238, 100, NULL),
	(1365, 2, 1, '2020-12-08 13:49:05', 3, 0, 1, 0, 0, NULL),
	(1366, 2, 1, '2020-12-08 13:53:06', 3, 0, 2, 0, 100, NULL),
	(1367, 2, 1, '2020-12-08 14:00:23', 3, 0, 1, 0, 0, NULL),
	(1368, 2, 1, '2020-12-08 14:00:24', 3, 0, 2, 240, 100, NULL),
	(1369, 2, 1, '2020-12-08 14:00:59', 3, 0, 1, 0, 0, NULL),
	(1370, 2, 1, '2020-12-08 14:01:05', 3, 0, 2, 236, 100, NULL),
	(1371, 2, 1, '2020-12-08 14:01:28', 3, 0, 1, 0, 0, NULL),
	(1372, 2, 1, '2020-12-08 14:01:37', 3, 0, 2, 232, 100, NULL),
	(1373, 2, 1, '2020-12-08 19:47:13', 4, 0, 1, 0, 0, NULL),
	(1374, 2, 1, '2020-12-08 19:47:18', 4, 0, 1, 7889245, 0, NULL),
	(1375, 2, 1, '2020-12-08 19:47:21', 4, 0, 2, 7889242, 100, NULL),
	(1376, 2, 1, '2020-12-08 19:55:52', 4, 0, 1, 0, 0, NULL),
	(1377, 2, 1, '2020-12-08 19:55:57', 4, 0, 1, 7889245, 0, NULL),
	(1378, 2, 1, '2020-12-08 19:56:03', 4, 0, 1, 7889240, 0, NULL),
	(1379, 2, 1, '2020-12-08 19:56:08', 4, 0, 1, 7889235, 0, NULL),
	(1380, 2, 1, '2020-12-08 19:56:09', 1, 0, 1, 7889233, 0, NULL),
	(1381, 2, 1, '2020-12-08 19:56:13', 1, 0, 2, 57, 100, NULL),
	(1382, 2, 1, '2020-12-08 19:56:13', 1, 0, 2, 57, 100, NULL),
	(1383, 2, 1, '2020-12-08 19:56:18', 4, 0, 1, 57, 0, NULL),
	(1384, 2, 1, '2020-12-08 19:56:24', 4, 0, 1, 7889245, 0, NULL),
	(1385, 2, 1, '2020-12-08 19:56:28', 4, 0, 1, 7889240, 0, NULL),
	(1386, 2, 1, '2020-12-08 19:56:29', 4, 0, 2, 7889239, 100, NULL),
	(1387, 2, 1, '2020-12-08 19:56:31', 1, 0, 1, 7889239, 0, NULL),
	(1388, 2, 1, '2020-12-08 19:56:35', 3, 0, 1, 0, 0, NULL),
	(1389, 2, 1, '2020-12-08 19:56:41', 3, 0, 2, 236, 100, NULL),
	(1390, 2, 1, '2020-12-08 19:56:47', 3, 0, 2, 230, 100, NULL),
	(1391, 2, 1, '2020-12-08 20:04:33', 1, 0, 1, 0, 0, NULL),
	(1392, 2, 1, '2020-12-08 20:04:38', 1, 0, 1, 56, 0, NULL),
	(1393, 2, 1, '2020-12-08 20:04:43', 1, 0, 1, 55, 6, NULL),
	(1394, 2, 1, '2020-12-08 20:04:44', 1, 0, 2, 55, 100, NULL),
	(1395, 2, 1, '2020-12-08 20:04:44', 1, 0, 2, 55, 100, NULL),
	(1396, 2, 1, '2020-12-08 20:18:19', 1, 0, 1, 0, 0, NULL),
	(1397, 2, 1, '2020-12-08 20:18:24', 1, 0, 1, 55, 6, NULL),
	(1398, 2, 1, '2020-12-08 20:18:28', 1, 0, 1, 52, 0, NULL),
	(1399, 2, 1, '2020-12-08 20:18:34', 1, 0, 1, 55, 6, NULL),
	(1400, 2, 1, '2020-12-08 20:18:36', 1, 0, 2, 53, 100, NULL),
	(1401, 2, 1, '2020-12-08 20:18:36', 1, 0, 2, 53, 100, NULL),
	(1402, 2, 1, '2020-12-08 20:27:01', 1, 0, 1, 0, 0, NULL),
	(1403, 2, 1, '2020-12-08 20:27:07', 1, 0, 1, 55, 6, NULL),
	(1404, 2, 1, '2020-12-08 20:27:07', 1, 0, 2, 55, 100, NULL),
	(1405, 2, 1, '2020-12-08 20:37:49', 1, 0, 1, 50, 15, NULL),
	(1406, 2, 1, '2020-12-08 20:37:55', 1, 0, 1, 45, 25, NULL),
	(1407, 2, 1, '2020-12-08 20:38:00', 1, 0, 1, 40, 31, NULL),
	(1408, 2, 1, '2020-12-08 20:38:04', 1, 0, 1, 35, 41, NULL),
	(1409, 2, 1, '2020-12-08 20:38:10', 1, 0, 1, 30, 48, NULL),
	(1410, 2, 1, '2020-12-08 20:38:15', 1, 0, 1, 25, 58, NULL),
	(1411, 2, 1, '2020-12-08 20:38:22', 1, 0, 1, 50, 15, NULL),
	(1412, 2, 1, '2020-12-08 20:38:25', 1, 0, 2, 48, 100, NULL),
	(1413, 2, 1, '2020-12-08 20:38:25', 1, 0, 2, 48, 100, NULL),
	(1414, 2, 1, '2020-12-08 20:39:35', 1, 0, 1, 0, 0, NULL),
	(1415, 2, 1, '2020-12-08 20:39:40', 1, 0, 1, 55, 6, NULL),
	(1416, 2, 1, '2020-12-08 20:39:46', 1, 0, 1, 50, 16, NULL),
	(1417, 2, 1, '2020-12-08 20:39:50', 1, 0, 1, 45, 23, NULL),
	(1418, 2, 1, '2020-12-08 20:39:56', 1, 0, 1, 40, 33, NULL),
	(1419, 2, 1, '2020-12-08 20:40:00', 1, 0, 1, 35, 40, NULL),
	(1420, 2, 1, '2020-12-08 20:40:05', 1, 0, 1, 30, 50, NULL),
	(1421, 2, 1, '2020-12-08 20:40:11', 1, 0, 1, 25, 56, NULL),
	(1422, 2, 1, '2020-12-08 20:40:15', 1, 0, 1, 20, 66, NULL),
	(1423, 2, 1, '2020-12-08 20:40:20', 1, 0, 1, 15, 73, NULL),
	(1424, 2, 1, '2020-12-08 20:40:26', 1, 0, 1, 10, 83, NULL),
	(1425, 2, 1, '2020-12-08 20:40:30', 1, 0, 1, 5, 90, NULL),
	(1426, 2, 1, '2020-12-08 20:40:35', 1, 0, 2, 0, 100, NULL),
	(1427, 2, 1, '2020-12-08 20:46:58', 1, 0, 1, 0, 0, NULL),
	(1428, 2, 1, '2020-12-08 20:47:04', 1, 0, 1, 55, 6, NULL),
	(1429, 2, 1, '2020-12-08 20:47:07', 1, 0, 2, 52, 100, NULL),
	(1430, 2, 1, '2020-12-08 21:01:58', 1, 0, 1, 0, 0, NULL),
	(1431, 2, 1, '2020-12-08 21:02:03', 1, 0, 1, 55, 6, NULL),
	(1432, 2, 1, '2020-12-08 21:02:08', 1, 0, 1, 50, 16, NULL),
	(1433, 2, 1, '2020-12-08 21:02:14', 1, 0, 1, 45, 23, NULL),
	(1434, 2, 1, '2020-12-08 21:02:14', 1, 0, 2, 45, 100, NULL),
	(1435, 2, 1, '2020-12-08 21:16:48', 1, 0, 1, 40, 31, NULL),
	(1436, 2, 1, '2020-12-08 21:16:52', 1, 0, 1, 35, 41, NULL),
	(1437, 2, 1, '2020-12-08 21:16:57', 1, 0, 1, 30, 48, NULL),
	(1438, 2, 1, '2020-12-08 21:17:03', 1, 0, 1, 25, 58, NULL),
	(1439, 2, 1, '2020-12-08 21:17:08', 1, 0, 1, 20, 65, NULL),
	(1440, 2, 1, '2020-12-08 21:17:12', 1, 0, 1, 15, 75, NULL),
	(1441, 2, 1, '2020-12-08 21:17:17', 1, 0, 1, 10, 81, NULL),
	(1442, 2, 1, '2020-12-08 21:17:23', 1, 0, 1, 5, 91, NULL),
	(1443, 2, 1, '2020-12-08 21:17:27', 1, 0, 2, 0, 100, NULL),
	(1444, 2, 1, '2021-01-27 19:35:27', 1, 0, 1, 0, 0, NULL),
	(1445, 2, 1, '2021-01-27 19:40:09', 1, 0, 2, 60, 100, NULL),
	(1446, 2, 1, '2021-01-27 19:47:07', 1, 0, 1, 0, 0, NULL),
	(1447, 2, 1, '2021-01-27 19:47:11', 1, 0, 2, 57, 100, NULL),
	(1448, 2, 1, '2021-01-27 19:49:21', 1, 0, 1, 0, 0, NULL),
	(1449, 2, 1, '2021-01-27 19:49:27', 1, 0, 1, 55, 6, NULL),
	(1450, 2, 1, '2021-01-27 19:49:32', 1, 0, 1, 50, 16, NULL),
	(1451, 2, 1, '2021-01-27 19:49:37', 1, 0, 1, 45, 23, NULL),
	(1452, 2, 1, '2021-01-27 19:49:42', 1, 0, 1, 40, 33, NULL),
	(1453, 2, 1, '2021-01-27 19:49:46', 1, 0, 1, 35, 40, NULL),
	(1454, 2, 1, '2021-01-27 19:49:52', 1, 0, 1, 30, 50, NULL),
	(1455, 2, 1, '2021-01-27 19:49:57', 1, 0, 1, 25, 56, NULL),
	(1456, 2, 1, '2021-01-27 19:50:02', 1, 0, 1, 20, 66, NULL),
	(1457, 2, 1, '2021-01-27 19:50:06', 1, 0, 1, 15, 73, NULL),
	(1458, 2, 1, '2021-01-27 19:50:12', 1, 0, 1, 10, 83, NULL),
	(1459, 2, 1, '2021-01-27 19:50:17', 1, 0, 1, 5, 90, NULL),
	(1460, 2, 1, '2021-01-27 19:50:21', 1, 0, 2, 0, 100, NULL),
	(1461, 2, 1, '2021-01-27 20:17:56', 1, 0, 1, 0, 0, NULL),
	(1462, 2, 1, '2021-01-27 20:18:02', 1, 0, 1, 55, 6, NULL),
	(1463, 2, 1, '2021-01-27 20:18:07', 1, 0, 1, 50, 16, NULL),
	(1464, 2, 1, '2021-01-27 20:18:08', 1, 0, 2, 49, 100, NULL),
	(1465, 2, 1, '2021-01-27 20:30:49', 1, 0, 1, 0, 0, NULL),
	(1466, 2, 1, '2021-01-27 20:30:53', 1, 0, 2, 56, 100, NULL),
	(1467, 2, 1, '2021-01-27 21:03:10', 1, 0, 1, 0, 0, NULL),
	(1468, 2, 1, '2021-01-27 21:03:13', 1, 0, 2, 58, 100, NULL),
	(1469, 2, 1, '2021-01-27 21:03:16', 1, 0, 1, 58, 0, NULL),
	(1470, 2, 1, '2021-01-27 21:03:22', 1, 0, 1, 55, 6, NULL),
	(1471, 2, 1, '2021-01-27 21:03:22', 1, 0, 2, 55, 100, NULL),
	(1472, 2, 1, '2021-01-27 21:25:08', 1, 0, 1, 50, 15, NULL),
	(1473, 2, 1, '2021-01-27 21:25:13', 1, 0, 1, 45, 25, NULL),
	(1474, 2, 1, '2021-01-27 21:25:18', 1, 0, 1, 40, 31, NULL),
	(1475, 2, 1, '2021-01-27 21:25:23', 1, 0, 1, 35, 41, NULL),
	(1476, 2, 1, '2021-01-27 21:25:28', 1, 0, 1, 30, 48, NULL),
	(1477, 2, 1, '2021-01-27 21:25:33', 1, 0, 1, 25, 58, NULL),
	(1478, 2, 1, '2021-01-27 21:25:38', 1, 0, 1, 20, 65, NULL),
	(1479, 2, 1, '2021-01-27 21:25:43', 1, 0, 1, 15, 75, NULL),
	(1480, 2, 1, '2021-01-27 21:25:48', 1, 0, 1, 10, 81, NULL),
	(1481, 2, 1, '2021-01-27 21:25:53', 1, 0, 1, 5, 91, NULL),
	(1482, 2, 1, '2021-01-27 21:25:57', 1, 0, 2, 0, 100, NULL),
	(1483, 2, 1, '2021-01-29 15:26:33', 3, 0, 1, 0, 0, NULL),
	(1484, 2, 1, '2021-01-29 15:28:03', 3, 0, 2, 151, 100, NULL),
	(1485, 2, 1, '2021-01-29 15:28:08', 1, 0, 1, 151, 0, NULL),
	(1486, 2, 1, '2021-01-29 15:28:13', 1, 0, 1, 55, 6, NULL),
	(1487, 2, 1, '2021-01-29 15:28:18', 1, 0, 1, 50, 16, NULL),
	(1488, 2, 1, '2021-01-29 15:28:23', 1, 0, 1, 45, 23, NULL),
	(1489, 2, 1, '2021-01-29 15:28:27', 1, 0, 2, 41, 100, NULL),
	(1490, 2, 1, '2021-01-29 15:28:36', 2, 0, 1, 41, 0, NULL),
	(1491, 2, 1, '2021-01-29 15:28:41', 2, 0, 2, 56, 100, NULL),
	(1492, 2, 1, '2021-02-01 16:48:33', 1, 0, 1, 0, 0, NULL),
	(1493, 2, 1, '2021-02-01 16:48:38', 1, 0, 1, 55, 6, NULL),
	(1494, 2, 1, '2021-02-01 16:48:43', 1, 0, 1, 50, 16, NULL),
	(1495, 2, 1, '2021-02-01 16:48:48', 1, 0, 1, 45, 23, NULL),
	(1496, 2, 1, '2021-02-01 16:48:53', 1, 0, 1, 40, 33, NULL),
	(1497, 2, 1, '2021-02-01 16:48:58', 1, 0, 1, 35, 40, NULL),
	(1498, 2, 1, '2021-02-01 16:49:03', 1, 0, 1, 30, 50, NULL),
	(1499, 2, 1, '2021-02-01 16:49:08', 1, 0, 1, 25, 56, NULL),
	(1500, 2, 1, '2021-02-01 16:49:08', 1, 0, 2, 25, 100, NULL),
	(1501, 2, 1, '2021-02-01 17:57:19', 1, 0, 1, 20, 65, NULL),
	(1502, 2, 1, '2021-02-01 17:57:24', 1, 0, 1, 15, 75, NULL),
	(1503, 2, 1, '2021-02-01 17:57:29', 1, 0, 1, 10, 81, NULL),
	(1504, 2, 1, '2021-02-01 17:57:34', 1, 0, 1, 5, 91, NULL),
	(1505, 2, 1, '2021-02-01 17:57:38', 1, 0, 2, 0, 100, NULL),
	(1506, 2, 1, '2021-02-01 18:06:34', 1, 0, 1, 0, 0, NULL),
	(1507, 2, 1, '2021-02-01 18:06:40', 1, 0, 1, 55, 6, NULL),
	(1508, 2, 1, '2021-02-01 18:06:45', 1, 0, 1, 50, 16, NULL),
	(1509, 2, 1, '2021-02-01 18:06:50', 1, 0, 1, 45, 23, NULL),
	(1510, 2, 1, '2021-02-01 18:06:55', 1, 0, 1, 40, 33, NULL),
	(1511, 2, 1, '2021-02-01 18:07:00', 1, 0, 1, 35, 40, NULL),
	(1512, 2, 1, '2021-02-01 18:07:05', 1, 0, 1, 30, 50, NULL),
	(1513, 2, 1, '2021-02-01 18:07:10', 1, 0, 1, 25, 56, NULL),
	(1514, 2, 1, '2021-02-01 18:07:15', 1, 0, 1, 20, 66, NULL),
	(1515, 2, 1, '2021-02-01 18:07:20', 1, 0, 1, 15, 73, NULL),
	(1516, 2, 1, '2021-02-01 18:07:25', 1, 0, 1, 10, 83, NULL),
	(1517, 2, 1, '2021-02-01 18:07:30', 1, 0, 1, 5, 90, NULL),
	(1518, 2, 1, '2021-02-01 18:07:34', 1, 0, 2, 0, 100, NULL),
	(1519, 2, 1, '2021-02-01 18:10:27', 1, 0, 1, 0, 0, NULL),
	(1520, 2, 1, '2021-02-01 18:10:33', 1, 0, 1, 55, 6, NULL),
	(1521, 2, 1, '2021-02-01 18:10:38', 1, 0, 1, 50, 16, NULL),
	(1522, 2, 1, '2021-02-01 18:10:43', 1, 0, 1, 45, 23, NULL),
	(1523, 2, 1, '2021-02-01 18:10:48', 1, 0, 1, 40, 33, NULL),
	(1524, 2, 1, '2021-02-01 18:10:53', 1, 0, 1, 35, 40, NULL),
	(1525, 2, 1, '2021-02-01 18:10:58', 1, 0, 1, 30, 50, NULL),
	(1526, 2, 1, '2021-02-01 18:11:03', 1, 0, 1, 25, 56, NULL),
	(1527, 2, 1, '2021-02-01 18:11:08', 1, 0, 1, 20, 66, NULL),
	(1528, 2, 1, '2021-02-01 18:11:13', 1, 0, 1, 15, 73, NULL),
	(1529, 2, 1, '2021-02-01 18:11:18', 1, 0, 1, 10, 83, NULL),
	(1530, 2, 1, '2021-02-01 18:11:23', 1, 0, 1, 5, 90, NULL),
	(1531, 2, 1, '2021-02-01 18:11:27', 1, 0, 2, 0, 100, NULL),
	(1532, 2, 1, '2021-02-01 18:13:00', 1, 0, 1, 0, 0, NULL),
	(1533, 2, 1, '2021-02-01 18:13:06', 1, 0, 1, 55, 6, NULL),
	(1534, 2, 1, '2021-02-01 18:13:11', 1, 0, 1, 50, 16, NULL),
	(1535, 2, 1, '2021-02-01 18:13:16', 1, 0, 1, 45, 23, NULL),
	(1536, 2, 1, '2021-02-01 18:13:21', 1, 0, 1, 40, 33, NULL),
	(1537, 2, 1, '2021-02-01 18:13:26', 1, 0, 1, 35, 40, NULL),
	(1538, 2, 1, '2021-02-01 18:13:31', 1, 0, 1, 30, 50, NULL),
	(1539, 2, 1, '2021-02-01 18:13:36', 1, 0, 1, 25, 56, NULL),
	(1540, 2, 1, '2021-02-01 18:13:41', 1, 0, 1, 20, 66, NULL),
	(1541, 2, 1, '2021-02-01 18:13:46', 1, 0, 1, 15, 73, NULL),
	(1542, 2, 1, '2021-02-01 18:13:51', 1, 0, 1, 10, 83, NULL),
	(1543, 2, 1, '2021-02-01 18:13:56', 1, 0, 1, 5, 90, NULL),
	(1544, 2, 1, '2021-02-01 18:14:00', 1, 0, 2, 0, 100, NULL),
	(1545, 2, 1, '2021-02-01 18:17:06', 1, 0, 1, 0, 0, NULL),
	(1546, 2, 1, '2021-02-01 18:17:11', 1, 0, 1, 55, 6, NULL),
	(1547, 2, 1, '2021-02-01 18:17:16', 1, 0, 1, 50, 16, NULL),
	(1548, 2, 1, '2021-02-01 18:17:21', 1, 0, 1, 45, 23, NULL),
	(1549, 2, 1, '2021-02-01 18:17:26', 1, 0, 1, 40, 33, NULL),
	(1550, 2, 1, '2021-02-01 18:17:31', 1, 0, 1, 35, 40, NULL),
	(1551, 2, 1, '2021-02-01 18:17:36', 1, 0, 1, 30, 50, NULL),
	(1552, 2, 1, '2021-02-01 18:17:41', 1, 0, 1, 25, 56, NULL),
	(1553, 2, 1, '2021-02-01 18:17:46', 1, 0, 1, 20, 66, NULL),
	(1554, 2, 1, '2021-02-01 18:17:51', 1, 0, 1, 15, 73, NULL),
	(1555, 2, 1, '2021-02-01 18:17:56', 1, 0, 1, 10, 83, NULL),
	(1556, 2, 1, '2021-02-01 18:18:01', 1, 0, 1, 5, 90, NULL),
	(1557, 2, 1, '2021-02-01 18:18:05', 1, 0, 2, 0, 100, NULL),
	(1558, 2, 1, '2021-02-01 18:21:03', 1, 0, 1, 0, 0, NULL),
	(1559, 2, 1, '2021-02-01 18:21:08', 1, 0, 1, 55, 6, NULL),
	(1560, 2, 1, '2021-02-01 18:21:13', 1, 0, 1, 50, 16, NULL),
	(1561, 2, 1, '2021-02-01 18:21:18', 1, 0, 1, 45, 23, NULL),
	(1562, 2, 1, '2021-02-01 18:21:23', 1, 0, 1, 40, 33, NULL),
	(1563, 2, 1, '2021-02-01 18:21:28', 1, 0, 1, 35, 40, NULL),
	(1564, 2, 1, '2021-02-01 18:21:33', 1, 0, 1, 30, 50, NULL),
	(1565, 2, 1, '2021-02-01 18:21:38', 1, 0, 1, 25, 56, NULL),
	(1566, 2, 1, '2021-02-01 18:21:43', 1, 0, 1, 20, 66, NULL),
	(1567, 2, 1, '2021-02-01 18:21:48', 1, 0, 1, 15, 73, NULL),
	(1568, 2, 1, '2021-02-01 18:21:53', 1, 0, 1, 10, 83, NULL),
	(1569, 2, 1, '2021-02-01 18:21:57', 1, 0, 1, 5, 90, NULL),
	(1570, 2, 1, '2021-02-01 18:22:02', 1, 0, 2, 0, 100, NULL),
	(1571, 2, 1, '2021-02-01 19:08:15', 1, 0, 1, 0, 0, NULL),
	(1572, 2, 1, '2021-02-01 19:08:20', 1, 0, 1, 55, 6, NULL),
	(1573, 2, 1, '2021-02-01 19:08:25', 1, 0, 1, 50, 16, NULL),
	(1574, 2, 1, '2021-02-01 19:08:30', 1, 0, 1, 45, 23, NULL),
	(1575, 2, 1, '2021-02-01 19:08:35', 1, 0, 1, 40, 33, NULL),
	(1576, 2, 1, '2021-02-01 19:08:40', 1, 0, 1, 35, 40, NULL),
	(1577, 2, 1, '2021-02-01 19:08:45', 1, 0, 1, 30, 50, NULL),
	(1578, 2, 1, '2021-02-01 19:08:50', 1, 0, 1, 25, 56, NULL),
	(1579, 2, 1, '2021-02-01 19:08:55', 1, 0, 1, 20, 66, NULL),
	(1580, 2, 1, '2021-02-01 19:09:00', 1, 0, 1, 15, 73, NULL),
	(1581, 2, 1, '2021-02-01 19:09:05', 1, 0, 1, 10, 83, NULL),
	(1582, 2, 1, '2021-02-01 19:09:10', 1, 0, 1, 5, 90, NULL),
	(1583, 2, 1, '2021-02-01 19:09:15', 1, 0, 2, 0, 100, NULL),
	(1584, 2, 1, '2021-02-01 19:10:40', 1, 0, 1, 0, 0, NULL),
	(1585, 2, 1, '2021-02-01 19:10:45', 1, 0, 1, 55, 6, NULL),
	(1586, 2, 1, '2021-02-01 19:10:50', 1, 0, 1, 50, 16, NULL),
	(1587, 2, 1, '2021-02-01 19:10:55', 1, 0, 1, 45, 23, NULL),
	(1588, 2, 1, '2021-02-01 19:11:00', 1, 0, 1, 40, 33, NULL),
	(1589, 2, 1, '2021-02-01 19:11:05', 1, 0, 1, 35, 40, NULL),
	(1590, 2, 1, '2021-02-01 19:11:10', 1, 0, 1, 30, 50, NULL),
	(1591, 2, 1, '2021-02-01 19:11:15', 1, 0, 1, 25, 56, NULL),
	(1592, 2, 1, '2021-02-01 19:12:07', 1, 0, 1, 20, 65, NULL),
	(1593, 2, 1, '2021-02-01 19:12:12', 1, 0, 1, 15, 75, NULL),
	(1594, 2, 1, '2021-02-01 19:12:17', 1, 0, 1, 10, 81, NULL),
	(1595, 2, 1, '2021-02-01 19:12:22', 1, 0, 1, 5, 91, NULL),
	(1596, 2, 1, '2021-02-01 19:12:26', 1, 0, 2, 0, 100, NULL),
	(1597, 2, 1, '2021-02-01 19:12:56', 1, 0, 1, 0, 0, NULL),
	(1598, 2, 1, '2021-02-01 19:13:02', 1, 0, 1, 55, 6, NULL),
	(1599, 2, 1, '2021-02-01 19:13:07', 1, 0, 1, 50, 16, NULL),
	(1600, 2, 1, '2021-02-01 19:13:12', 1, 0, 1, 45, 23, NULL),
	(1601, 2, 1, '2021-02-01 19:13:17', 1, 0, 1, 40, 33, NULL),
	(1602, 2, 1, '2021-02-01 19:13:22', 1, 0, 1, 35, 40, NULL),
	(1603, 2, 1, '2021-02-01 19:13:27', 1, 0, 1, 30, 50, NULL),
	(1604, 2, 1, '2021-02-01 19:13:32', 1, 0, 1, 25, 56, NULL),
	(1605, 2, 1, '2021-02-01 19:13:37', 1, 0, 1, 20, 66, NULL),
	(1606, 2, 1, '2021-02-01 19:13:42', 1, 0, 1, 15, 73, NULL),
	(1607, 2, 1, '2021-02-01 19:13:47', 1, 0, 1, 10, 83, NULL),
	(1608, 2, 1, '2021-02-01 19:13:52', 1, 0, 1, 5, 90, NULL),
	(1609, 2, 1, '2021-02-01 19:13:57', 1, 0, 2, 0, 100, NULL),
	(1610, 2, 1, '2021-02-01 19:15:31', 1, 0, 1, 0, 0, NULL),
	(1611, 2, 1, '2021-02-01 19:15:36', 1, 0, 1, 55, 6, NULL),
	(1612, 2, 1, '2021-02-01 19:15:41', 1, 0, 1, 50, 16, NULL),
	(1613, 2, 1, '2021-02-01 19:15:46', 1, 0, 1, 45, 23, NULL),
	(1614, 2, 1, '2021-02-01 19:15:51', 1, 0, 1, 40, 33, NULL),
	(1615, 2, 1, '2021-02-01 19:15:56', 1, 0, 1, 35, 40, NULL),
	(1616, 2, 1, '2021-02-01 19:16:01', 1, 0, 1, 30, 50, NULL),
	(1617, 2, 1, '2021-02-01 19:16:06', 1, 0, 1, 25, 56, NULL),
	(1618, 2, 1, '2021-02-01 19:16:11', 1, 0, 1, 20, 66, NULL),
	(1619, 2, 1, '2021-02-01 19:16:16', 1, 0, 1, 15, 73, NULL),
	(1620, 2, 1, '2021-02-01 19:16:21', 1, 0, 1, 10, 83, NULL),
	(1621, 2, 1, '2021-02-01 19:16:26', 1, 0, 1, 5, 90, NULL),
	(1622, 2, 1, '2021-02-01 19:16:31', 1, 0, 2, 0, 100, NULL),
	(1623, 2, 1, '2021-02-01 19:17:30', 1, 0, 1, 0, 0, NULL),
	(1624, 2, 1, '2021-02-01 19:17:35', 1, 0, 1, 55, 6, NULL),
	(1625, 2, 1, '2021-02-01 19:17:40', 1, 0, 1, 50, 16, NULL),
	(1626, 2, 1, '2021-02-01 19:17:45', 1, 0, 1, 45, 23, NULL),
	(1627, 2, 1, '2021-02-01 19:17:50', 1, 0, 1, 40, 33, NULL),
	(1628, 2, 1, '2021-02-01 19:17:55', 1, 0, 1, 35, 40, NULL),
	(1629, 2, 1, '2021-02-01 19:18:00', 1, 0, 1, 30, 50, NULL),
	(1630, 2, 1, '2021-02-01 19:18:05', 1, 0, 1, 25, 56, NULL),
	(1631, 2, 1, '2021-02-01 19:18:10', 1, 0, 1, 20, 66, NULL),
	(1632, 2, 1, '2021-02-01 19:18:15', 1, 0, 1, 15, 73, NULL),
	(1633, 2, 1, '2021-02-01 19:18:20', 1, 0, 1, 10, 83, NULL),
	(1634, 2, 1, '2021-02-01 19:18:25', 1, 0, 1, 5, 90, NULL),
	(1635, 2, 1, '2021-02-01 19:18:29', 1, 0, 2, 0, 100, NULL),
	(1636, 2, 1, '2021-02-01 19:20:34', 1, 0, 1, 0, 0, NULL),
	(1637, 2, 1, '2021-02-01 19:20:39', 1, 0, 1, 55, 6, NULL),
	(1638, 2, 1, '2021-02-01 19:20:44', 1, 0, 1, 50, 16, NULL),
	(1639, 2, 1, '2021-02-01 19:20:49', 1, 0, 1, 45, 23, NULL),
	(1640, 2, 1, '2021-02-01 19:20:54', 1, 0, 1, 40, 33, NULL),
	(1641, 2, 1, '2021-02-01 19:20:59', 1, 0, 1, 35, 40, NULL),
	(1642, 2, 1, '2021-02-01 19:21:04', 1, 0, 1, 30, 50, NULL),
	(1643, 2, 1, '2021-02-01 19:21:09', 1, 0, 1, 25, 56, NULL),
	(1644, 2, 1, '2021-02-01 19:21:14', 1, 0, 1, 20, 66, NULL),
	(1645, 2, 1, '2021-02-01 19:21:19', 1, 0, 1, 15, 73, NULL),
	(1646, 2, 1, '2021-02-01 19:21:24', 1, 0, 1, 10, 83, NULL),
	(1647, 2, 1, '2021-02-01 19:21:29', 1, 0, 1, 5, 90, NULL),
	(1648, 2, 1, '2021-02-01 19:21:33', 1, 0, 2, 0, 100, NULL),
	(1649, 2, 1, '2021-02-01 19:23:36', 1, 0, 1, 0, 0, NULL),
	(1650, 2, 1, '2021-02-01 19:23:41', 1, 0, 1, 55, 6, NULL),
	(1651, 2, 1, '2021-02-01 19:23:46', 1, 0, 1, 50, 16, NULL),
	(1652, 2, 1, '2021-02-01 19:23:51', 1, 0, 1, 45, 23, NULL),
	(1653, 2, 1, '2021-02-01 19:23:56', 1, 0, 1, 40, 33, NULL),
	(1654, 2, 1, '2021-02-01 19:24:01', 1, 0, 1, 35, 40, NULL),
	(1655, 2, 1, '2021-02-01 19:24:06', 1, 0, 1, 30, 50, NULL),
	(1656, 2, 1, '2021-02-01 19:24:11', 1, 0, 1, 25, 56, NULL),
	(1657, 2, 1, '2021-02-01 19:24:16', 1, 0, 1, 20, 66, NULL),
	(1658, 2, 1, '2021-02-01 19:24:21', 1, 0, 1, 15, 73, NULL),
	(1659, 2, 1, '2021-02-01 19:24:26', 1, 0, 1, 10, 83, NULL),
	(1660, 2, 1, '2021-02-01 19:24:31', 1, 0, 1, 5, 90, NULL),
	(1661, 2, 1, '2021-02-01 19:24:35', 1, 0, 2, 0, 100, NULL),
	(1662, 2, 1, '2021-02-01 19:58:15', 1, 0, 1, 0, 0, 0),
	(1663, 2, 1, '2021-02-01 19:58:20', 1, 0, 1, 55, 6, 30.3897),
	(1664, 2, 1, '2021-02-01 19:58:25', 1, 0, 1, 50, 16, 29.0361),
	(1665, 2, 1, '2021-02-01 19:58:30', 1, 0, 1, 45, 23, 27.5859),
	(1666, 2, 1, '2021-02-01 19:58:35', 1, 0, 1, 40, 33, 29.4228),
	(1667, 2, 1, '2021-02-01 19:58:45', 1, 0, 1, 30, 50, 31.4209),
	(1668, 2, 1, '2021-02-01 19:58:50', 1, 0, 1, 25, 56, 30.3897),
	(1669, 2, 1, '2021-02-01 19:58:55', 1, 0, 1, 20, 66, 30.0352),
	(1670, 2, 1, '2021-02-01 19:59:00', 1, 0, 1, 15, 73, 29.3584),
	(1671, 2, 1, '2021-02-01 19:59:05', 1, 0, 1, 10, 83, 29.9707),
	(1672, 2, 1, '2021-02-01 19:59:10', 1, 0, 1, 5, 90, 30.1641),
	(1673, 2, 1, '2021-02-01 19:59:15', 1, 0, 2, 0, 100, 0),
	(1674, 2, 1, '2021-02-01 20:00:42', 1, 0, 1, 50, 16, 29.6),
	(1675, 2, 1, '2021-02-01 20:00:47', 1, 0, 1, 45, 23, 28.9),
	(1676, 2, 1, '2021-02-01 20:00:52', 1, 0, 1, 40, 33, 30.1),
	(1677, 2, 1, '2021-02-01 20:00:57', 1, 0, 1, 35, 40, 30.2),
	(1678, 2, 1, '2021-02-01 20:01:02', 1, 0, 1, 30, 50, 32.4),
	(1679, 2, 1, '2021-02-01 20:01:07', 1, 0, 1, 25, 56, 30.1),
	(1680, 2, 1, '2021-02-01 20:01:12', 1, 0, 1, 20, 66, 30.1),
	(1681, 2, 1, '2021-02-01 20:01:17', 1, 0, 1, 15, 73, 30.1),
	(1682, 2, 1, '2021-02-01 20:01:22', 1, 0, 1, 10, 83, 30.3),
	(1683, 2, 1, '2021-02-01 20:01:27', 1, 0, 1, 5, 90, 30),
	(1684, 2, 1, '2021-02-01 20:01:32', 1, 0, 2, 0, 100, 0),
	(1685, 2, 1, '2021-02-01 20:24:17', 1, 0, 1, 0, 0, 0),
	(1686, 2, 1, '2021-02-01 20:24:22', 1, 0, 1, 55, 6, 30.2),
	(1687, 2, 1, '2021-02-01 20:24:27', 1, 0, 1, 50, 16, 32.3),
	(1688, 2, 1, '2021-02-01 20:24:32', 1, 0, 1, 45, 23, 29.3),
	(1689, 2, 1, '2021-02-01 20:24:36', 1, 0, 2, 42, 100, 0),
	(1690, 2, 1, '2021-02-01 20:26:53', 1, 0, 1, 0, 0, 0),
	(1691, 2, 1, '2021-02-01 20:26:58', 1, 0, 1, 55, 6, 32.5),
	(1692, 2, 1, '2021-02-01 20:26:59', 1, 0, 2, 55, 100, 0),
	(1693, 2, 1, '2021-02-01 20:27:03', 1, 0, 1, 55, 0, 0),
	(1694, 2, 1, '2021-02-01 20:27:08', 1, 0, 2, 56, 100, 0),
	(1695, 2, 1, '2021-02-02 09:09:11', 1, 0, 1, 35, 40, 0),
	(1696, 2, 1, '2021-02-02 09:09:35', 1, 0, 1, 10, 83, 0),
	(1697, 2, 1, '2021-02-02 09:10:26', 1, 0, 1, 5, 90, 0),
	(1698, 2, 1, '2021-02-02 09:13:58', 1, 0, 2, 0, 100, 0),
	(1699, 2, 1, '2021-02-06 17:24:17', 1, 0, 1, 0, 0, 0),
	(1700, 2, 1, '2021-02-06 17:24:22', 1, 0, 1, 55, 6, 0),
	(1701, 2, 1, '2021-02-06 17:24:27', 1, 0, 1, 50, 16, 0),
	(1702, 2, 1, '2021-02-06 17:24:32', 1, 0, 1, 45, 23, 0),
	(1703, 2, 1, '2021-02-06 17:24:37', 1, 0, 1, 40, 33, 0),
	(1704, 2, 1, '2021-02-06 17:24:42', 1, 0, 1, 35, 40, 0),
	(1705, 2, 1, '2021-02-06 17:24:47', 1, 0, 1, 30, 50, 0),
	(1706, 2, 1, '2021-02-06 17:24:52', 1, 0, 1, 25, 56, 0),
	(1707, 2, 1, '2021-02-06 17:24:57', 1, 0, 1, 20, 66, 0),
	(1708, 2, 1, '2021-02-06 17:25:02', 1, 0, 1, 15, 73, 0),
	(1709, 2, 1, '2021-02-06 17:25:08', 1, 0, 1, 10, 83, 0),
	(1710, 2, 1, '2021-02-06 17:25:13', 1, 0, 1, 5, 90, 0),
	(1711, 2, 1, '2021-02-06 17:25:18', 1, 0, 2, 0, 100, 0),
	(1712, 2, 1, '2021-02-06 17:25:38', 3, 0, 1, 0, 0, 0),
	(1713, 2, 1, '2021-02-06 17:25:54', 3, 0, 2, 225, 100, 0),
	(1714, 2, 1, '2021-02-06 17:26:07', 3, 0, 1, 0, 0, 0),
	(1715, 2, 1, '2021-02-06 17:27:24', 3, 0, 2, 164, 100, 0),
	(1716, 2, 1, '2021-02-06 17:30:07', 1, 0, 1, 164, 0, 0),
	(1717, 2, 1, '2021-02-06 17:30:12', 1, 0, 1, 55, 6, 0),
	(1718, 2, 1, '2021-02-06 17:30:15', 1, 0, 2, 52, 100, 0),
	(1719, 2, 1, '2021-02-06 17:30:22', 3, 0, 1, 0, 0, 0),
	(1720, 2, 1, '2021-02-06 17:30:26', 3, 0, 2, 236, 100, 0),
	(1721, 2, 1, '2021-02-06 17:31:37', 3, 0, 1, 0, 0, 0),
	(1722, 2, 1, '2021-02-06 17:31:41', 3, 0, 2, 237, 100, 0),
	(1723, 2, 1, '2021-02-06 17:31:44', 1, 0, 1, 237, 0, 0),
	(1724, 2, 1, '2021-02-06 17:33:28', 1, 0, 1, 212, 1, 0),
	(1725, 2, 1, '2021-02-06 17:33:33', 1, 0, 1, 207, 11, 0),
	(1726, 2, 1, '2021-02-06 17:33:38', 1, 0, 1, 202, 18, 0),
	(1727, 2, 1, '2021-02-06 17:33:43', 1, 0, 1, 197, 28, 0),
	(1728, 2, 1, '2021-02-06 17:33:48', 1, 0, 1, 192, 35, 0),
	(1729, 2, 1, '2021-02-06 17:33:53', 1, 0, 1, 187, 45, 0),
	(1730, 2, 1, '2021-02-06 17:33:58', 1, 0, 1, 182, 51, 0),
	(1731, 2, 1, '2021-02-06 17:34:03', 1, 0, 1, 177, 61, 0),
	(1732, 2, 1, '2021-02-06 17:34:08', 1, 0, 1, 172, 68, 0),
	(1733, 2, 1, '2021-02-06 17:34:13', 1, 0, 1, 167, 78, 0),
	(1734, 2, 1, '2021-02-06 17:34:18', 1, 0, 1, 162, 85, 0),
	(1735, 2, 1, '2021-02-06 17:34:23', 1, 0, 1, 157, 95, 0),
	(1736, 2, 1, '2021-02-06 17:34:28', 1, 0, 1, 152, 101, 0),
	(1737, 2, 1, '2021-02-06 17:34:33', 1, 0, 1, 147, 111, 0),
	(1738, 2, 1, '2021-02-06 17:34:36', 1, 0, 2, 145, 100, 0),
	(1739, 2, 1, '2021-02-06 17:35:00', 1, 0, 1, 145, 0, 0),
	(1740, 2, 1, '2021-02-06 17:35:04', 1, 0, 1, 55, 6, 0),
	(1741, 2, 1, '2021-02-06 17:35:09', 1, 0, 1, 50, 16, 0),
	(1742, 2, 1, '2021-02-06 17:35:14', 1, 0, 1, 45, 23, 0),
	(1743, 2, 1, '2021-02-06 17:35:19', 1, 0, 1, 40, 33, 0),
	(1744, 2, 1, '2021-02-06 17:35:40', 1, 0, 1, 35, 40, 0),
	(1745, 2, 1, '2021-02-06 17:35:45', 1, 0, 1, 30, 50, 0),
	(1746, 2, 1, '2021-02-06 17:35:50', 1, 0, 1, 25, 56, 0),
	(1747, 2, 1, '2021-02-06 17:35:55', 1, 0, 1, 20, 66, 0),
	(1748, 2, 1, '2021-02-06 17:36:00', 1, 0, 1, 15, 73, 0),
	(1749, 2, 1, '2021-02-06 17:36:05', 1, 0, 1, 10, 83, 0),
	(1750, 2, 1, '2021-02-06 17:36:10', 1, 0, 1, 5, 90, 0),
	(1751, 2, 1, '2021-02-06 17:36:15', 1, 0, 2, 0, 100, 0),
	(1752, 2, 1, '2021-02-06 17:36:51', 1, 0, 1, 0, 0, 0),
	(1753, 2, 1, '2021-02-06 17:36:56', 1, 0, 1, 55, 6, 0),
	(1754, 2, 1, '2021-02-06 17:37:01', 1, 0, 1, 50, 16, 0),
	(1755, 2, 1, '2021-02-06 17:37:07', 1, 0, 2, 46, 100, 0),
	(1756, 2, 1, '2021-02-06 17:37:08', 1, 0, 1, 46, 0, 0),
	(1757, 2, 1, '2021-02-06 17:37:13', 1, 0, 1, 55, 6, 0),
	(1758, 2, 1, '2021-02-06 17:37:16', 1, 0, 2, 53, 100, 0),
	(1759, 2, 1, '2021-02-06 21:33:15', 1, 0, 1, 1, 0, 0),
	(1760, 2, 1, '2021-02-06 21:33:19', 1, 0, 1, 55, 6, 0),
	(1761, 2, 1, '2021-02-06 21:33:24', 1, 0, 1, 50, 16, 0),
	(1762, 2, 1, '2021-02-06 21:33:29', 1, 0, 1, 45, 23, 0),
	(1763, 2, 1, '2021-02-06 21:33:35', 1, 0, 1, 40, 33, 0),
	(1764, 2, 1, '2021-02-06 21:33:40', 1, 0, 1, 35, 40, 0),
	(1765, 2, 1, '2021-02-06 21:33:45', 1, 0, 1, 30, 50, 0),
	(1766, 2, 1, '2021-02-06 21:33:50', 1, 0, 1, 25, 56, 0),
	(1767, 2, 1, '2021-02-06 21:33:55', 1, 0, 1, 20, 66, 0),
	(1768, 2, 1, '2021-02-06 21:34:00', 1, 0, 1, 15, 73, 0),
	(1769, 2, 1, '2021-02-06 21:34:05', 1, 0, 1, 10, 83, 0),
	(1770, 2, 1, '2021-02-06 21:34:10', 1, 0, 1, 5, 90, 0),
	(1771, 2, 1, '2021-02-06 21:34:15', 1, 0, 2, 0, 100, 0),
	(1772, 2, 1, '2021-02-06 21:39:06', 1, 0, 1, 1, 0, 0),
	(1773, 2, 1, '2021-02-06 21:39:11', 1, 0, 1, 55, 6, 0),
	(1774, 2, 1, '2021-02-06 21:39:16', 1, 0, 1, 50, 16, 0),
	(1775, 2, 1, '2021-02-06 21:39:20', 1, 0, 1, 45, 23, 0),
	(1776, 2, 1, '2021-02-06 21:39:25', 1, 0, 1, 40, 33, 0),
	(1777, 2, 1, '2021-02-06 21:39:30', 1, 0, 1, 35, 40, 0),
	(1778, 2, 1, '2021-02-06 21:39:36', 1, 0, 1, 30, 50, 0),
	(1779, 2, 1, '2021-02-06 21:39:41', 1, 0, 2, 26, 100, 0),
	(1780, 2, 1, '2021-02-06 21:50:55', 1, 0, 1, 1, 0, 0),
	(1781, 2, 1, '2021-02-06 21:51:00', 1, 0, 1, 55, 6, 0),
	(1782, 2, 1, '2021-02-06 21:51:05', 1, 0, 1, 50, 16, 0),
	(1783, 2, 1, '2021-02-06 21:51:10', 1, 0, 1, 45, 23, 0),
	(1784, 2, 1, '2021-02-06 21:51:15', 1, 0, 1, 40, 33, 0),
	(1785, 2, 1, '2021-02-06 21:51:20', 1, 0, 1, 35, 40, 0),
	(1786, 2, 1, '2021-02-06 21:51:25', 1, 0, 1, 30, 50, 0),
	(1787, 2, 1, '2021-02-06 21:51:30', 1, 0, 1, 25, 56, 0),
	(1788, 2, 1, '2021-02-06 21:51:34', 1, 0, 1, 20, 66, 0),
	(1789, 2, 1, '2021-02-06 21:51:39', 1, 0, 1, 15, 73, 0),
	(1790, 2, 1, '2021-02-06 21:51:44', 1, 0, 1, 10, 83, 0),
	(1791, 2, 1, '2021-02-06 21:51:50', 1, 0, 1, 5, 90, 0),
	(1792, 2, 1, '2021-02-06 21:51:55', 1, 0, 2, 0, 100, 0),
	(1793, 2, 1, '2021-02-07 20:42:10', 1, 0, 1, 1, 0, 0),
	(1794, 2, 1, '2021-02-07 20:42:15', 1, 0, 1, 55, 6, 0),
	(1795, 2, 1, '2021-02-07 20:42:20', 1, 0, 1, 50, 16, 0),
	(1796, 2, 1, '2021-02-07 20:42:25', 1, 0, 1, 45, 23, 0),
	(1797, 2, 1, '2021-02-07 20:42:30', 1, 0, 1, 40, 33, 0),
	(1798, 2, 1, '2021-02-07 20:42:35', 1, 0, 1, 35, 40, 0),
	(1799, 2, 1, '2021-02-07 20:42:40', 1, 0, 1, 30, 50, 0),
	(1800, 2, 1, '2021-02-07 20:42:45', 1, 0, 1, 25, 56, 0),
	(1801, 2, 1, '2021-02-07 20:42:50', 1, 0, 1, 20, 66, 0),
	(1802, 2, 1, '2021-02-07 20:42:55', 1, 0, 1, 15, 73, 0),
	(1803, 2, 1, '2021-02-07 20:43:00', 1, 0, 1, 10, 83, 0),
	(1804, 2, 1, '2021-02-07 20:43:05', 1, 0, 1, 5, 90, 0),
	(1805, 2, 1, '2021-02-07 20:43:10', 1, 0, 2, 0, 100, 0),
	(1806, 2, 1, '2021-02-07 20:45:45', 1, 0, 1, 1, 0, 0),
	(1807, 2, 1, '2021-02-07 20:45:49', 1, 0, 1, 55, 6, 0),
	(1808, 2, 1, '2021-02-07 20:45:54', 1, 0, 1, 50, 16, 0),
	(1809, 2, 1, '2021-02-07 20:45:59', 1, 0, 1, 45, 23, 0),
	(1810, 2, 1, '2021-02-07 20:46:04', 1, 0, 1, 40, 33, 0),
	(1811, 2, 1, '2021-02-07 20:46:09', 1, 0, 1, 35, 40, 0),
	(1812, 2, 1, '2021-02-07 20:46:14', 1, 0, 1, 30, 50, 0),
	(1813, 2, 1, '2021-02-07 20:46:19', 1, 0, 1, 25, 56, 0),
	(1814, 2, 1, '2021-02-07 20:46:24', 1, 0, 1, 20, 66, 0),
	(1815, 2, 1, '2021-02-07 20:46:29', 1, 0, 1, 15, 73, 0),
	(1816, 2, 1, '2021-02-07 20:46:34', 1, 0, 1, 10, 83, 0),
	(1817, 2, 1, '2021-02-07 20:46:39', 1, 0, 1, 5, 90, 0),
	(1818, 2, 1, '2021-02-07 20:46:44', 1, 0, 2, 0, 100, 0);
/*!40000 ALTER TABLE `placas_data` ENABLE KEYS */;

-- Volcando estructura para tabla cervecero.placas_firmwares
CREATE TABLE IF NOT EXISTS `placas_firmwares` (
  `version` varchar(10) CHARACTER SET utf8mb4 COLLATE utf8mb4_unicode_ci NOT NULL DEFAULT '0.0.0',
  `fechaSalida` timestamp NOT NULL DEFAULT CURRENT_TIMESTAMP,
  PRIMARY KEY (`version`)
) ENGINE=InnoDB DEFAULT CHARSET=utf8 COLLATE=utf8_unicode_ci;

-- Volcando datos para la tabla cervecero.placas_firmwares: ~0 rows (aproximadamente)
DELETE FROM `placas_firmwares`;
/*!40000 ALTER TABLE `placas_firmwares` DISABLE KEYS */;
INSERT INTO `placas_firmwares` (`version`, `fechaSalida`) VALUES
	('0.0.6', '2020-12-08 21:18:58');
/*!40000 ALTER TABLE `placas_firmwares` ENABLE KEYS */;

-- Volcando estructura para tabla cervecero.procesos
CREATE TABLE IF NOT EXISTS `procesos` (
  `id` int(11) NOT NULL AUTO_INCREMENT,
  `proceso` varchar(17) CHARACTER SET utf8mb4 DEFAULT NULL,
  PRIMARY KEY (`id`)
) ENGINE=InnoDB AUTO_INCREMENT=5 DEFAULT CHARSET=utf8 COLLATE=utf8_unicode_ci;

-- Volcando datos para la tabla cervecero.procesos: ~4 rows (aproximadamente)
DELETE FROM `procesos`;
/*!40000 ALTER TABLE `procesos` DISABLE KEYS */;
INSERT INTO `procesos` (`id`, `proceso`) VALUES
	(1, 'Maceracion'),
	(2, 'Coccion'),
	(3, 'Fermentacion'),
	(4, 'Transvase');
/*!40000 ALTER TABLE `procesos` ENABLE KEYS */;

-- Volcando estructura para tabla cervecero.recetas
CREATE TABLE IF NOT EXISTS `recetas` (
  `ID` int(11) NOT NULL AUTO_INCREMENT,
  `nombre` varchar(50) CHARACTER SET utf8mb4 NOT NULL DEFAULT '0',
  `tempMacer` varchar(50) CHARACTER SET utf8mb4 NOT NULL DEFAULT '0',
  `tiempoMacer` varchar(50) CHARACTER SET utf8mb4 NOT NULL DEFAULT '0',
  `tempCoc` varchar(50) CHARACTER SET utf8mb4 NOT NULL DEFAULT '0',
  `tiempoCoc` varchar(50) CHARACTER SET utf8mb4 NOT NULL DEFAULT '0',
  `tempFermen` varchar(50) CHARACTER SET utf8mb4 NOT NULL DEFAULT '0',
  `tiempoFermen` varchar(50) CHARACTER SET utf8mb4 NOT NULL DEFAULT '0',
  `procesosOrden` varchar(50) CHARACTER SET utf8mb4 NOT NULL DEFAULT '1:2:3:4',
  PRIMARY KEY (`ID`)
) ENGINE=InnoDB AUTO_INCREMENT=3 DEFAULT CHARSET=utf8 COLLATE=utf8_unicode_ci;

-- Volcando datos para la tabla cervecero.recetas: ~2 rows (aproximadamente)
DELETE FROM `recetas`;
/*!40000 ALTER TABLE `recetas` DISABLE KEYS */;
INSERT INTO `recetas` (`ID`, `nombre`, `tempMacer`, `tiempoMacer`, `tempCoc`, `tiempoCoc`, `tempFermen`, `tiempoFermen`, `procesosOrden`) VALUES
	(1, 'Pinta', '54:78:89:34', '1:5:7:3', '30', '1', '42', '3', '1:2:3:4'),
	(2, 'Alcahchofa', '78:45:56:12', '2:5:7:10', '74:41:10:45', '10:45:41:23', '15:45:78:98', '12:45:78:89', '1:2:3:4');
/*!40000 ALTER TABLE `recetas` ENABLE KEYS */;

-- Volcando estructura para tabla cervecero.sondas
CREATE TABLE IF NOT EXISTS `sondas` (
  `id_Sonda` int(11) NOT NULL AUTO_INCREMENT,
  `id_User` int(11) unsigned NOT NULL DEFAULT '0',
  PRIMARY KEY (`id_Sonda`),
  KEY `FK_sodas_users` (`id_User`),
  CONSTRAINT `FK_sodas_users` FOREIGN KEY (`id_User`) REFERENCES `users` (`id_User`)
) ENGINE=InnoDB AUTO_INCREMENT=3 DEFAULT CHARSET=utf8mb4 COLLATE=utf8mb4_unicode_ci;

-- Volcando datos para la tabla cervecero.sondas: ~0 rows (aproximadamente)
DELETE FROM `sondas`;
/*!40000 ALTER TABLE `sondas` DISABLE KEYS */;
INSERT INTO `sondas` (`id_Sonda`, `id_User`) VALUES
	(2, 1);
/*!40000 ALTER TABLE `sondas` ENABLE KEYS */;

-- Volcando estructura para tabla cervecero.sondas_data
CREATE TABLE IF NOT EXISTS `sondas_data` (
  `id` int(11) unsigned NOT NULL AUTO_INCREMENT,
  `id_Sonda` int(11) NOT NULL DEFAULT '0',
  `tilt` float NOT NULL DEFAULT '0',
  `temp` int(11) NOT NULL DEFAULT '0',
  `temp_Unit` varchar(50) COLLATE utf8_unicode_ci NOT NULL,
  `battery` float NOT NULL DEFAULT '0',
  `gravity` float NOT NULL DEFAULT '0',
  `interval` tinyint(4) NOT NULL DEFAULT '0',
  `RSSI` float NOT NULL DEFAULT '0',
  `date` timestamp NULL DEFAULT CURRENT_TIMESTAMP,
  PRIMARY KEY (`id`),
  KEY `id_Sonda` (`id_Sonda`),
  CONSTRAINT `FK_sonda_data_sodas` FOREIGN KEY (`id_Sonda`) REFERENCES `sondas` (`id_Sonda`)
) ENGINE=InnoDB AUTO_INCREMENT=654 DEFAULT CHARSET=utf8 COLLATE=utf8_unicode_ci;

-- Volcando datos para la tabla cervecero.sondas_data: ~174 rows (aproximadamente)
DELETE FROM `sondas_data`;
/*!40000 ALTER TABLE `sondas_data` DISABLE KEYS */;
INSERT INTO `sondas_data` (`id`, `id_Sonda`, `tilt`, `temp`, `temp_Unit`, `battery`, `gravity`, `interval`, `RSSI`, `date`) VALUES
	(472, 2, 177.81, 22, 'C', 3.91032, 75.185, 5, -28, '2021-02-10 17:46:21'),
	(473, 2, 177.8, 22, 'C', 3.91032, 75.1805, 5, -28, '2021-02-10 17:46:27'),
	(474, 2, 177.804, 22, 'C', 3.91032, 75.1823, 5, -29, '2021-02-10 17:46:34'),
	(475, 2, 177.818, 22, 'C', 3.91554, 75.1885, 5, -29, '2021-02-10 17:46:44'),
	(476, 2, 177.813, 22, 'C', 3.91032, 75.1866, 5, -28, '2021-02-10 17:46:50'),
	(477, 2, 177.816, 22, 'C', 3.91554, 75.1876, 5, -29, '2021-02-10 17:46:56'),
	(478, 2, 177.805, 22, 'C', 3.91032, 75.1828, 5, -28, '2021-02-10 17:47:04'),
	(479, 2, 177.788, 22, 'C', 3.91032, 75.1754, 5, -29, '2021-02-10 17:47:11'),
	(480, 2, 177.81, 22, 'C', 3.91554, 75.1853, 5, -28, '2021-02-10 17:47:18'),
	(481, 2, 177.806, 22, 'C', 3.91032, 75.1832, 5, -28, '2021-02-10 17:47:25'),
	(482, 2, 177.807, 22, 'C', 3.91554, 75.184, 5, -29, '2021-02-10 17:47:33'),
	(483, 2, 177.829, 22, 'C', 3.91554, 75.1936, 5, -27, '2021-02-10 17:47:39'),
	(484, 2, 177.817, 22, 'C', 3.91554, 75.1884, 5, -29, '2021-02-10 17:47:46'),
	(485, 2, 177.834, 22, 'C', 3.92075, 75.1957, 5, -29, '2021-02-10 17:47:53'),
	(486, 2, 177.8, 22, 'C', 3.91554, 75.1807, 5, -28, '2021-02-10 17:48:00'),
	(487, 2, 177.793, 22, 'C', 3.91554, 75.1774, 5, -28, '2021-02-10 17:48:07'),
	(488, 2, 177.797, 22, 'C', 3.91032, 75.1792, 5, -27, '2021-02-10 17:48:14'),
	(489, 2, 177.79, 22, 'C', 3.91032, 75.1763, 5, -28, '2021-02-10 17:48:21'),
	(490, 2, 177.821, 22, 'C', 3.91032, 75.19, 5, -28, '2021-02-10 17:48:29'),
	(491, 2, 177.827, 22, 'C', 3.91554, 75.1928, 5, -29, '2021-02-10 17:48:36'),
	(492, 2, 177.817, 22, 'C', 3.91032, 75.1883, 5, -28, '2021-02-10 17:48:43'),
	(493, 2, 177.797, 22, 'C', 3.91032, 75.1792, 5, -26, '2021-02-10 17:48:50'),
	(494, 2, 177.803, 22, 'C', 3.92597, 75.1822, 5, -29, '2021-02-10 17:48:58'),
	(495, 2, 177.801, 22, 'C', 3.91554, 75.181, 5, -29, '2021-02-10 17:49:05'),
	(496, 2, 177.789, 22, 'C', 3.92075, 75.1758, 5, -30, '2021-02-10 17:49:11'),
	(497, 2, 177.792, 22, 'C', 3.91554, 75.1768, 5, -29, '2021-02-10 17:49:18'),
	(498, 2, 177.81, 22, 'C', 3.91554, 75.185, 5, -28, '2021-02-10 17:49:26'),
	(499, 2, 177.813, 22, 'C', 3.91554, 75.1864, 5, -29, '2021-02-10 17:49:33'),
	(500, 2, 177.817, 22, 'C', 3.91554, 75.1882, 5, -29, '2021-02-10 17:49:40'),
	(501, 2, 177.822, 22, 'C', 3.91032, 75.1902, 5, -30, '2021-02-10 17:49:48'),
	(502, 2, 177.803, 22, 'C', 3.91554, 75.182, 5, -30, '2021-02-10 17:49:54'),
	(503, 2, 177.788, 22, 'C', 3.91032, 75.1752, 5, -28, '2021-02-10 17:50:01'),
	(504, 2, 177.821, 22, 'C', 3.91554, 75.1898, 5, -28, '2021-02-10 17:50:08'),
	(505, 2, 177.83, 22, 'C', 3.91032, 75.1939, 5, -29, '2021-02-10 17:50:15'),
	(506, 2, 177.801, 22, 'C', 3.91032, 75.181, 5, -28, '2021-02-10 17:50:22'),
	(507, 2, 177.82, 22, 'C', 3.91032, 75.1894, 5, -30, '2021-02-10 17:50:29'),
	(508, 2, 177.835, 22, 'C', 3.91032, 75.1963, 5, -28, '2021-02-10 17:50:35'),
	(509, 2, 177.826, 22, 'C', 3.91032, 75.1923, 5, -28, '2021-02-10 17:50:43'),
	(510, 2, 177.841, 22, 'C', 3.91032, 75.199, 5, -28, '2021-02-10 17:50:49'),
	(511, 2, 177.823, 22, 'C', 3.91554, 75.1908, 5, -28, '2021-02-10 17:50:56'),
	(512, 2, 177.827, 22, 'C', 3.91554, 75.1929, 5, -26, '2021-02-10 17:51:03'),
	(513, 2, 177.799, 22, 'C', 3.91554, 75.1801, 5, -28, '2021-02-10 17:51:10'),
	(514, 2, 177.824, 22, 'C', 3.91554, 75.1913, 5, -29, '2021-02-10 17:51:16'),
	(515, 2, 177.807, 22, 'C', 3.91554, 75.1839, 5, -28, '2021-02-10 17:51:22'),
	(516, 2, 177.823, 22, 'C', 3.92075, 75.1909, 5, -28, '2021-02-10 17:51:29'),
	(517, 2, 177.798, 22, 'C', 3.91032, 75.1798, 5, -28, '2021-02-10 17:51:36'),
	(518, 2, 177.824, 22, 'C', 3.91554, 75.1911, 5, -28, '2021-02-10 17:51:43'),
	(519, 2, 177.809, 22, 'C', 3.91554, 75.1847, 5, -28, '2021-02-10 17:51:50'),
	(520, 2, 177.829, 22, 'C', 3.91554, 75.1935, 5, -28, '2021-02-10 17:51:57'),
	(521, 2, 177.819, 22, 'C', 3.91554, 75.1891, 5, -28, '2021-02-10 17:52:05'),
	(522, 2, 177.837, 22, 'C', 3.91554, 75.1974, 5, -28, '2021-02-10 17:52:15'),
	(523, 2, 177.843, 22, 'C', 3.91032, 75.1999, 5, -28, '2021-02-10 17:52:21'),
	(524, 2, 177.813, 22, 'C', 3.91032, 75.1863, 5, -28, '2021-02-10 17:52:28'),
	(525, 2, 177.807, 22, 'C', 3.91032, 75.1836, 5, -28, '2021-02-10 17:52:36'),
	(526, 2, 177.822, 22, 'C', 3.91032, 75.1905, 5, -28, '2021-02-10 17:52:43'),
	(527, 2, 177.8, 22, 'C', 3.91554, 75.1806, 5, -29, '2021-02-10 17:52:49'),
	(528, 2, 177.804, 22, 'C', 3.91554, 75.1823, 5, -29, '2021-02-10 17:52:57'),
	(529, 2, 177.814, 22, 'C', 3.91032, 75.1871, 5, -28, '2021-02-10 17:53:04'),
	(530, 2, 177.826, 22, 'C', 3.91554, 75.1924, 5, -27, '2021-02-10 17:53:11'),
	(531, 2, 177.804, 22, 'C', 3.91032, 75.1823, 5, -28, '2021-02-10 17:53:18'),
	(532, 2, 177.786, 22, 'C', 3.91032, 75.1744, 5, -28, '2021-02-10 17:53:26'),
	(533, 2, 177.788, 22, 'C', 3.91032, 75.175, 5, -29, '2021-02-10 17:53:33'),
	(534, 2, 177.812, 22, 'C', 3.91554, 75.1862, 5, -28, '2021-02-10 17:53:40'),
	(535, 2, 177.816, 22, 'C', 3.91554, 75.1877, 5, -29, '2021-02-10 17:53:47'),
	(536, 2, 177.808, 22, 'C', 3.91554, 75.1842, 5, -28, '2021-02-10 17:53:54'),
	(537, 2, 177.803, 22, 'C', 3.91554, 75.1819, 5, -28, '2021-02-10 17:54:01'),
	(538, 2, 177.809, 22, 'C', 3.91554, 75.1848, 5, -28, '2021-02-10 17:54:07'),
	(539, 2, 177.815, 22, 'C', 3.91554, 75.1871, 5, -29, '2021-02-10 17:54:14'),
	(540, 2, 177.833, 22, 'C', 3.92597, 75.1955, 5, -29, '2021-02-10 17:54:25'),
	(541, 2, 177.798, 22, 'C', 3.91554, 75.1799, 5, -26, '2021-02-10 17:54:32'),
	(542, 2, 177.793, 22, 'C', 3.92075, 75.1774, 5, -30, '2021-02-10 17:54:38'),
	(543, 2, 177.794, 22, 'C', 3.91554, 75.1781, 5, -27, '2021-02-10 17:54:45'),
	(544, 2, 177.815, 22, 'C', 3.92075, 75.1872, 5, -29, '2021-02-10 17:54:53'),
	(545, 2, 177.795, 22, 'C', 3.91032, 75.1783, 5, -28, '2021-02-10 17:55:00'),
	(546, 2, 177.802, 22, 'C', 3.91032, 75.1815, 5, -28, '2021-02-10 17:55:07'),
	(547, 2, 177.827, 22, 'C', 3.91032, 75.1925, 5, -28, '2021-02-10 17:55:14'),
	(548, 2, 177.799, 22, 'C', 3.91554, 75.1803, 5, -29, '2021-02-10 17:55:22'),
	(549, 2, 177.813, 22, 'C', 3.91554, 75.1866, 5, -28, '2021-02-10 17:55:28'),
	(550, 2, 177.803, 22, 'C', 3.92075, 75.1819, 5, -28, '2021-02-10 17:55:35'),
	(551, 2, 177.829, 22, 'C', 3.91554, 75.1936, 5, -29, '2021-02-10 17:55:41'),
	(552, 2, 177.798, 22, 'C', 3.91554, 75.1798, 5, -27, '2021-02-10 17:55:48'),
	(553, 2, 177.837, 22, 'C', 3.91032, 75.1969, 5, -28, '2021-02-10 17:55:55'),
	(554, 2, 177.818, 22, 'C', 3.91032, 75.1886, 5, -28, '2021-02-10 17:56:02'),
	(555, 2, 177.809, 22, 'C', 3.91032, 75.1846, 5, -28, '2021-02-10 17:56:10'),
	(556, 2, 177.815, 22, 'C', 3.91032, 75.1875, 5, -29, '2021-02-10 17:56:17'),
	(557, 2, 177.84, 22, 'C', 3.91032, 75.1983, 5, -29, '2021-02-10 17:56:24'),
	(558, 2, 177.809, 22, 'C', 3.91032, 75.1849, 5, -29, '2021-02-10 17:56:31'),
	(559, 2, 177.825, 22, 'C', 3.91554, 75.1918, 5, -27, '2021-02-10 17:56:39'),
	(560, 2, 177.831, 22, 'C', 3.91554, 75.1946, 5, -29, '2021-02-10 17:56:46'),
	(561, 2, 177.823, 22, 'C', 3.91032, 75.1909, 5, -28, '2021-02-10 17:56:53'),
	(562, 2, 177.819, 22, 'C', 3.91032, 75.1893, 5, -29, '2021-02-10 17:57:00'),
	(563, 2, 177.806, 22, 'C', 3.91554, 75.1835, 5, -28, '2021-02-10 17:57:11'),
	(564, 2, 177.838, 22, 'C', 3.91554, 75.1978, 5, -28, '2021-02-10 17:57:21'),
	(565, 2, 177.842, 22, 'C', 3.91554, 75.1994, 5, -29, '2021-02-10 17:57:27'),
	(566, 2, 177.816, 22, 'C', 3.92597, 75.1879, 5, -29, '2021-02-10 17:57:33'),
	(567, 2, 177.807, 22, 'C', 3.91032, 75.1838, 5, -29, '2021-02-10 17:57:41'),
	(568, 2, 177.812, 22, 'C', 3.91032, 75.1858, 5, -29, '2021-02-10 17:57:48'),
	(569, 2, 177.796, 22, 'C', 3.91032, 75.1786, 5, -29, '2021-02-10 17:57:55'),
	(570, 2, 177.79, 22, 'C', 3.91554, 75.1759, 5, -29, '2021-02-10 17:58:01'),
	(571, 2, 177.831, 22, 'C', 3.91554, 75.1943, 5, -28, '2021-02-10 17:58:09'),
	(572, 2, 177.838, 22, 'C', 3.91554, 75.1974, 5, -28, '2021-02-10 17:58:16'),
	(573, 2, 177.809, 22, 'C', 3.91032, 75.1844, 5, -29, '2021-02-10 17:58:23'),
	(574, 2, 177.818, 22, 'C', 3.91554, 75.1885, 5, -29, '2021-02-10 17:58:30'),
	(575, 2, 177.824, 22, 'C', 3.91554, 75.1914, 5, -28, '2021-02-10 17:58:37'),
	(576, 2, 177.804, 22, 'C', 3.91554, 75.1825, 5, -29, '2021-02-10 17:58:44'),
	(577, 2, 177.793, 22, 'C', 3.91554, 75.1775, 5, -28, '2021-02-10 17:58:51'),
	(578, 2, 177.828, 22, 'C', 3.91032, 75.1931, 5, -29, '2021-02-10 17:58:57'),
	(579, 2, 177.862, 22, 'C', 3.91032, 75.2082, 5, -28, '2021-02-10 17:59:05'),
	(580, 2, 177.831, 22, 'C', 3.91032, 75.1943, 5, -27, '2021-02-10 17:59:12'),
	(581, 2, 177.823, 22, 'C', 3.91554, 75.1909, 5, -28, '2021-02-10 17:59:19'),
	(582, 2, 177.811, 22, 'C', 3.91554, 75.1857, 5, -28, '2021-02-10 17:59:25'),
	(583, 2, 177.853, 22, 'C', 3.91032, 75.2044, 5, -29, '2021-02-10 17:59:33'),
	(584, 2, 177.821, 22, 'C', 3.91554, 75.19, 5, -30, '2021-02-10 17:59:40'),
	(585, 2, 177.813, 22, 'C', 3.91554, 75.1862, 5, -28, '2021-02-10 17:59:47'),
	(586, 2, 177.839, 22, 'C', 3.91554, 75.1981, 5, -29, '2021-02-10 17:59:55'),
	(587, 2, 177.824, 22, 'C', 3.91554, 75.1914, 5, -28, '2021-02-10 18:00:02'),
	(588, 2, 177.811, 22, 'C', 3.91032, 75.1858, 5, -28, '2021-02-10 18:00:09'),
	(589, 2, 177.829, 22, 'C', 3.91554, 75.1937, 5, -27, '2021-02-10 18:00:16'),
	(590, 2, 177.817, 22, 'C', 3.91032, 75.1881, 5, -26, '2021-02-10 18:00:24'),
	(591, 2, 177.85, 22, 'C', 3.91032, 75.203, 5, -27, '2021-02-10 18:00:31'),
	(592, 2, 177.822, 22, 'C', 3.91032, 75.1903, 5, -27, '2021-02-10 18:00:38'),
	(593, 2, 177.809, 22, 'C', 3.91032, 75.1848, 5, -28, '2021-02-10 18:00:48'),
	(594, 2, 177.82, 22, 'C', 3.91554, 75.1895, 5, -28, '2021-02-10 18:00:55'),
	(595, 2, 177.805, 22, 'C', 3.91032, 75.1831, 5, -27, '2021-02-10 18:01:02'),
	(596, 2, 177.832, 22, 'C', 3.91032, 75.1949, 5, -27, '2021-02-10 18:01:09'),
	(597, 2, 177.843, 22, 'C', 3.91554, 75.1997, 5, -27, '2021-02-10 18:01:16'),
	(598, 2, 177.827, 22, 'C', 3.91554, 75.1927, 5, -27, '2021-02-10 18:01:24'),
	(599, 2, 177.816, 22, 'C', 3.91554, 75.1876, 5, -27, '2021-02-10 18:01:31'),
	(600, 2, 177.815, 22, 'C', 3.91032, 75.1872, 5, -27, '2021-02-10 18:01:38'),
	(601, 2, 177.824, 22, 'C', 3.91032, 75.1914, 5, -27, '2021-02-10 18:01:45'),
	(602, 2, 177.812, 22, 'C', 3.91554, 75.1862, 5, -27, '2021-02-10 18:01:52'),
	(603, 2, 177.817, 22, 'C', 3.91032, 75.1882, 5, -27, '2021-02-10 18:01:59'),
	(604, 2, 177.807, 22, 'C', 3.91032, 75.1836, 5, -27, '2021-02-10 18:02:06'),
	(605, 2, 177.817, 22, 'C', 3.91032, 75.1883, 5, -27, '2021-02-10 18:02:13'),
	(606, 2, 177.845, 22, 'C', 3.91554, 75.2008, 5, -28, '2021-02-10 18:02:21'),
	(607, 2, 177.807, 22, 'C', 3.91032, 75.1838, 5, -28, '2021-02-10 18:02:28'),
	(608, 2, 177.815, 22, 'C', 3.91032, 75.1874, 5, -27, '2021-02-10 18:02:35'),
	(609, 2, 177.819, 22, 'C', 3.91032, 75.1893, 5, -27, '2021-02-10 18:02:42'),
	(610, 2, 177.809, 22, 'C', 3.91554, 75.1844, 5, -27, '2021-02-10 18:02:50'),
	(611, 2, 177.804, 22, 'C', 3.91032, 75.1823, 5, -27, '2021-02-10 18:02:57'),
	(612, 2, 177.801, 22, 'C', 3.91032, 75.1809, 5, -28, '2021-02-10 18:03:04'),
	(613, 2, 177.85, 22, 'C', 3.91032, 75.2028, 5, -26, '2021-02-10 18:03:10'),
	(614, 2, 177.811, 22, 'C', 3.91032, 75.1857, 5, -28, '2021-02-10 18:03:17'),
	(615, 2, 177.822, 22, 'C', 3.91032, 75.1902, 5, -28, '2021-02-10 18:03:23'),
	(616, 2, 177.824, 22, 'C', 3.91032, 75.1913, 5, -27, '2021-02-10 18:03:30'),
	(617, 2, 177.821, 22, 'C', 3.91032, 75.19, 5, -27, '2021-02-10 18:03:37'),
	(618, 2, 177.825, 22, 'C', 3.91554, 75.1917, 5, -28, '2021-02-10 18:03:48'),
	(619, 2, 177.852, 22, 'C', 3.91554, 75.2039, 5, -28, '2021-02-10 18:03:55'),
	(620, 2, 177.838, 22, 'C', 3.91554, 75.1976, 5, -27, '2021-02-10 18:04:02'),
	(621, 2, 177.828, 22, 'C', 3.91554, 75.1933, 5, -27, '2021-02-10 18:04:09'),
	(622, 2, 177.811, 22, 'C', 3.91032, 75.1857, 5, -28, '2021-02-10 18:04:17'),
	(623, 2, 177.812, 22, 'C', 3.92075, 75.1861, 5, -27, '2021-02-10 18:04:23'),
	(624, 2, 177.819, 22, 'C', 3.91554, 75.1891, 5, -27, '2021-02-10 18:04:30'),
	(625, 2, 177.825, 22, 'C', 3.91032, 75.1916, 5, -27, '2021-02-10 18:04:36'),
	(626, 2, 177.817, 22, 'C', 3.91032, 75.1884, 5, -27, '2021-02-10 18:04:44'),
	(627, 2, 177.823, 22, 'C', 3.91032, 75.1909, 5, -27, '2021-02-10 18:04:51'),
	(628, 2, 177.827, 22, 'C', 3.91032, 75.1927, 5, -27, '2021-02-10 18:04:58'),
	(629, 2, 177.844, 22, 'C', 3.91032, 75.2001, 5, -28, '2021-02-10 18:05:05'),
	(630, 2, 177.85, 22, 'C', 3.91554, 75.203, 5, -27, '2021-02-10 18:05:12'),
	(631, 2, 177.813, 22, 'C', 3.91554, 75.1866, 5, -28, '2021-02-10 18:05:19'),
	(632, 2, 177.839, 22, 'C', 3.92075, 75.1979, 5, -29, '2021-02-10 18:05:25'),
	(633, 2, 177.827, 22, 'C', 3.91554, 75.1928, 5, -28, '2021-02-10 18:05:31'),
	(634, 2, 177.84, 22, 'C', 3.91032, 75.1985, 5, -28, '2021-02-10 18:05:39'),
	(635, 2, 177.818, 22, 'C', 3.91032, 75.1887, 5, -28, '2021-02-10 18:05:46'),
	(636, 2, 177.842, 22, 'C', 3.91554, 75.1995, 5, -28, '2021-02-10 18:05:52'),
	(637, 2, 177.819, 22, 'C', 3.91032, 75.1891, 5, -28, '2021-02-10 18:06:00'),
	(638, 2, 177.851, 22, 'C', 3.92597, 75.2035, 5, -29, '2021-02-10 18:06:06'),
	(639, 2, 177.837, 22, 'C', 3.92075, 75.1971, 5, -29, '2021-02-10 18:06:12'),
	(640, 2, 177.85, 22, 'C', 3.91032, 75.2029, 5, -28, '2021-02-10 18:06:19'),
	(641, 2, 177.837, 22, 'C', 3.92075, 75.197, 5, -27, '2021-02-10 18:06:26'),
	(642, 2, 177.839, 22, 'C', 3.91032, 75.198, 5, -28, '2021-02-10 18:06:33'),
	(643, 2, 177.806, 22, 'C', 3.91032, 75.1834, 5, -28, '2021-02-10 18:06:40'),
	(644, 2, 177.841, 22, 'C', 3.91032, 75.1989, 5, -29, '2021-02-10 18:06:46'),
	(645, 2, 177.84, 22, 'C', 3.91554, 75.1986, 5, -28, '2021-02-10 18:06:54'),
	(646, 2, 35.9363, 21, 'C', 3.8269, 5.56217, 5, -38, '2021-02-10 18:57:35'),
	(647, 2, 55.031, 21, 'C', 3.84776, 15.6595, 5, -40, '2021-02-10 18:57:43'),
	(648, 2, 80.8378, 21, 'C', 3.85297, 28.9469, 5, -36, '2021-02-10 18:57:50'),
	(649, 2, 22.4079, 21, 'C', 3.85297, -1.72845, 5, -47, '2021-02-10 18:57:57'),
	(650, 2, 13.5524, 21, 'C', 3.85297, -6.56224, 5, -37, '2021-02-10 18:58:04'),
	(651, 2, 50.4672, 21, 'C', 3.85819, 13.2667, 5, -42, '2021-02-10 18:58:12'),
	(652, 2, 29.4114, 21, 'C', 3.85297, 2.06, 5, -36, '2021-02-10 18:58:18'),
	(653, 2, 18.1605, 21, 'C', 3.80605, -4.04083, 5, -35, '2021-02-10 18:58:25');
/*!40000 ALTER TABLE `sondas_data` ENABLE KEYS */;

-- Volcando estructura para tabla cervecero.users
CREATE TABLE IF NOT EXISTS `users` (
  `id_User` int(11) unsigned NOT NULL AUTO_INCREMENT,
  `user_Name` varchar(255) CHARACTER SET utf8mb4 COLLATE utf8mb4_unicode_ci DEFAULT NULL,
  `phone` varchar(100) CHARACTER SET utf8mb4 COLLATE utf8mb4_unicode_ci DEFAULT NULL,
  `pass` varchar(60) COLLATE utf8_unicode_ci NOT NULL,
  `email` varchar(60) COLLATE utf8_unicode_ci NOT NULL,
  PRIMARY KEY (`id_User`)
) ENGINE=InnoDB AUTO_INCREMENT=2 DEFAULT CHARSET=utf8 COLLATE=utf8_unicode_ci;

-- Volcando datos para la tabla cervecero.users: ~1 rows (aproximadamente)
DELETE FROM `users`;
/*!40000 ALTER TABLE `users` DISABLE KEYS */;
INSERT INTO `users` (`id_User`, `user_Name`, `phone`, `pass`, `email`) VALUES
	(1, 'Kerjox', '111111111', '$2y$10$cU.9SseE4nD18djgbCLx8OqiVMBztjTh37VdRNBpOFxQXk3yrFKMm', 'alcachofa@gmail.com');
/*!40000 ALTER TABLE `users` ENABLE KEYS */;

/*!40101 SET SQL_MODE=IFNULL(@OLD_SQL_MODE, '') */;
/*!40014 SET FOREIGN_KEY_CHECKS=IF(@OLD_FOREIGN_KEY_CHECKS IS NULL, 1, @OLD_FOREIGN_KEY_CHECKS) */;
/*!40101 SET CHARACTER_SET_CLIENT=@OLD_CHARACTER_SET_CLIENT */;
/*!40111 SET SQL_NOTES=@OLD_SQL_NOTES */;
